path,size_bytes,sha256
.gitattributes,127,96b669e79ebbb505b0fb1ebbf9ecb71066e3100141e448d67cc679534f705db1
.github/workflows/verify-snapshot.yml,901,7468068e6c648bb648744078a4aa84c613269626a557bbb3211b0b0d1d4b0745
.gitignore,58,0edd55f8820b75a68d1e344fbf3abf3d97b4da8d38d63767af1831079ddfcb42
DATA_SOURCES_AND_LICENSES.md,2191,282afe37121a3c2b9d760dccbaf79d9c16cef6d224931f41c9cb5c4cd7d047c4
LICENSE,1481,833d4c13a20c0eeecd8919120a4c74c4b948de7d98a023792c7f4ccd9e1e4012
MANIFEST_SUMMARY.json,373,66d9642af14e0bcb7f197118276297986b40385cbcbcb3da120b096133d8516b
README.md,1140,59bc3bc981847fe3edc64a5b6f1798e4851e7c3860e125b6353b1fb210f467b8
README_ANONYMOUS_PACKAGE.md,4821,746c35afd0db13e2f4b3e025861f5d3611b405f0db73ed344b66aec9f637e7e6
README_REPRODUCE.md,8805,de05c70a58316c21edc47e4cbc83bb0c93ffce12a637e7e8234d5d911626094e
REVIEW_SNAPSHOT_CHANGELOG_20260814.md,1733,4cada4611b5c1ba991e88c5744bd4575702ec3224e36eab89665cb2cf986c8c7
REVIEW_SNAPSHOT_CHANGELOG_20260815.md,1312,088fc23e6508acb4656b154a5e355e0bb99f46eafa06afbfe1b2ecf600f43e2c
data/autosurvey_native_outputs/Q01_autosurvey_native_20260419_010058.outline.md,6696,032c4316b88afc1fc5d12bd8976c3953942a559e1224eb9f2aff6bac8ef4759b
data/autosurvey_native_outputs/Q01_autosurvey_native_20260419_010058.status.json,354,d58f2801ba7f189865c0eb7247cea6a4da4a46ddc19e980fc12b427e0309254b
data/autosurvey_native_outputs/Q01_autosurvey_native_20260419_010400.json,35112,7051d831cb4e2db16c497c81c0578e3471be74f479a70adfe21d4034caa020ca
data/autosurvey_native_outputs/Q01_autosurvey_native_20260419_010400.md,45816,3e6aade05f340168c44733ab77dbdcaa38125308b34ed5e3311b123f8aa2991b
data/autosurvey_native_outputs/Q01_autosurvey_native_20260419_010400.outline.md,8842,b8d1153ce20ed7c835f7065e87cbed0d29be3bb3bd2ca4d98595a323544fc5fb
data/autosurvey_native_outputs/Q01_autosurvey_native_20260419_010400.raw.json,33219,dbcf263fcf4650b54ef2e5e50eaa5cceee0219663f6615072d3c122ce2beebde
data/autosurvey_native_outputs/Q01_autosurvey_native_20260419_010400.raw.md,45816,3e6aade05f340168c44733ab77dbdcaa38125308b34ed5e3311b123f8aa2991b
data/autosurvey_native_outputs/Q01_autosurvey_native_20260419_010400.status.json,478,b7dc51a9bdcaf873d31d6a863550371a1f656c74f1cbf8df50cf5a38f8be5e0d
data/autosurvey_native_outputs/Q01_autosurvey_native_nocheck_20260419_014123.json,33954,04600e2b1c94be6181f590a1ecb61c8f9350dda275ba7cc845818565d4c21d6c
data/autosurvey_native_outputs/Q01_autosurvey_native_nocheck_20260419_014123.md,51687,a7f6dabcfd541a7af44ad4db38e246e6da75742192634d2210e01395008d8008
data/autosurvey_native_outputs/Q01_autosurvey_native_nocheck_20260419_014123.outline.md,6833,5fe5333610634e920a5d72e63e889c9251c3e82b57194db5d81acc8baccafe3f
data/autosurvey_native_outputs/Q01_autosurvey_native_nocheck_20260419_014123.raw.json,31784,78ae97c0522d7d408938e4b3ffaae6348a6f4be1d0c56a09c8bfaf7bbd8e1ec6
data/autosurvey_native_outputs/Q01_autosurvey_native_nocheck_20260419_014123.raw.md,45751,8f5186689d1e7ffc78acaadd7bb9dba3ffa0d75f3d057fcbcf4a318df4dc0f3e
data/autosurvey_native_outputs/Q01_autosurvey_native_nocheck_20260419_014123.status.json,496,730834505804992e181b116694e3a3ec86a25b839e095ca5529344d43b00d1ed
data/autosurvey_native_outputs/Q02_autosurvey_native_20260419_014115.json,32086,6baf9d478dc5e3fff406d0772fa158fdca12d8735ce7656bf9aa71d50e067542
data/autosurvey_native_outputs/Q02_autosurvey_native_20260419_014115.md,53518,7adf9c31afdf3c39652d96cd86c7f6bda4c3ee8510c4e8b9887e3a0c7f6b91f9
data/autosurvey_native_outputs/Q02_autosurvey_native_20260419_014115.nocheck.md,49522,2ef4d0c012553ab40a64f2ff584ffe4624ea6616b48972705b496d909ce3276a
data/autosurvey_native_outputs/Q02_autosurvey_native_20260419_014115.outline.md,6737,68e8e6f67a2f53efe33f525241d3f96a63792588156f70f8a4e7da3e92429a18
data/autosurvey_native_outputs/Q02_autosurvey_native_20260419_014115.raw.json,30114,757731f4a40651abf5c0db002e7c1c3efc5f6ed45b9852a171e73a602162cf05
data/autosurvey_native_outputs/Q02_autosurvey_native_20260419_014115.raw.md,49522,2ef4d0c012553ab40a64f2ff584ffe4624ea6616b48972705b496d909ce3276a
data/autosurvey_native_outputs/Q02_autosurvey_native_20260419_014115.status.json,474,11eed6190ecbf866661668228151ba0b55825883be7f9475c41a9c59e5a900a2
data/autosurvey_native_outputs/Q02_autosurvey_native_nocheck_20260419_083929.json,31386,bce4faf419ae650960f577264ce7039345f1ade9f93679312b0f2a7f3701de81
data/autosurvey_native_outputs/Q02_autosurvey_native_nocheck_20260419_083929.md,41837,b2d98bbe57dd1ac281d8242c0d189485261c80fd47ce8e879631bf10165dc6fb
data/autosurvey_native_outputs/Q02_autosurvey_native_nocheck_20260419_083929.outline.md,6619,5109956c9f391b90d2c66e97fbe083a606c26ad425eeb26897adeaed0a349adf
data/autosurvey_native_outputs/Q02_autosurvey_native_nocheck_20260419_083929.raw.json,29566,c4cb06a40837d0ca44fb657bf62d35e7ca3cefa1e0a44dfc92d61e1cc2f6790a
data/autosurvey_native_outputs/Q02_autosurvey_native_nocheck_20260419_083929.raw.md,37807,2ca8306c722f94ad6e201715a942990ef8cb07156eff27cbf050a5ad9c512794
data/autosurvey_native_outputs/Q02_autosurvey_native_nocheck_20260419_083929.status.json,488,3aace0bddc0fd2f46460eb68a183bc838b56fba48209e55c729ac38cf2010de8
data/autosurvey_native_outputs/Q03_autosurvey_native_20260419_084437.json,34795,f727d79006d1358d1e2fc2aff20b415dfc65379c4609cf3fd37998bd3b461da3
data/autosurvey_native_outputs/Q03_autosurvey_native_20260419_084437.md,65120,ad2b732a4a5ed90b1aab74d2178651b79932b27e77c93d9a45042cf548ec0593
data/autosurvey_native_outputs/Q03_autosurvey_native_20260419_084437.nocheck.md,59047,20a190658977cae3e146176caf5e14e830ef88d8fe295c35da901d1155cd5b52
data/autosurvey_native_outputs/Q03_autosurvey_native_20260419_084437.outline.md,6735,0e18172a8d5f2281eb119539ce8672cbbd77000a0251b4fe3fde354998116b38
data/autosurvey_native_outputs/Q03_autosurvey_native_20260419_084437.raw.json,32175,befc068890ffa56f89e389aeeb853b999f86c0ff6fefea0513aa1385882db5e5
data/autosurvey_native_outputs/Q03_autosurvey_native_20260419_084437.raw.md,59047,808db9269c3d47cae14a86ca7af1c1a0258a7252b6579e5045abf4e481e870af
data/autosurvey_native_outputs/Q03_autosurvey_native_20260419_084437.status.json,490,667362c8e48529292b09dde2fb1942676621d8e35653b3abd2248fc82ebc5658
data/autosurvey_native_outputs/Q03_autosurvey_native_nocheck_20260419_084813.json,34172,32168d27550947c9d474c4a67dd04ed319ef523d90d23ac86f60df3ca57afedc
data/autosurvey_native_outputs/Q03_autosurvey_native_nocheck_20260419_084813.md,64931,218923b96f431fb3c960718024816062561b6ebb97e5eb96bedf04ed1e023cb3
data/autosurvey_native_outputs/Q03_autosurvey_native_nocheck_20260419_084813.outline.md,6707,33628451ced989217963c5e25590a1627e3f62e68a828a8c93c7a9aaa392f689
data/autosurvey_native_outputs/Q03_autosurvey_native_nocheck_20260419_084813.raw.json,31834,8fdcf4050c201a000f39392a0b18b2614cdce3324cf9eace19b2db92d6d5eeed
data/autosurvey_native_outputs/Q03_autosurvey_native_nocheck_20260419_084813.raw.md,57324,5ea7d6f8cea2de36dcb361f0a9564f3a08d350cb13430e63160d7304201113b1
data/autosurvey_native_outputs/Q03_autosurvey_native_nocheck_20260419_084813.status.json,506,3e134d8149f3d6e585e57452656ac8a747d20f68bcb1187fc21044de461f69e1
data/autosurvey_native_outputs/Q04_autosurvey_native_20260419_085732.json,38895,196c6a255cabe9ff807878f01fd0548c7bba2fb477037191d92e855b14e2576a
data/autosurvey_native_outputs/Q04_autosurvey_native_20260419_085732.md,76913,2ad7c82f02ecc254e71d47bcfc15eadc29a090aeab40551602006d29ff0be8e6
data/autosurvey_native_outputs/Q04_autosurvey_native_20260419_085732.nocheck.md,71062,51d28b1b77ab581a06afe565b76b3a6538d0d29c77885dcf7c11d5b6da27dbdb
data/autosurvey_native_outputs/Q04_autosurvey_native_20260419_085732.outline.md,8266,597eb9c05b674a6eb0a3be46074a398cef99489ac73dddba75511cd80a243825
data/autosurvey_native_outputs/Q04_autosurvey_native_20260419_085732.raw.json,35278,59821cb03b252731871f2e8b5e788ac6e184c73b10865c11e0c98b7754715723
data/autosurvey_native_outputs/Q04_autosurvey_native_20260419_085732.raw.md,71063,0b4a3c5bfe2016e718a9961a598fe8ff4536fbc52fc48e1007c607bbe7d15448
data/autosurvey_native_outputs/Q04_autosurvey_native_20260419_085732.status.json,474,d485514efa2d3cb534da72dce9eb9bfd7def8f205f974de45d442d26dc5a537b
data/autosurvey_native_outputs/Q04_autosurvey_native_nocheck_20260419_085814.json,38523,ebea7d11d017b188419978475c5c75046b715ae61906d7e7a879e86de7df35b3
data/autosurvey_native_outputs/Q04_autosurvey_native_nocheck_20260419_085814.md,78798,8027f17c4c78eaf930a065bc281f2bb6ed14e85eff5a38b291c3cd9b689c06b7
data/autosurvey_native_outputs/Q04_autosurvey_native_nocheck_20260419_085814.outline.md,8302,74519d1a66d0166f6e09c53f7fc173a1e350088a24b9169a14973196818a6cbe
data/autosurvey_native_outputs/Q04_autosurvey_native_nocheck_20260419_085814.raw.json,35034,1645edcc7b68db9be6d120f3ef8f1343eb547cdb8ce87a3490769260f42e9350
data/autosurvey_native_outputs/Q04_autosurvey_native_nocheck_20260419_085814.raw.md,70539,549d2c8d2490deeb36c256a581e64388298b8c9371efa307f95294c4b067ea3d
data/autosurvey_native_outputs/Q04_autosurvey_native_nocheck_20260419_085814.status.json,490,513194296fd2775fc2a116224d7ea0748a25715cdaed43fccb15cd414ef0e6f4
data/autosurvey_native_outputs/Q05_autosurvey_native_20260419_091318.json,35428,d5e0d113f501575277cda53c2927182f2c5d1c51ee835f1f589e13a96a1857d6
data/autosurvey_native_outputs/Q05_autosurvey_native_20260419_091318.md,46797,ff03c164bd45c2778b007fbfbd82c272791075360ec11764ed78e9c03e105b37
data/autosurvey_native_outputs/Q05_autosurvey_native_20260419_091318.nocheck.md,41609,a673189bad7b68e948e62222b001c686ad4dcc0ba04dfa8e3b3468850e737469
data/autosurvey_native_outputs/Q05_autosurvey_native_20260419_091318.outline.md,6789,f47f6d5e0565bab88ceba27fe8159009d209aa7a3b3427b45de68c0ad40dcbb2
data/autosurvey_native_outputs/Q05_autosurvey_native_20260419_091318.raw.json,32784,dbc9ccad0c1810829b5c49bbc3343e69800436744be62fa8a1e9a4dbd17f8fd7
data/autosurvey_native_outputs/Q05_autosurvey_native_20260419_091318.raw.md,41563,d38aad768827c674a931339aa74e171ac7aaebadc857e43ebf7c06467d7e6ac8
data/autosurvey_native_outputs/Q05_autosurvey_native_20260419_091318.status.json,453,031fe7198007168fade314678cfe30e5d8f4eba72437d2111d565fa41d6163f1
data/autosurvey_native_outputs/Q05_autosurvey_native_nocheck_20260419_091132.json,35144,c7fd0d111dd3018ba13c171f27528bed9d42b55f4035387ebb7cb1e6871aae83
data/autosurvey_native_outputs/Q05_autosurvey_native_nocheck_20260419_091132.md,53220,41291a5baab243a32ab1523dac5d7cab190070f7ff8d62b7b6dcd7f6994b76f4
data/autosurvey_native_outputs/Q05_autosurvey_native_nocheck_20260419_091132.outline.md,6864,b33eef077c4fc68cfa984d4a6ff6afe17b2d4db30daaaa50f329bb5ff3d33a70
data/autosurvey_native_outputs/Q05_autosurvey_native_nocheck_20260419_091132.raw.json,32683,d7841feffda0811bb00f27baeeca6e3ac9670f45d0e9914d13a540e7e448314e
data/autosurvey_native_outputs/Q05_autosurvey_native_nocheck_20260419_091132.raw.md,45408,9769120ccebff90b5182ca2162913c812f4a242a381fd62e7aa749f0cc84cbbb
data/autosurvey_native_outputs/Q05_autosurvey_native_nocheck_20260419_091132.status.json,470,401c632f0f107a3e919b74b1e32e14560d80404d53ae709bbb90feb1ae372197
data/autosurvey_native_outputs/Q06_autosurvey_native_20260419_092241.json,42655,15dc304ee5ae6cc17913f9ea487cebed2fbf403cdd25d52728358e33707d66bb
data/autosurvey_native_outputs/Q06_autosurvey_native_20260419_092241.md,91658,33d027d930eecfc8427760919f11fefa0b633ca6bac3c18cd8d34c636250c2f8
data/autosurvey_native_outputs/Q06_autosurvey_native_20260419_092241.nocheck.md,83109,85daf14d25d37c0c90bd69110970881a73a3d05a8a742da78341007110c9ea63
data/autosurvey_native_outputs/Q06_autosurvey_native_20260419_092241.outline.md,8510,3addea3da5667a6729b9e9a40749f8d9bdc23922f0795e6797a5f1a23f075fc0
data/autosurvey_native_outputs/Q06_autosurvey_native_20260419_092241.raw.json,37587,190ced4eeec0ee3d6418b5f7d61f0e52898cbfb63b33a9063ed66d55aa267a22
data/autosurvey_native_outputs/Q06_autosurvey_native_20260419_092241.raw.md,83232,b2d0bb66f858549a127f6800275144f10b6cb6132b87ca85f07bd6a7b5fac2a3
data/autosurvey_native_outputs/Q06_autosurvey_native_20260419_092241.status.json,480,f18ef9de7bdfb76a6318a3b69cbbadb91668ef111cdb7d5f4461d1e899a81051
data/autosurvey_native_outputs/Q07_autosurvey_native_20260419_093800.json,38446,66171815151cee15bcf99d87fe18b07d7f0583278ecf94701e77677e8441303b
data/autosurvey_native_outputs/Q07_autosurvey_native_20260419_093800.md,87180,b05db439ce01fdf5a7362a994301d106584c0256924a1e15d5895115a4059641
data/autosurvey_native_outputs/Q07_autosurvey_native_20260419_093800.nocheck.md,77205,3b2dc422792900655182475efb0e7bd85ceae9c5bca9415e075cc60325bdbdad
data/autosurvey_native_outputs/Q07_autosurvey_native_20260419_093800.outline.md,8436,e8584ecc09d59c53d2e164460443d4d46c8d189615f019f1e57f7746ddc51dda
data/autosurvey_native_outputs/Q07_autosurvey_native_20260419_093800.raw.json,34177,0ff6a4d585c194016989359cc8203cabfdd191c2bd14daee08aa1c80297574b7
data/autosurvey_native_outputs/Q07_autosurvey_native_20260419_093800.raw.md,77205,3b2dc422792900655182475efb0e7bd85ceae9c5bca9415e075cc60325bdbdad
data/autosurvey_native_outputs/Q07_autosurvey_native_20260419_093800.status.json,483,4354f7a30109f14dc61c482a18fdebb6ef8043f63fb6096d5e5b261d8032be2a
data/autosurvey_native_outputs/Q08_autosurvey_native_20260419_095014.json,35195,65c1f4f928f9662aaede660db745b929fa2182240633dc0bcc8575eb5b7b2fd9
data/autosurvey_native_outputs/Q08_autosurvey_native_20260419_095014.md,62417,502917636f1fe8adcda8bbef6e2ce813a9f2f8b7a100c60d857a033730fd72e0
data/autosurvey_native_outputs/Q08_autosurvey_native_20260419_095014.nocheck.md,56788,2d38c74220e93f287f79845afc3d069c66de0ea739655897645157cfe55d0738
data/autosurvey_native_outputs/Q08_autosurvey_native_20260419_095014.outline.md,8041,dbf5fd8a8260ffbbc0a02a4ecf20c5de630d700a98a560eeccf0d2187ba662bf
data/autosurvey_native_outputs/Q08_autosurvey_native_20260419_095014.raw.json,32144,b64c1bc209ec3dc1daa985c5b5bc7e34383a1cc806d68ce2b4e1d7331a50d44c
data/autosurvey_native_outputs/Q08_autosurvey_native_20260419_095014.raw.md,56783,3faaecfa5690af3bc0ae8469c06efc4a08e2cd50c01bfe1fbafb457df6a569b8
data/autosurvey_native_outputs/Q08_autosurvey_native_20260419_095014.status.json,452,24f22490114be32c4515d7f5346ebe7fae7294d893e101f26a2f71b233b989fe
data/autosurvey_native_outputs/Q09_autosurvey_native_20260419_100111.json,30514,07682adeb6ed6fc332284b1b3ba238263e603ac2dbbd576ecd013212dd78e985
data/autosurvey_native_outputs/Q09_autosurvey_native_20260419_100111.md,49676,adf9645dd8ec3bfde3abbf2cad722691752ae77c916fec2705aee88eba8785e5
data/autosurvey_native_outputs/Q09_autosurvey_native_20260419_100111.nocheck.md,44105,0d09e1c1d904d9d722819c17c3febd27874149480d96cb32102a49c4e165fc3f
data/autosurvey_native_outputs/Q09_autosurvey_native_20260419_100111.outline.md,6765,d5bac319332d974a0cb166bd24eddef5efe9ee9beeab12a2353e5dab48cd294a
data/autosurvey_native_outputs/Q09_autosurvey_native_20260419_100111.raw.json,28538,e39b73976a88c65aa1c371e20eae37c562e61baa479bcb1836aec5331599ad31
data/autosurvey_native_outputs/Q09_autosurvey_native_20260419_100111.raw.md,44022,7013a296b0628d6ed9d32ee31e01a9139bf6c489c15a3c4895a3ffe4f1ad8c96
data/autosurvey_native_outputs/Q09_autosurvey_native_20260419_100111.status.json,478,c5d53c35bd7cbb403b19cb0292c1beec5323862907ae440bef70e9c89af13087
data/autosurvey_native_outputs/Q10_autosurvey_native_20260419_101058.json,36821,d63e16849e9df1c8950f54647a19fbee6e65efaa10ba7bbda63b1dcddaf45a21
data/autosurvey_native_outputs/Q10_autosurvey_native_20260419_101058.md,65217,70d04ff24555c22bfb3861e51a89633bbcedee10709c109464659dc0c80b12b0
data/autosurvey_native_outputs/Q10_autosurvey_native_20260419_101058.nocheck.md,57609,f27e20b5a3ac8ad03e8dc09ab8d77582adf3f09f64f52d457f3c0de72d31a20c
data/autosurvey_native_outputs/Q10_autosurvey_native_20260419_101058.outline.md,6857,9bc258a0a2ff4be9e93143089503c2ed69ab13f023eb533bf757fc89e7b6622b
data/autosurvey_native_outputs/Q10_autosurvey_native_20260419_101058.raw.json,33879,ba272cccf18395f12649b9b79c5fa208d80aa9a11a2707b718bcd3728a0b5076
data/autosurvey_native_outputs/Q10_autosurvey_native_20260419_101058.raw.md,57609,f27e20b5a3ac8ad03e8dc09ab8d77582adf3f09f64f52d457f3c0de72d31a20c
data/autosurvey_native_outputs/Q10_autosurvey_native_20260419_101058.status.json,460,7a26a9c57fc9b586ceeeb4169a6f78adeb4d5d5d5d6ba81b9b3f5a5194b50162
data/autosurvey_native_outputs/Q11_autosurvey_native_20260419_102443.json,33663,51a5d92bedd1994bb1aa4b77406ce60fdf3f46f9e77324b0d47db07be8de0313
data/autosurvey_native_outputs/Q11_autosurvey_native_20260419_102443.md,40399,fde5d24b4cd27f924fcbf9b923bcc5149749730a625bb08d3ec62d342d2bff9c
data/autosurvey_native_outputs/Q11_autosurvey_native_20260419_102443.nocheck.md,35535,5ef103ec9cbc24b81064a487743821992dac87ae9d7e5e4d2a1652ea3da54d5e
data/autosurvey_native_outputs/Q11_autosurvey_native_20260419_102443.outline.md,6837,b13c84d91de16ef543693f789b36ffebb1de02313ff07d9f031691cd419e4afe
data/autosurvey_native_outputs/Q11_autosurvey_native_20260419_102443.raw.json,31558,f4f15b36f805e354b8b4b062098d0751ffa329d9969f4e1647433d222f2f9a32
data/autosurvey_native_outputs/Q11_autosurvey_native_20260419_102443.raw.md,35610,926428c5edcc5d94709c59e6a91fe965130370e0524014404bc3b8ea108130a3
data/autosurvey_native_outputs/Q11_autosurvey_native_20260419_102443.status.json,457,ecf2b63ce1545575d5e7bdf6a5dfc8554af57969c6fcf4d5867a7a038cf9fc50
data/autosurvey_native_outputs/Q12_autosurvey_native_20260419_103323.json,28756,f7d991fb57a45cd52df2e45f5b9c201b72aa2f52cac4224610ba8e04057fcae2
data/autosurvey_native_outputs/Q12_autosurvey_native_20260419_103323.md,95321,d82967d4da58feac516f89c6682ff11267383401c691267718f9e09f556cf2c6
data/autosurvey_native_outputs/Q12_autosurvey_native_20260419_103323.nocheck.md,84279,66cffb756ae1b46b98701d720c6fb239deafb1590126cc1cf1b98eef271289f3
data/autosurvey_native_outputs/Q12_autosurvey_native_20260419_103323.outline.md,8064,9ee040a6fba45c44378f47b8fdab123059cd9240358ae7b547b83ef04afecf4c
data/autosurvey_native_outputs/Q12_autosurvey_native_20260419_103323.raw.json,25696,409d4df1123de54a0ea56fad10c82c2e6a7233bcc66c46f1628a776c4e49c383
data/autosurvey_native_outputs/Q12_autosurvey_native_20260419_103323.raw.md,84092,920d4e5ee2f1da0d58714b06763cffc9eed0a9b494306a2f9602ed57ad7975fb
data/autosurvey_native_outputs/Q12_autosurvey_native_20260419_103323.status.json,492,66cb397030e50b2a5ac48d12dee7a6d609b1f6c9a87b717e06ee4d9a633c955d
data/autosurvey_native_outputs/Q13_autosurvey_native_20260419_104725.json,33340,3f9c42d6d78bb32ace0609b7d9cfcbdbef2f61bc89bb9be992847279a1825b01
data/autosurvey_native_outputs/Q13_autosurvey_native_20260419_104725.md,49870,3214609e687172a19b22d53e3bd5994af93e3e1a156571a57018e231171911c9
data/autosurvey_native_outputs/Q13_autosurvey_native_20260419_104725.nocheck.md,44903,7925849166e556c6c8b4dc4a067b4b54c54bdbb79b3f0277db8043564426ddc8
data/autosurvey_native_outputs/Q13_autosurvey_native_20260419_104725.outline.md,6973,23dd53d1c802191c3fe40a4357a3b48363fea157e869185ce50e9f2ba7c1c780
data/autosurvey_native_outputs/Q13_autosurvey_native_20260419_104725.raw.json,30679,f7276ea6b9ba818b3f586475a8a113ace4f392451e894eeecec9dfd475b7a314
data/autosurvey_native_outputs/Q13_autosurvey_native_20260419_104725.raw.md,44899,c83e1ceb7035c027cfb2219f3d477e1a392343fcfb32b45bb92ebd08cb31b769
data/autosurvey_native_outputs/Q13_autosurvey_native_20260419_104725.status.json,478,27c603098c3906af482444676e0012fc803e901446d8197c33b0f1a24b9d0b06
data/autosurvey_native_outputs/Q14_autosurvey_native_20260419_105834.json,34391,a00f1ef6397d8caeebd4688f2e9d0ef577df3d5f93db0a03dc96f8991afa55c5
data/autosurvey_native_outputs/Q14_autosurvey_native_20260419_105834.md,45514,22ed4a2f2dc88056faf47ccce1317d4a7a53aa3c1b3afba0b1052484bf50bb3d
data/autosurvey_native_outputs/Q14_autosurvey_native_20260419_105834.nocheck.md,39948,fd27f3b95756ef1a909b0f02520e87b85cf1c5dbe3a85f6b6185cc6c112759f8
data/autosurvey_native_outputs/Q14_autosurvey_native_20260419_105834.outline.md,6790,ec0dc5410d3e16bfcf37d5aee02cece4ab8d3d05b47a7686da975cbfe11e7f07
data/autosurvey_native_outputs/Q14_autosurvey_native_20260419_105834.raw.json,31673,6f678cf5f8965bf0062993620d13d42705ac35d1653a912c3641c76aa58bd3bb
data/autosurvey_native_outputs/Q14_autosurvey_native_20260419_105834.raw.md,39944,2b62cc4db0eefe274b374d97892fd7155d1814df37a2c556531f29a83864e757
data/autosurvey_native_outputs/Q14_autosurvey_native_20260419_105834.status.json,484,ac0017904fe9ebc025c3562ac4887679c18e1baf72ca23fb66178a2426092914
data/autosurvey_native_outputs/Q15_autosurvey_native_20260419_110813.json,41321,81cfb9b30368650929c386249bb566e5d89f2abb7f165e6691d81832b7aa88a6
data/autosurvey_native_outputs/Q15_autosurvey_native_20260419_110813.md,48811,f8c274eba9a0ed7e69255f8f3771ef4760dd1f581dbbe4720c2b4099f152a942
data/autosurvey_native_outputs/Q15_autosurvey_native_20260419_110813.nocheck.md,43905,181d72421e36f41e628a11ff76fb313f4543d0ccb941e14d042189971dabea88
data/autosurvey_native_outputs/Q15_autosurvey_native_20260419_110813.outline.md,7034,ab6f3df9f91b9879214152c8d803d0b291123c8a01da1ca5a87b75d3f600ecab
data/autosurvey_native_outputs/Q15_autosurvey_native_20260419_110813.raw.json,38908,bdd9b87f06761071970462fece9c9b03a54acafeaee3bc850101170a612bc191
data/autosurvey_native_outputs/Q15_autosurvey_native_20260419_110813.raw.md,43820,0079465bc4cf579acfd15d542f5dc44e9b23cb2f0786b322d6b463347f7eb54b
data/autosurvey_native_outputs/Q15_autosurvey_native_20260419_110813.status.json,460,c8a1b3be25002cb48b6fdec6438bd059a510e673c42d6192f9ae90ee76b35e84
data/autosurvey_native_outputs/Q16_autosurvey_native_20260419_111953.json,36257,128d08c2f6804c3c335345f01394cdd9aaa829679353e3e1a5133ecbe8e9ffad
data/autosurvey_native_outputs/Q16_autosurvey_native_20260419_111953.md,73107,1647c0e2b3be92299f1154e2cfb6859b7e96bf1eb5a90f2f80b932b104ec129f
data/autosurvey_native_outputs/Q16_autosurvey_native_20260419_111953.nocheck.md,61302,9cdf3ee1df5535460685c5605ac2a052ef15d7528232f875e91144c754aa1aff
data/autosurvey_native_outputs/Q16_autosurvey_native_20260419_111953.outline.md,6791,959dc995784caeb54b881f26b55fcf29e920e9753ea0c890b317d46d0d2dcd7e
data/autosurvey_native_outputs/Q16_autosurvey_native_20260419_111953.raw.json,32982,4b2463419b6bbeb5a5d0c0a31ad4c4308a11feab3bafb3b2fa02804327b9eee6
data/autosurvey_native_outputs/Q16_autosurvey_native_20260419_111953.raw.md,61314,4c317af8dfd1942ba947e978a7344ba362c9aca60033a9a9729012426f672ed4
data/autosurvey_native_outputs/Q16_autosurvey_native_20260419_111953.status.json,481,fa1fdc8faba0ed710068a98abda2431314052e292a6ee173091840d9d945b774
data/autosurvey_native_outputs/Q17_autosurvey_native_20260419_113459.json,32064,81bb942dcb9a30bb74d85f43c458b3728af8016de7614068b5ae470e94e08e32
data/autosurvey_native_outputs/Q17_autosurvey_native_20260419_113459.md,57017,ce6e2881476d4422be9dc87a99dec4ad788f79a8ccb5458b38971efcafcd9d2e
data/autosurvey_native_outputs/Q17_autosurvey_native_20260419_113459.nocheck.md,48650,c9a453922645cd7ac95c65fd5fc1d2306d6ee3f63504a8e00f6ca00b375e0315
data/autosurvey_native_outputs/Q17_autosurvey_native_20260419_113459.outline.md,5930,7c00a0129313294f79c96e53fc91e816610d0b02d4439844e3772b19a868f409
data/autosurvey_native_outputs/Q17_autosurvey_native_20260419_113459.raw.json,29586,4b07e4eef40e85d6bcf7f0b276d59b76b11ebef7b9f9c45c70901bb4b4c3f2fc
data/autosurvey_native_outputs/Q17_autosurvey_native_20260419_113459.raw.md,48575,6a78a1655744c33b70a0e2bed171ad4ebb08b16b8df451b20761d475f3a386e1
data/autosurvey_native_outputs/Q17_autosurvey_native_20260419_113459.status.json,475,a25fe7e13ab3e0b5f9208f3b9b5fea9960720490bd37835504a7cae22dcc7176
data/autosurvey_native_outputs/Q18_autosurvey_native_20260419_114845.json,37045,c237e1516fff7908d9571bc9a64c7f659cff66ae6448b4dab1a616fe79a68444
data/autosurvey_native_outputs/Q18_autosurvey_native_20260419_114845.md,41527,e6dd95c594485cbd818bc7edd8f8a9e197a46187a8a9b2380378e90100ade3f1
data/autosurvey_native_outputs/Q18_autosurvey_native_20260419_114845.nocheck.md,36017,6eacaaf16be9f7db9419a50ee09f7f51efbcd8b80f7d4b30d97575b740a962f2
data/autosurvey_native_outputs/Q18_autosurvey_native_20260419_114845.outline.md,6835,b5c1f84139844e88b590da52b1afef01d0bd37416787fb90fee5cb05992fe7c3
data/autosurvey_native_outputs/Q18_autosurvey_native_20260419_114845.raw.json,34674,61f7eabe8bf34a7c788206dc689ed07ec64b92ea3c7e11eb054c797ec8ef0c2d
data/autosurvey_native_outputs/Q18_autosurvey_native_20260419_114845.raw.md,36024,67d8eb126e49d13d4d33aa2a91992cf9b0911e80baad056f23be923a3b306ef3
data/autosurvey_native_outputs/Q18_autosurvey_native_20260419_114845.status.json,454,4b1e2a684b1215d7d6f76f27ebce350e8f7b66a44fa8f43502ca824598560791
data/autosurvey_native_outputs/Q19_autosurvey_native_20260419_115729.json,41483,c9bd46e9af4785d6fd411dcc27c9ea86adf2942f9db4aca5f6f38de54cf7b2f2
data/autosurvey_native_outputs/Q19_autosurvey_native_20260419_115729.md,51077,66622d77d09f449c812b897829c42a13daa97a62965b91cf239b5a541048caf4
data/autosurvey_native_outputs/Q19_autosurvey_native_20260419_115729.nocheck.md,45100,d43f4f2bcd4b33754eb249de1e4be34efdf113f93edfb2097eac2e704c08816b
data/autosurvey_native_outputs/Q19_autosurvey_native_20260419_115729.outline.md,6790,13d5d62d1fd44f74596862ef7f359ec53a240417ffc4a8960d0e322b95f83708
data/autosurvey_native_outputs/Q19_autosurvey_native_20260419_115729.raw.json,38944,2fe6f9cb4bf4b5211a57afae3a6df24183a25ae9028995ea67caf3a69bb4ce73
data/autosurvey_native_outputs/Q19_autosurvey_native_20260419_115729.raw.md,44948,543e6f92982802eaa55abe5f1edc1047f50f1a9e71dd0551be0ba869905818dd
data/autosurvey_native_outputs/Q19_autosurvey_native_20260419_115729.status.json,463,be0bda97d1be0ac53cc4e9293952a1608c4d2d72391dc8c4af3123d47ddd0ea0
data/autosurvey_native_outputs/Q20_autosurvey_native_20260419_120917.json,32308,9145c90feeca7faa5a84a1213900939b3c5936849561f6fbb97f079c5bec951e
data/autosurvey_native_outputs/Q20_autosurvey_native_20260419_120917.md,63720,bbf37cad05cd39040096450832022144037951f4d088563e67ed5be2882a020a
data/autosurvey_native_outputs/Q20_autosurvey_native_20260419_120917.nocheck.md,54312,ebccc294cb3a1b3574f47d6a9329fe475139f4d4e909e2e48339b501a1126387
data/autosurvey_native_outputs/Q20_autosurvey_native_20260419_120917.outline.md,5818,b626b2a33e2b995c78bcff56064a24c70572f903b1ce13d0ce30a73b40ab872c
data/autosurvey_native_outputs/Q20_autosurvey_native_20260419_120917.raw.json,29660,17c598ba5392279c15d5617f45bc8ec4761f08bc3f749b16bc97b17b017e9011
data/autosurvey_native_outputs/Q20_autosurvey_native_20260419_120917.raw.md,54316,817e1aa0413bb8e37ea33b5d88bcaae579d8d0797ad47db1266e8850fa049a26
data/autosurvey_native_outputs/Q20_autosurvey_native_20260419_120917.status.json,468,5c526947c7dc0626776e26d3f33bee57959664ce73610d8066d1c176d07ba87a
data/autosurvey_native_outputs/Q21_autosurvey_native_20260419_122158.json,36774,ba2cc400cbe9687fa815840672e997f087c6a8c740b9bb8af10cc4652040f76a
data/autosurvey_native_outputs/Q21_autosurvey_native_20260419_122158.md,75873,2ea563d0a90ac3ba7610c3c5c444c9791f6c928ede874de1dd4d463fc4cf3d7f
data/autosurvey_native_outputs/Q21_autosurvey_native_20260419_122158.nocheck.md,68967,17c3a37b0bc206356117f80072ec7dd68d3a60e1be2e3a0b384a42a1981bdb9d
data/autosurvey_native_outputs/Q21_autosurvey_native_20260419_122158.outline.md,7969,10cc0f1eb5c078d59762ae47ca36e86722fa007d80810aa49cf3a906da3ec539
data/autosurvey_native_outputs/Q21_autosurvey_native_20260419_122158.raw.json,34141,d064e7bdb6c296889a569d21c4862c88e82a5f0f5f9ea11094ed3d698ec118f8
data/autosurvey_native_outputs/Q21_autosurvey_native_20260419_122158.raw.md,68952,78e2e8ae9e382f7e9f43c76b269d5edf6e1353f9eb867c51a18b86037fa8f8ef
data/autosurvey_native_outputs/Q21_autosurvey_native_20260419_122158.status.json,471,2ac36e3aabbf37676367325abfe25a8dca7faf9c834f1c2e3956d888f6bbebc4
data/autosurvey_native_outputs/Q22_autosurvey_native_20260419_123635.json,44549,0a6bfeafa9beb83a21b207fcb8b738f5741c077622fb95fd3a0bcd0a65638a2a
data/autosurvey_native_outputs/Q22_autosurvey_native_20260419_123635.md,102970,b501d189ac2da595289c06207c4e1f847c2f283e90912eb686426ed7d6b22a71
data/autosurvey_native_outputs/Q22_autosurvey_native_20260419_123635.nocheck.md,93649,02553e82868f5ad64137922e792d3a3b42c17902994b8bb4e4cb7c892a515df5
data/autosurvey_native_outputs/Q22_autosurvey_native_20260419_123635.outline.md,8718,7bbb522bf3a9b9660fb2920a5e91efcfd7453915b249185df8b5dc81e7cad248
data/autosurvey_native_outputs/Q22_autosurvey_native_20260419_123635.raw.json,39655,f308170ee251a20d5e114a6dee9ab91de241ccccf11a7d3db2b6e7e36ab8337b
data/autosurvey_native_outputs/Q22_autosurvey_native_20260419_123635.raw.md,93658,33201988ab9fa24d2cd3d18094e82a86806d69e7e4c830e9d49c0903f8dc3235
data/autosurvey_native_outputs/Q22_autosurvey_native_20260419_123635.status.json,465,8e087170c4ea5b07dd44f8a8d550182d95edad5c07571617179e4d08b3f9ddb2
data/autosurvey_native_outputs/Q23_autosurvey_native_20260419_125240.json,36252,abbe7cfdc23068b0e5f8fcf382badccbcca5ebb74f98b03ace6d2e77d2fc274d
data/autosurvey_native_outputs/Q23_autosurvey_native_20260419_125240.md,46993,b40b0f4ed555dcada21388d1d7f71ce8169ea5e8b34d1325f79294c1670055fc
data/autosurvey_native_outputs/Q23_autosurvey_native_20260419_125240.nocheck.md,42827,081828f437a70d40093a1585a4b9e93d36a03722c0a53fecdf97b9d7df1d51f5
data/autosurvey_native_outputs/Q23_autosurvey_native_20260419_125240.outline.md,8314,c46fff22938e6a72b7495c2b2aeddcd68bec8d8bc5489482f5642cb90fb11f1b
data/autosurvey_native_outputs/Q23_autosurvey_native_20260419_125240.raw.json,34061,5a80c0fcb679d4d00c626080ddc3c7b18a8b2efead3082d2bf378dfce7eb9175
data/autosurvey_native_outputs/Q23_autosurvey_native_20260419_125240.raw.md,42837,f26f0e47d7025bfd8e9b036cb78c8903e780b0e563ce6279f64f503532a6b0da
data/autosurvey_native_outputs/Q23_autosurvey_native_20260419_125240.status.json,483,da02f9019349bfef6470950c154a0f008bafa51b7775160e29f2df00feecd52d
data/autosurvey_native_outputs/Q24_autosurvey_native_20260419_130107.json,38323,5503bb03c42371efe1193218193a4903320d5bb8e822d83f09f5e61ebe2f93ea
data/autosurvey_native_outputs/Q24_autosurvey_native_20260419_130107.md,88347,2f68e99dc8f586b20a96a9c0afa1ddc7344a616b709f77110ab6a8ab394e25d0
data/autosurvey_native_outputs/Q24_autosurvey_native_20260419_130107.nocheck.md,83001,625aba8b860a88561a07c8d6b64950bf2ad5d8c52d459e361f92f8b8ca91eef1
data/autosurvey_native_outputs/Q24_autosurvey_native_20260419_130107.outline.md,8520,94087a95f4dda04a9273e7bb559eb3ee03d2804675f07c0af966c9704083c8d6
data/autosurvey_native_outputs/Q24_autosurvey_native_20260419_130107.raw.json,34692,0599ad26deabd6f6d781f2e6152a23708b0be75a93554f341d2bc1930b9f6784
data/autosurvey_native_outputs/Q24_autosurvey_native_20260419_130107.raw.md,83006,92cf8d9875a6365a5b4b78ba7168bcd574700b95763a396a93710a8c0cf1d2af
data/autosurvey_native_outputs/Q24_autosurvey_native_20260419_130107.status.json,474,b03c75d083c6575047c816f6a6aad24ba7a6fef383ae2d1ff882c86f4227e890
data/autosurvey_native_outputs/Q25_autosurvey_native_20260419_131648.json,30151,7f05b3d451fdc5fe3f0a1b44e76189fa8a0d649ca0a62f785403de4ec8ddd126
data/autosurvey_native_outputs/Q25_autosurvey_native_20260419_131648.md,39920,69f9a79746434f9f11ba44320f4c50f25fd85c609528c6aa4f1393754fc34a71
data/autosurvey_native_outputs/Q25_autosurvey_native_20260419_131648.nocheck.md,35570,def781ae245de2061288ed64e1f86ec5672a08e6e8c76d766a30e9733116c4ce
data/autosurvey_native_outputs/Q25_autosurvey_native_20260419_131648.outline.md,6795,8e302afca4ec0b27b317c010d79b437e0f9fdb920e06b12684fb52c4adce085d
data/autosurvey_native_outputs/Q25_autosurvey_native_20260419_131648.raw.json,28057,b6db2825632af3e4d665e43f75046e218a42a78a0bfc5fd29eac69ca49df6dc3
data/autosurvey_native_outputs/Q25_autosurvey_native_20260419_131648.raw.md,35514,eff30b5d69523a5e7f6ff95f9e0878030a7d01e68fe73d1021753203dafe3926
data/autosurvey_native_outputs/Q25_autosurvey_native_20260419_131648.status.json,478,0c2d125df47e3ff75d56de8cd0dd3b74da9ac6aa4826351f7e1cd4d6538699c6
data/autosurvey_native_outputs/Q26_autosurvey_native_20260419_132533.json,38023,42f1292eeaef689cf3846c033e3a7b6f565672840d5c88c6d35af266c3d50920
data/autosurvey_native_outputs/Q26_autosurvey_native_20260419_132533.md,66065,fee6e4595c38b136f86e86532daabd7d19af3178c7a92fef9b8240c68520e1b3
data/autosurvey_native_outputs/Q26_autosurvey_native_20260419_132533.nocheck.md,58997,a5f09ec2f2a3a352fc47136eb226c4aceda9081031825be7188532d89e82497b
data/autosurvey_native_outputs/Q26_autosurvey_native_20260419_132533.outline.md,8780,11746f62c6d8133f7007c04ddafa4d68a8e9aac2b4f8a1695a1b13f440707f49
data/autosurvey_native_outputs/Q26_autosurvey_native_20260419_132533.raw.json,34150,82f7fe18246a421a297b2162627f224e7690e011cb98f785b6837c9e3464b17f
data/autosurvey_native_outputs/Q26_autosurvey_native_20260419_132533.raw.md,58997,a5f09ec2f2a3a352fc47136eb226c4aceda9081031825be7188532d89e82497b
data/autosurvey_native_outputs/Q26_autosurvey_native_20260419_132533.status.json,441,89b4d0b2dffba0dd45331f8eb3b51df8e10e384013f039f80ba80b21b5952d9b
data/autosurvey_native_outputs/Q27_autosurvey_native_20260419_133842.json,39353,14dc8c088d888e0469eabccc31b2cdd9d67a586056c2f7a96978388de5ca2776
data/autosurvey_native_outputs/Q27_autosurvey_native_20260419_133842.md,64348,6388329153b8c72fc0a2e1fa402cdfffb60c5b3f8d22e1a1308344e57a51a54a
data/autosurvey_native_outputs/Q27_autosurvey_native_20260419_133842.nocheck.md,57355,c205ca57ab9c68d3bf05ddfb698e8f4d7cb86b56281b688fb5811b79622af03f
data/autosurvey_native_outputs/Q27_autosurvey_native_20260419_133842.outline.md,6747,e6bb7a308da3cac4ab5d2104746f73547059c6faa5cab3c6e226aad6586c8256
data/autosurvey_native_outputs/Q27_autosurvey_native_20260419_133842.raw.json,36573,9d22f39dab1361bcaba564195ac0e74250078e9da5984efada5bc4e63c1ae58a
data/autosurvey_native_outputs/Q27_autosurvey_native_20260419_133842.raw.md,57355,c205ca57ab9c68d3bf05ddfb698e8f4d7cb86b56281b688fb5811b79622af03f
data/autosurvey_native_outputs/Q27_autosurvey_native_20260419_133842.status.json,467,ae424a934831a8248779906d5ef60dd4772fdc2799f568709b9a98e82310cecd
data/autosurvey_native_outputs/Q28_autosurvey_native_20260419_135225.json,37034,344179b11ca455c2ddd50689516289c47be6e8361fa0d2e8d21b7e215a445637
data/autosurvey_native_outputs/Q28_autosurvey_native_20260419_135225.md,40491,5ac059e72705f3130c27289512740cdc244d5aeb3576289c41cd9347f874e3f1
data/autosurvey_native_outputs/Q28_autosurvey_native_20260419_135225.nocheck.md,35107,9fc2da7d3df38c36bc71a84916583438045c3a9b05c1348a85fafbcfa00f027a
data/autosurvey_native_outputs/Q28_autosurvey_native_20260419_135225.outline.md,6651,f5551e02149b1e8ab5a99eb1d38e725c1ca9eb5bb6ba0f167424cb7ef66720ba
data/autosurvey_native_outputs/Q28_autosurvey_native_20260419_135225.raw.json,34016,f7b55170240b161781beb27f82433789e3a857801b355a445984381a1020432b
data/autosurvey_native_outputs/Q28_autosurvey_native_20260419_135225.raw.md,35079,c5bee123918de9afa1258fb6af74da2039a9133a584533ffd96fcb326aa14798
data/autosurvey_native_outputs/Q28_autosurvey_native_20260419_135225.status.json,466,33a378f005c2125747a01fd53c34cdece01068d4264f19cf31e5607e85fc73c8
data/autosurvey_native_outputs/Q29_autosurvey_native_20260419_140156.json,42102,36b737b3c837e7fc0250be9227c2295565e05cb9e952c5e7022b072a61e13cca
data/autosurvey_native_outputs/Q29_autosurvey_native_20260419_140156.md,49021,e88396adddbfd87ab1a8834c160ad1541848ffcb5841d34539a263bdc35894e7
data/autosurvey_native_outputs/Q29_autosurvey_native_20260419_140156.nocheck.md,41801,2315dd0af7d5cd3cb53b79d0fdc2aa23295d4c9414da20bbf1a8d3d4c1fcc34d
data/autosurvey_native_outputs/Q29_autosurvey_native_20260419_140156.outline.md,6847,7bc414fec0c59c2b4da9c126e65e14b68cba491ef4e6c70db2d02c24f45f1f71
data/autosurvey_native_outputs/Q29_autosurvey_native_20260419_140156.raw.json,39885,fd0496b78025cbaf3747122b058f6547b5b2b9d710247e24974c6a31d057d49c
data/autosurvey_native_outputs/Q29_autosurvey_native_20260419_140156.raw.md,41809,f30dbd44e89c7467e3145bf0b199dfc5227be1c0bcfbc8f82364d029b1353ad5
data/autosurvey_native_outputs/Q29_autosurvey_native_20260419_140156.status.json,458,039d5eedbe7e64b40d3f1372c275f43979a5930e983a259ef45d22bf59838e46
data/autosurvey_native_outputs/Q30_autosurvey_native_20260419_141404.json,32122,7497147a0b4b0c2f697b2353bf53305d21b99f977e85aa49f441cd7beeb45d0e
data/autosurvey_native_outputs/Q30_autosurvey_native_20260419_141404.md,45551,471ca64e23c64c17be62181850bf5ba2c10e469f9adce1bd8d3a0bfd3ffe0e81
data/autosurvey_native_outputs/Q30_autosurvey_native_20260419_141404.nocheck.md,40515,02fbeb8e9ad0b6241cb753ac65c98ff08a4e496c0680f077d8821a49b74891bf
data/autosurvey_native_outputs/Q30_autosurvey_native_20260419_141404.outline.md,6802,7e91ec437ac485cbd908fe392d5b3a725ded7b7e94ee7cb0e82d03ab7d0217c2
data/autosurvey_native_outputs/Q30_autosurvey_native_20260419_141404.raw.json,29959,5ae8498bca2183ce237ce18e084022dcf61f032fa5abba583317e48eefe78b58
data/autosurvey_native_outputs/Q30_autosurvey_native_20260419_141404.raw.md,40628,31b07d17ce51a3b39928de1e863c8c5ae7faf9ff4e910ec86c08ccca3efffa5e
data/autosurvey_native_outputs/Q30_autosurvey_native_20260419_141404.status.json,497,8bacd3ae37ae825b663d949e5744ae1406a4dbeaba15f4ec623c977c31cfaaa2
data/autosurvey_outputs/Q01_autosurvey_20260418_233857.json,26261,1e360a8723b68784a7ba6ecffe38bc9bd0fe6c7aaafe43d1225c2c69710791c6
data/autosurvey_outputs/Q01_autosurvey_20260418_233857.md,41433,b5d28f58896b2bd247b6d214efc061258f1b5144c453337b97a3f3013489d3d2
data/autosurvey_outputs/Q02_autosurvey_20260419_000012.json,25908,2509d8d166cb20f892743b9f149b0792eb83fb2d6bcfae6dc457f4ccc139bf73
data/autosurvey_outputs/Q02_autosurvey_20260419_000012.md,38915,8d1f64798f9edf7ac7ee4e639dc7fb3ecd7bf5e57c976e00d16ceac6065db385
data/autosurvey_outputs/Q03_autosurvey_20260419_000615.json,25170,8bb03b436c44efe4b134a5598c8cb6c4acd651ce1a04d57eb9431e7c562f26a5
data/autosurvey_outputs/Q03_autosurvey_20260419_000615.md,49097,e42b57d0452c6492816319cf1a8a113ad771f2d9e3bd04fda04659125d801b9a
data/autosurvey_outputs/Q04_autosurvey_20260419_001319.json,23031,b82ecb2721eaeeefcf9473cdd7bfd5ddcdc9fb7b91bcfbb49b5831ee79d52358
data/autosurvey_outputs/Q04_autosurvey_20260419_001319.md,41670,3880dd1b99c4ba2af7522bb80eb2439677eae24e21a42a16c6a9553eb2242952
data/autosurvey_outputs/Q05_autosurvey_20260419_001901.json,24567,31a00179fa6616757ad1384e1eb4b20245cbc12161229121630c0b07d390afd3
data/autosurvey_outputs/Q05_autosurvey_20260419_001901.md,30321,e3357934c6c53f88046ff52623f5958043cb18e9238209390bae2b522ad45bda
data/autosurvey_outputs/Q06_autosurvey_20260419_002255.json,28791,5b4fa29ca0fa215da22b6f91046d6ba585ac8d3241d2448be1dad8f7afd0cadf
data/autosurvey_outputs/Q06_autosurvey_20260419_002255.md,39034,6ccfa9c608c283bb7539801b6d85862173d875734374f8fe14ea3f5aa86e08f3
data/autosurvey_outputs/Q07_autosurvey_20260419_002905.json,23745,7f7e4c7a0caa340de1840735c5e76d78fe656936e6fb97381c5a9d4d15d49d11
data/autosurvey_outputs/Q07_autosurvey_20260419_002905.md,52552,aed82915fcbffe35550290d80e5a5c58c1a0fc36b82f59ab4db09d17d0eda2d8
data/autosurvey_outputs/Q08_autosurvey_20260419_003641.json,19663,0f5ba9c1cd9f18b0f49bad6689ec46255563d08f56596b62b749a99f0015e588
data/autosurvey_outputs/Q08_autosurvey_20260419_003641.md,33164,a5903fcbf0d93b97abcd6b1a73c233f5296f9aa94a075bc04b7e93e8e6eba809
data/autosurvey_outputs/Q09_autosurvey_20260419_004112.json,26798,302e8c767f0d3d05e2b3f5cb9605efe646777f46e33aed7fbff43228c60d9b5a
data/autosurvey_outputs/Q09_autosurvey_20260419_004112.md,40995,8492ee5eb0c8dc2581a8d579846b8f64dc3468e9e912e2a681126d6c91ddc7a5
data/autosurvey_outputs/Q10_autosurvey_20260419_004717.json,25863,e1d0a206df5a42797249747ed0c95abe2c727a8300cc46d94e2e87d3dcd056f8
data/autosurvey_outputs/Q10_autosurvey_20260419_004717.md,42343,dd3f27f4ccf350cc37b5937c06f9dc4392e32e255102b5ad7da19978d196b98f
data/autosurvey_outputs/Q11_autosurvey_20260419_005347.json,27174,8cd59bf50fc3fa67c557c0ee47348e6a649fdaf15906324e4d4635b9b0ea2502
data/autosurvey_outputs/Q11_autosurvey_20260419_005347.md,46403,a62abe79981919b16d206fb149e35ca7b03f1164b63bf7b419c1e8609622a85e
data/autosurvey_outputs/Q12_autosurvey_20260419_010037.json,25059,fc2420374dfe7bfdb1bb2168dade47c3dcc0dacd26d97b43da4b173a492baa59
data/autosurvey_outputs/Q12_autosurvey_20260419_010037.md,40891,cc52f71dd05e3eef31b4b87d383a5f29ba3eaf6e9d44113256204922fbb8a784
data/autosurvey_outputs/Q13_autosurvey_20260419_010632.json,27248,0af149ec4ba085aa2f513287643d8600aca82212a4cb5bfcc9ea976ea258cf31
data/autosurvey_outputs/Q13_autosurvey_20260419_010632.md,50674,8737b4b72d62feb85063d9420aa5c19d59ac51983658b9a264d3a4988064d0a1
data/autosurvey_outputs/Q14_autosurvey_20260419_011515.json,24500,14bd8aba0604a621c0b2c210805ee5a5344e87d7b07e6bfa01911c1434fc261c
data/autosurvey_outputs/Q14_autosurvey_20260419_011515.md,33090,3910cf2e24e74992163230b30adcabefd9f61225abe1ce7cc3fa6732469f87dd
data/autosurvey_outputs/Q15_autosurvey_20260419_012104.json,26402,629905e04c2b153f9c869b4012267cfaf8a296e7c3ce7683a6e3f473d476912c
data/autosurvey_outputs/Q15_autosurvey_20260419_012104.md,38976,1d29b34ae1dfdcfccb9af89e2f8fb2d67cc2995df24cfa5a4becac9034d4b290
data/autosurvey_outputs/Q16_autosurvey_20260419_012618.json,25954,21759c9324a2e409e503c108dec4f20434141b5ef77a996aaa6e01139a0d86d5
data/autosurvey_outputs/Q16_autosurvey_20260419_012618.md,39910,4707f68b061695567d20f2c2059e813c775bb058580633d290bbd848174ec747
data/autosurvey_outputs/Q17_autosurvey_20260419_013224.json,31954,4c12f420b4eb2a9d567ac45bd617c2996494fff762af91266ad2372ed9871fde
data/autosurvey_outputs/Q17_autosurvey_20260419_013224.md,30113,abf8c75726b33a3e395b4d35d831dea4f1cc7ae5b10d48bfc651342f86e82c63
data/autosurvey_outputs/Q18_autosurvey_20260419_013709.json,25695,1399a41d4a98ba857cdde053c3cc56977a1070fa88b1bec04e2e81e670a9cdeb
data/autosurvey_outputs/Q18_autosurvey_20260419_013709.md,42260,34fafd275bad1a8a64a7134e30ce2c78c3fff544294dc75eb62ff44ec9d3efa6
data/autosurvey_outputs/Q18_autosurvey_20260419_014126.json,24073,4ebf8e37b5c1110df3f62d79af12fbe1ebbb0c7f10617db39c4c5e314683ebd8
data/autosurvey_outputs/Q18_autosurvey_20260419_014126.md,33998,3237f48546c6ca49a4c6c6f3013a96dd4f67a646ce51b99f4c6724040849b034
data/autosurvey_outputs/Q19_autosurvey_20260419_014307.json,25540,b4c43bdbae0b0ecff24ea1f6777d2f8c2f4f7387233dc6513729571eb799778c
data/autosurvey_outputs/Q19_autosurvey_20260419_014307.md,38907,484899686a2e0b2d986db40c6a9232c713f63b729d7374f651d92adbe7081a3e
data/autosurvey_outputs/Q19_autosurvey_20260419_083447.json,27403,9f88f09216da29eb317b4308c2ffea1a72f86dfc278406009db95ab9e91c8b0e
data/autosurvey_outputs/Q19_autosurvey_20260419_083447.md,38058,7300123815b8bc48cdbc996deef307ade3a272a0e03419140a42d4d8ec441f8e
data/autosurvey_outputs/Q20_autosurvey_20260419_083756.json,25952,92fe5a0d39ca6782699849f1f1e3edb4ee689254b59afa4e12cf064aaf83d845
data/autosurvey_outputs/Q20_autosurvey_20260419_083756.md,39147,0b6c7934e5cebb9d7a1d3251ee9a0a2ab272e886f7321bed3180732497239465
data/autosurvey_outputs/Q20_autosurvey_20260419_084034.json,28031,ded29b774fbdfe89630185cea715df7b2952c1edfcfa99be6c24d1058044f280
data/autosurvey_outputs/Q20_autosurvey_20260419_084034.md,51508,5cbe7012164f150b9d844f7a586d6250f828b7f80232a80616d04d12ffe14865
data/autosurvey_outputs/Q21_autosurvey_20260419_084315.json,27841,be6dfe3150b5a6a9c9e0bd5940138cc3fd10610766301868fe140d00a2715d23
data/autosurvey_outputs/Q21_autosurvey_20260419_084315.md,51480,5ac7a41a9ebf1abbb0f7c0240cfa596178ae771e174ad41267da2989f8fdc49d
data/autosurvey_outputs/Q21_autosurvey_20260419_084738.json,25083,0f4cb9ea1006de35e97df003ac797ca6822b5ad2267f41082d71bb97bd94c9c9
data/autosurvey_outputs/Q21_autosurvey_20260419_084738.md,37590,0a7b92dbe3f362202fcd43c817d7942c3706832ec7a1940f088d196c26e91bff
data/autosurvey_outputs/Q22_autosurvey_20260419_084951.json,22983,b41e91e5c7d6f71679efcd60d91dda4e07ab39b4c67b8603b01020e44ee2966e
data/autosurvey_outputs/Q22_autosurvey_20260419_084951.md,39794,57803a3cce00ef9ca8ba19de9ee76dcc8ff84d0586d88464c3cebbf07acecc04
data/autosurvey_outputs/Q22_autosurvey_20260419_085201.json,22785,d398a611bb05ee0f6ed22d5aaec5edc49ed4b976a60400d2ad8b0d488cf44510
data/autosurvey_outputs/Q22_autosurvey_20260419_085201.md,42571,123319629bebb03d83636b7d946367ea0e60e07bfcdb6740d7b8009aa0f98d9e
data/autosurvey_outputs/Q23_autosurvey_20260419_085401.json,23826,c2a80b9b09ae5ad91df2fa47facd5b1a3fad7a02096d0ba4c3c4383486f05356
data/autosurvey_outputs/Q23_autosurvey_20260419_085401.md,46592,4f5c82478fa2821af385fd8b9fdcf02ef16e735bc1aece4da3307fe93bcefac8
data/autosurvey_outputs/Q23_autosurvey_20260419_085632.json,25524,551efa5c4b6bdd39cc04d0a6be98299d70f40c6141184a688c216dc308142fce
data/autosurvey_outputs/Q23_autosurvey_20260419_085632.md,48109,8189204e2f41a28d240ec3a2ad92f0ea5297c2e4baa4eaf60e46b86fb30466a2
data/autosurvey_outputs/Q24_autosurvey_20260419_085913.json,21950,e8c124a981d38561a301eef81ee5bff1d588ab90127bd6e1c1d475b936b344c7
data/autosurvey_outputs/Q24_autosurvey_20260419_085913.md,47404,a9066c5a0f6518d47e7be54a8388cc8c33a4082bd3bc48b98922bfc6cfb12fbb
data/autosurvey_outputs/Q24_autosurvey_20260419_090328.json,22963,d8c8eae386fc826364ab0d6060597f02e68a321b19553bd74834e592c731f6b3
data/autosurvey_outputs/Q24_autosurvey_20260419_090328.md,48409,81acadbd040d5dd2d7f0a3bef6e2abe8d224502805ef65b033709fbc0e02dc38
data/autosurvey_outputs/Q25_autosurvey_20260419_090646.json,26831,a01a7142736c451a45b6d0bda4f4c21356257fed4778668f7bdef1cea2608ec1
data/autosurvey_outputs/Q25_autosurvey_20260419_090646.md,45271,4208e54d25bc2808677cfdcc5ff66c8b45dfc969be9bc0d7a9d411d94f6a1a47
data/autosurvey_outputs/Q25_autosurvey_20260419_091037.json,26311,d31984320db69846756b2bf3d0ddcb5284ba3b6936581a90e781342b381ea57b
data/autosurvey_outputs/Q25_autosurvey_20260419_091037.md,39617,40d466ff9fb72ad2b981b169f2af7a23547d538bd28d50a09907846b2a80cf31
data/autosurvey_outputs/Q26_autosurvey_20260419_091253.json,26783,343a1be98e49806faf7a789d9743abd4c854b707ab87e400e40b1d8b410a1534
data/autosurvey_outputs/Q26_autosurvey_20260419_091253.md,43539,d8956a085d3ad6d54222c636b8bcf310304ab6d79fa0f507051ed0c353b546d9
data/autosurvey_outputs/Q26_autosurvey_20260419_091523.json,28414,1e3bac8eb42b2593fce2a0329c159c7d2937197f2f6220ca7298e2f60421ef81
data/autosurvey_outputs/Q26_autosurvey_20260419_091523.md,52601,b9ae4aa5d4fd558cc6b39a97c0b2c13698277c35f72fe9e15c323f27b3347dc4
data/autosurvey_outputs/Q27_autosurvey_20260419_091753.json,27524,34133a4714ce61586d77570d1d1354a87c4ee7b2ea1c670810bbf5dbde40ec67
data/autosurvey_outputs/Q27_autosurvey_20260419_091753.md,42250,cc7a04179b3dfc87a5c124e480cc4f3329332862c4849e9d5ac2587e1ff45694
data/autosurvey_outputs/Q27_autosurvey_20260419_092055.json,29874,bb3b24a54a50d2c01803fdd90ccb5c1da4e9ee3e3cb601f1eabbd8f861746280
data/autosurvey_outputs/Q27_autosurvey_20260419_092055.md,55373,3f8dd435faac38c07bc83fada619686e71253170fa041d891b423cc1b434d4b1
data/autosurvey_outputs/Q28_autosurvey_20260419_092234.json,27557,223444e1d0aee1b99c0a3a0c2dd77d0c595365a63cf68080528e93937bf6432a
data/autosurvey_outputs/Q28_autosurvey_20260419_092234.md,42871,5c84779a2d35c5b2e073b7aa8e25394193fe976ece299064e9b225d802a187ef
data/autosurvey_outputs/Q28_autosurvey_20260419_092724.json,29017,773e49128d390c17c54ac3d04891a56d4b6e03d8eb766b3ce3311ff5d3169559
data/autosurvey_outputs/Q28_autosurvey_20260419_092724.md,50116,915b3ba3320825f97d4396b699d278c707f972e6063505073e181ab506534a70
data/autosurvey_outputs/Q29_autosurvey_20260419_092811.json,22555,6ff3e338fa0418060a0285ac9d4ac1712f5cfaa0310c691f93c3d99636db350b
data/autosurvey_outputs/Q29_autosurvey_20260419_092811.md,42534,e2d0b5c7a84dc1da44c49d45595594e5e434bddf64506c84bed9411c9ac5ac3f
data/autosurvey_outputs/Q30_autosurvey_20260419_093329.json,23131,7683fc771cc9476e5e35d5973e62eb0e3a00722fbfc2087e607d3b51a0750a48
data/autosurvey_outputs/Q30_autosurvey_20260419_093329.md,51786,1868a6e6766d2786eefefea3a1412f14263374cab34faeb02d74ece03849784f
data/autosurvey_outputs/Q30_autosurvey_20260419_093336.json,23562,990f29d2293f66fbad45922195f67180881500c0ddf0da9137e2a9fca189fb2e
data/autosurvey_outputs/Q30_autosurvey_20260419_093336.md,47151,21201b35f72e040eae76ad66b292abe636552089ca390765631719b63cd12cd8
data/autosurvey_outputs/errors.jsonl,308,9a7e6e2fab55fa850aa735fd2e67152efaed589e79838b4c9231fb48b1d24bc1
data/baselines/Q01_baseline_a_20260410_183603.json,294,c0885fc45127368d11688bbd34853774e0f1ef4be82a17a0865a25a8bb226dc1
data/baselines/Q01_baseline_a_20260410_183603.md,3879,9dcf29d4346cdf86ba01da9e8c9515f6885dd86249c0c7a09a4b8b50990ab245
data/baselines/Q01_baseline_a_20260410_183616.json,294,5c26ed4efb8773fa7e69f8575200bc4ff7b6e8e0b782896e617fca1609bc32a8
data/baselines/Q01_baseline_a_20260410_183616.md,4076,60ebd88ecff3f642dad924a58340b8bea8d75e0189d3516b769c3140ca3bf09f
data/baselines/Q01_baseline_b_20260410_183655.json,6872,6a74fd59b1ebf2190337e6e3665720c581520feb4e3a96bf6b1e3a5b1fc6e210
data/baselines/Q01_baseline_b_20260410_183655.md,5219,2e6f9f638121bfdd57004674e25badc9eae6d3fa55644e4a3ade6233f8beabac
data/baselines/Q01_baseline_b_20260410_183701.json,6872,e682123c7cbfbcd58d250343b88efc91590c1cae9f8ed86d151c7118833feede
data/baselines/Q01_baseline_b_20260410_183701.md,5092,aae4ca857c1001b1ba5c8a9886ea34e755915a1da0f68a2a3b205f336b13e1ef
data/baselines/Q01_baseline_b_20260410_183705.json,6872,383728c85389d3fc8428ccd7993501a68833e23a40f7fcfb4c7839fe3001abfc
data/baselines/Q01_baseline_b_20260410_183705.md,5327,058961f071e29f49c5fd9cb97947536fd473af65fef971adceffc307bbdab4b4
data/baselines/Q01_baseline_b_20260410_183738.json,6872,d8669423b7e1a659f34fc59b6c566875069adf42adaa79df3a549af07834e226
data/baselines/Q01_baseline_b_20260410_183738.md,5264,f10116c111bd17ca2ae747f009879caf7df46b1b019ad9d61fe0d702d2191c74
data/baselines/Q02_baseline_a_20260410_183728.json,288,71f78e7ce07d4bb8abf28f841f613ac73d510a7d23bc23ea161409350c9c90aa
data/baselines/Q02_baseline_a_20260410_183728.md,3890,2029b1dd2a7f1f2d8b3fc34468a5fc3f0984ccc010159ac71ca76fb177c50d8d
data/baselines/Q02_baseline_a_20260410_183734.json,288,cf9da665be8bb9564b6fd97db4a70d615dae96b49c6cb8c6118264b18d98d439
data/baselines/Q02_baseline_a_20260410_183734.md,3866,8b34a24340392e046e2fa071b79261174ac13a050f2853a4b3fed4fac6ef0abd
data/baselines/Q02_baseline_a_20260410_183740.json,288,dc1a3c603104881d8a27f4aef475da4d893ab7c9920143ce992f9355374ec48f
data/baselines/Q02_baseline_a_20260410_183740.md,3979,8960608c742af24a2078442eb8596e4de0f2e71d1fa8c8e44b5e4946d9c43f90
data/baselines/Q02_baseline_b_20260410_183826.json,8182,eda874fa607fccb159beb84d7f394f8d065c921a0dbbc6442966960884918b06
data/baselines/Q02_baseline_b_20260410_183826.md,5639,95b1cd0b08c129cc473646f77819eaf9d1bc4525f2ad595397774d17dffe0c78
data/baselines/Q02_baseline_b_20260410_183847.json,8182,a4336a3a7b5378099166d31308b6c0b9c9efb06aaf0114db6fbaa14cca86d67e
data/baselines/Q02_baseline_b_20260410_183847.md,6008,109b4dd7ed7cb909fa95a6cfa30f124fe7806b76c92b376ab7aa2a6fddb1d3c8
data/baselines/Q02_baseline_b_20260410_183849.json,8182,42f7cfdf065ce55e2ab419715d665b6fdbae405c2e3116f43210a0514ab8cb55
data/baselines/Q02_baseline_b_20260410_183849.md,5631,f2a0c7dd8b1bac89b3b766380ad5a2ff6d4c7f32b12f5d4946ffdfd9f40607cb
data/baselines/Q02_baseline_b_20260410_183855.json,8708,4276ce0c91ff815848e67ac6555bb646a2b090f78782a2bae69db28ff5b8e7e2
data/baselines/Q02_baseline_b_20260410_183855.md,5616,9525d138140b8de2f1cfe93c55a9ab743096cddfaf96372e9abe21afc91e1326
data/baselines/Q02_baseline_b_20260410_183903.json,8182,8d9636cb05cb8af76ac11abf59c9f62a9630150e8af163db59ac09954200680c
data/baselines/Q02_baseline_b_20260410_183903.md,5192,113076426b404488e6d7df60fbbaa454f0233d907460724a4708f5dfd8a91084
data/baselines/Q03_baseline_a_20260410_183927.json,306,c568d91cae3feee6cadfc224618e3d83275185a8f9a543bc6b8f27dd83d76ee9
data/baselines/Q03_baseline_a_20260410_183927.md,4894,2a75d989e2b645967c18bb5db610e3faea3349ad39efa909a8fd98987c754b2b
data/baselines/Q03_baseline_a_20260410_183939.json,306,114142d06a97e9a71a5c584915644e4b783ecd0f1464c351f40ada1408c77aff
data/baselines/Q03_baseline_a_20260410_183939.md,5024,48f242d9aedbbf2695bb9a603f952912e70bf8414679df389ef674108208dd3f
data/baselines/Q03_baseline_b_20260410_184019.json,8422,f4371ded7d910161c123046ae9cffb73d1170616570a4ec6fc808520ba2fd495
data/baselines/Q03_baseline_b_20260410_184019.md,5326,28b51c37957413ec8789ae267a0053710fa1efad6b9b7c9f25463ee610746d20
data/baselines/Q03_baseline_b_20260410_184034.json,8422,5691743f6bfeb202f7929b8f80535d5e9420fb1128ab445b81bfc4db30c251b7
data/baselines/Q03_baseline_b_20260410_184034.md,5105,ccbe4807b7fe4420d8686704fc522cc1fce308951d54f0058d264e31e328f4a7
data/baselines/Q04_baseline_a_20260410_184055.json,289,7a995fb1fe60778c2ef3e8204ce5d2ef73e1f2101c5cfe947c23a077003ad9fb
data/baselines/Q04_baseline_a_20260410_184055.md,4513,e51cbccf5ef9f01f73fd7cb214b934335e813a5f73ce084d2bf3b9022c6ecf90
data/baselines/Q04_baseline_a_20260410_184111.json,289,3472022928e54ee55b160208f3e0bda9e42c2f53d0d879bed834ecc86d63123e
data/baselines/Q04_baseline_a_20260410_184111.md,3523,907bdb0b1e8fe33dc39e3fa6c6efdc040c51b004d44c367dcc4c87489d1b4f7d
data/baselines/Q04_baseline_b_20260410_184729.json,473,36ca7ffc484ff6a7c577b32e176e4cc13bc2a629536fb71cf2ab6af408e75064
data/baselines/Q04_baseline_b_20260410_184729.md,2971,7e639b9ca2425d8176141fa76892f9ffb99a0ef1c5ebe480bf1315f85659ccdf
data/baselines/Q04_baseline_b_20260410_184846.json,473,397c86829c443af1abea11807d5057407673754d1f9b504b218ffcec9d019bbb
data/baselines/Q04_baseline_b_20260410_184846.md,3238,8a83bb89d304846317dcddd913f9e39933f3ed193da86ee796001ce56f3b0736
data/baselines/Q05_baseline_a_20260410_184755.json,270,0c961e7d01147303feaa512536d4065ff846530a272e4417247b4a4908590a0d
data/baselines/Q05_baseline_a_20260410_184755.md,4502,0db776245713a17673e5b0ef772625b2ee27891daf6e73a4338397121b39a45b
data/baselines/Q05_baseline_b_20260410_184848.json,7403,2b39c6a5ce7457e8d3dc2d8247af0ef0e05dbbab3356e9a69767c6a1fe789c37
data/baselines/Q05_baseline_b_20260410_184848.md,5402,f2fa3c3be38b06a6931a5b95e32965dd4fe89be391cb62c6a338e7e318165c1b
data/baselines/Q05_baseline_b_20260410_184945.json,7403,4dfb9ca6fad7bada5c6ec9d67542dcd5217ef49a191faa9fef242b11175f8859
data/baselines/Q05_baseline_b_20260410_184945.md,5879,964a29cee3bdb57840c33540dea38acd65730041e116f8b888c125a744795dfe
data/baselines/Q06_baseline_a_20260410_184926.json,295,d8a90b0e359d1990f8f30101f03c8d46423670be59682ff22cfd113e05df2e51
data/baselines/Q06_baseline_a_20260410_184926.md,3372,df74ad8844042e8931ca268dae4ef356484e730ff25735d099bd6ca72fc3a801
data/baselines/Q06_baseline_b_20260410_185020.json,1910,2f1db76c43c55c3311f3b50d646145b195d853c630de0390baf0c1449e919edd
data/baselines/Q06_baseline_b_20260410_185020.md,4299,52261b5864698d91d04e4f2d20c2048adc1936f179e3af0c95fd8263c28fdc0e
data/baselines/Q06_baseline_b_20260410_185053.json,1910,ec8e3eedd91650bf96e19bfa57b1d37b2f9cb641f666430801f22052acec098f
data/baselines/Q06_baseline_b_20260410_185053.md,3810,6df2e87c2470873481cedc1079a86d6dd7f2519d5e3565a4cf669f3a0eed66c3
data/baselines/Q07_baseline_a_20260410_185053.json,298,c031c82f3380a7b634d4dcba8476bb3fa093c42c06e6d4ed7e329a7894f62a90
data/baselines/Q07_baseline_a_20260410_185053.md,3167,cba95afe8988ae8790cc609e0426ef2dc10e145ec334f61c58d77b0c0557abcb
data/baselines/Q07_baseline_b_20260410_185309.json,11417,9a03e749931658d585c0abe9524392e4f2d8cbda99d055c550d9335ff8d5fde8
data/baselines/Q07_baseline_b_20260410_185309.md,7740,c942cec1e2d8d34929a3513ab783ad95f1211919f6ffa33312f801d291c56010
data/baselines/Q07_baseline_b_20260410_185320.json,8685,451096e0bdad0e8326453cf99d74b1bdb9bfbd5ec97d64dfc5fcf628a9ac7a58
data/baselines/Q07_baseline_b_20260410_185320.md,6740,9a208073a54d42b3edabf4deeef6590f571ce06baabc97a11073ee8adce8b888
data/baselines/Q08_baseline_a_20260410_185358.json,267,c651a32b124e93752108ac40fd36688a044f1ec88603ec6e2a1d28e3031f7354
data/baselines/Q08_baseline_a_20260410_185358.md,3264,dcddd60a0355d3c0e915d401d0bb9a44c60cfc96ef42da98a8e655510bfe4aeb
data/baselines/Q08_baseline_a_20260410_185405.json,267,a9a27e6b6c59f6e0d7ef5ec5746e5d8f5dfa82aba24bfa3ca85b9a346b878fe4
data/baselines/Q08_baseline_a_20260410_185405.md,2875,9e21d52da1e98ce5349c708536a303f8a2438838ba3aadddd5cf9448a1161cc4
data/baselines/Q08_baseline_b_20260410_185446.json,7893,da1e480c529064e3e1abee68ea2701b3457c6edf72e151d44d49b2a5a136b9eb
data/baselines/Q08_baseline_b_20260410_185446.md,5702,e2c605a8251c70cdad5a9e23f229ef50e82b661a059870864cf422d49b98e51f
data/baselines/Q08_baseline_b_20260410_185449.json,7893,9d8b559883e1cdbe97bbee65b3ccc03c5f6914fb736bf83e3833023d21886993
data/baselines/Q08_baseline_b_20260410_185449.md,5176,f260e0416e7d24d01d71a6b9faf36426fc6652ef04d64c172291a2ee7036dd8c
data/baselines/Q09_baseline_a_20260410_185526.json,294,29dc1fd298385e67fd4ff50239b487100923f44abb960c138d0ab0f34d38d63f
data/baselines/Q09_baseline_a_20260410_185526.md,3767,2f0da903ed22786f23296697f1f9c27717cfe19875fe59e42f0cefa86d92bfbc
data/baselines/Q09_baseline_b_20260410_185618.json,8091,e2b9f7ddcfaf29133ab66a7febb26bd8ebfdb542bab6e4baa57d8f9973b5b592
data/baselines/Q09_baseline_b_20260410_185618.md,6411,93e3cdd9f1d2628b9040e44ca64b200e61014a093423894c2afbf682b2c5b835
data/baselines/Q10_baseline_a_20260410_185708.json,275,f3cb1f81837e494f3d6baed776d0e7cfe5c6a0b5c3e8067e959eadbd1debf596
data/baselines/Q10_baseline_a_20260410_185708.md,3861,0ac0d7c18d4cc331d517b569bd74b22e22d4b87474e8b5b891814673b3499ccd
data/baselines/Q10_baseline_a_20260410_185712.json,275,6610f73433f8e56a2e7dfb3eab1fb83d89fa37be5a60bc49496c48f05c1de141
data/baselines/Q10_baseline_a_20260410_185712.md,3592,a534138e2abca561e50e7378af55ae926cbc47b66af77a8de64991ed46b2642b
data/baselines/Q10_baseline_b_20260410_185849.json,12915,8326ca284662218d3684a25c5e33ba1c85b478bfd046713c20cdc887ee2842c4
data/baselines/Q10_baseline_b_20260410_185849.md,5830,5476b39f90226b1c4bad202d20250be1eedf7e6df1f2c9ce4e75c7bf196c8031
data/baselines/Q10_baseline_b_20260410_185916.json,8965,5cbc77463a8c46cffa9aa478feec2d0ae07c7b27423d2bf3b9a34c3949f87981
data/baselines/Q10_baseline_b_20260410_185916.md,5013,51955cfc525b436fc7708c2d0da4768eacbad8981f764f8f96a528cc4c82d2b0
data/baselines/Q11_baseline_a_20260410_185937.json,273,3690bbb81d9ae88d667db11162ddd26bd4c4fc5d97691d95ff51a111efbeb197
data/baselines/Q11_baseline_a_20260410_185937.md,3314,e57fc64f65b73869f94b7a64bbfe9a99610bd10bc6114bf0e4f08069035eed71
data/baselines/Q11_baseline_a_20260410_185957.json,273,4d88a1cfc318c57db7fbee35b542f8f881dd7434950cf72c9b2b6e2774735401
data/baselines/Q11_baseline_a_20260410_185957.md,2926,a554b83423ee37ec0bd7b2508fd76108304f2a6d48a6ade37520024aaf16014f
data/baselines/Q11_baseline_b_20260410_190050.json,6890,56d758ddd3a72ea6b86f92c4fd56b93c6c219c6a3993eee098f0eb41cc725f8b
data/baselines/Q11_baseline_b_20260410_190050.md,4973,5a85d3bbe9697473768dede8cc3fbd76bdabe55a6a6f313ab041357989a9f38d
data/baselines/Q11_baseline_b_20260410_190051.json,6890,a56a5a9d5371dc70350857bde963bff1d4a37c65624d50a957575a19146deb0f
data/baselines/Q11_baseline_b_20260410_190051.md,5191,e3197da12ed1dea8f54d66aa1c06412be4e5bea944321ac3dd327934b2c31bb3
data/baselines/Q12_baseline_a_20260410_190133.json,307,0c5b2fe53441a36aaf35c8fdf805ca964530dadb418f0a9ebd2aa71138c6f42f
data/baselines/Q12_baseline_a_20260410_190133.md,3930,90adac9ed02af51484930cef01dbd3ce11cd7e701c6c4b38586c4de2a5f30fd5
data/baselines/Q12_baseline_b_20260410_190225.json,1136,48155b56c2951b1d10647e1f9dc9bb2dd75a1aa738832690c6b76930285fea37
data/baselines/Q12_baseline_b_20260410_190225.md,3630,c7c35c28fe3354f273f2a5e220bfa770c39bd072db1468cd228432ad16166aa5
data/baselines/Q13_baseline_a_20260410_190253.json,294,42e32409e428ae2532fbbd8a7da7dd3975e93dcffab1726b59d771277450c840
data/baselines/Q13_baseline_a_20260410_190253.md,3635,b0338cbeccb22980099ac694688617396ed4a9496fef40c4044887d416f010da
data/baselines/Q13_baseline_a_20260410_190256.json,294,9c4ff9e9ee6e7f1d5ec01c56dcfdcb0d70173292ca4b3f206b320940f1a99e92
data/baselines/Q13_baseline_a_20260410_190256.md,3448,830b2c79a61ccc628fb94d08ade598642dcc30522f71f290af9b6727336d42c0
data/baselines/Q13_baseline_b_20260410_190348.json,7655,f031e34cff0cc24619a8a2cacfa23d0aa3c0b3e8a63844ec741d3fb0197a1dc4
data/baselines/Q13_baseline_b_20260410_190348.md,6709,69cece444fc0c8f9efc115b3d1a41c0e2fbbba1724240fc9f0f3b7ebe13d1ac9
data/baselines/Q14_baseline_a_20260410_190428.json,300,663b337897e93d8cb507fc4f673ad04d1abb8b41052dab3c651960129094b69c
data/baselines/Q14_baseline_a_20260410_190428.md,3511,70a8369a0ad3638a39947e638943dfb2b979ce0b644a1442c3df9e908932ee41
data/baselines/Q14_baseline_a_20260410_190434.json,300,acf9c4e153bb18afc6cd86dce878f464f9201732d3380df80955a876e2bc0a0d
data/baselines/Q14_baseline_a_20260410_190434.md,3819,57db9fb35e4c1cf353e355a0334f63e62027af00611f5dcd1b2655a0d0575099
data/baselines/Q14_baseline_b_20260410_190530.json,3852,919e0127b9ff49f8088de6b67b6abbee48d680e32f13b26db481510284712c04
data/baselines/Q14_baseline_b_20260410_190530.md,3926,2d34f141a8446244dc63f2012e9ce60c232e2d0a1c33862b305e7472a456c628
data/baselines/Q14_baseline_b_20260410_190532.json,3910,361642f7720b4b8387961e972aef3144e0f390121293a94a02abc1041f5aa634
data/baselines/Q14_baseline_b_20260410_190532.md,5361,be418bc51cd4414a66a0d0e463ceffc341d270c0ac45248a37e868a4bc7cc8b3
data/baselines/Q15_baseline_a_20260410_190601.json,276,0f68057e7ab7fe3cfa399075fd14a93a16ca0e16da58568bb474031b935c3156
data/baselines/Q15_baseline_a_20260410_190601.md,3707,69f2e9021f46da4bec81c8618b7b783806e9c7f61f400bdd5622af306ce106b2
data/baselines/Q15_baseline_a_20260410_190611.json,276,43bafff790d5022f62f1c51321bc706592c184dbc84b74e8b8d691eab27d7b2b
data/baselines/Q15_baseline_a_20260410_190611.md,4177,c7b5ad3d36c2fd3703699c1a98cb44c426ee576a416938b07bdfcc0e7a706d72
data/baselines/Q15_baseline_b_20260410_190649.json,8209,44fe52123425f2d8c34423d9dbe039dcd4a7fb969d1f86c48798a6195b1c12df
data/baselines/Q15_baseline_b_20260410_190649.md,5059,1d39596d77318dcb00b11d109cefc2773fdbe638b4033712b78996304da7dcd2
data/baselines/Q15_baseline_b_20260410_190827.json,8423,dcf0a36a670ac8f0b6183a442820fc30b4e9d774d75315eded7a48158510f115
data/baselines/Q15_baseline_b_20260410_190827.md,4504,6b87ce1a8cc77c82d308d088646c465086f1287cee0202c2700af0ebb0546147
data/baselines/Q16_baseline_a_20260410_190725.json,297,134ebb1a1db82e2df76a2505866ca10e8b798af242fcbff66b9ba4f6d30b3bdc
data/baselines/Q16_baseline_a_20260410_190725.md,4945,b3f3b083de9b4e8f692886d48119c7d3ef55c8d5d3062b212e1f805bdf8dc2ba
data/baselines/Q16_baseline_b_20260410_190830.json,8283,5f1d779d30bb74315ff11d92b5fbf694bb4e1c00aa6178956ece00071d626a1e
data/baselines/Q16_baseline_b_20260410_190830.md,6060,9cf560569ffbe22b88d5e01e9530757c9a09bfa63b92bbe1a02b0ae044459b35
data/baselines/Q17_baseline_a_20260410_190911.json,291,cb6e7075f6c5911605ca53b4b27ad3c8011487e5ab8a933ecbc3f3ff4ab95e36
data/baselines/Q17_baseline_a_20260410_190911.md,3398,2d923b7d2ab29e813a6d5c5939b759ca765f9642c39762060f8a36cd440f3fff
data/baselines/Q17_baseline_a_20260410_190914.json,291,ae4d955343fe7a32adcc421dcfabe7fb8acd17be13e2ced4ac9f06b1d4a8c9cd
data/baselines/Q17_baseline_a_20260410_190914.md,3632,dcebc7b761f5995de36cf0a9e3ec85b7e47aa26db5a749b3daa2bedab9b5eb32
data/baselines/Q17_baseline_b_20260410_191018.json,7410,1d478a98c29bfd29b8c736aa84c95fbfc159ae3bb092787e2e180b6b53f00630
data/baselines/Q17_baseline_b_20260410_191018.md,4967,65f993cff88104d8d73a6c1cc68cb2f542bc99c75999d5ebd947723ba3e80b39
data/baselines/Q18_baseline_a_20260410_191053.json,270,daf1e15e5cf7fcef0b328892d9cf4b9f44fc97d7015155ef6470bd62ce93ff7c
data/baselines/Q18_baseline_a_20260410_191053.md,3390,7070183938c9315a2119d6aea288b058c40db9fff4aed8965834f40792d41ea3
data/baselines/Q18_baseline_b_20260410_191139.json,3542,dbb87dbb10f1134da77a771fabba555aaa57199ea2a772b51ac4208f88f68776
data/baselines/Q18_baseline_b_20260410_191139.md,6168,40b79cf58bcefda8442c278e8c660ae768e9ff2896137780ec0d6bd80e79c37e
data/baselines/Q19_baseline_a_20260410_195748.json,279,c86dbd2ccb063f7dd364416e74f79ae333c6cd9d681776f0fc3fd35e74bc4c60
data/baselines/Q19_baseline_a_20260410_195748.md,3396,bf7cfcc9bfc735720aab863367433e84f47673541b113002a2229b87a100d7dd
data/baselines/Q19_baseline_b_20260410_195839.json,8474,80558ceacb2457a0b471f6c0ce4c2f40fbaedd4dd62b66275da133adc8f387b5
data/baselines/Q19_baseline_b_20260410_195839.md,5490,f774b70f2269eee49a81d352499642d66e4482e8b99b7889368406a79b101a9c
data/baselines/Q19_baseline_b_20260410_195857.json,8474,6a3bdbfa7555bfc8b42b6f41f37ea2e692649617d467daa0a452c7632d557d35
data/baselines/Q19_baseline_b_20260410_195857.md,5925,bbc86b8c131402ba706f33127f45a84906d3b7001d91321dcd5834c6a5f1b816
data/baselines/Q19_baseline_b_20260410_195906.json,8474,1020e8bfd8764b12dd54c7e427ef0a00281f8a859acb4927cf6a6c80dd2f589c
data/baselines/Q19_baseline_b_20260410_195906.md,5615,a4705baaee316df493399fecc686d67a0dfc6a5f1715456f08158178380abac1
data/baselines/Q19_baseline_b_20260410_195936.json,8474,5d1debd105ff5848d2aecd22b133ada5a6230f476091adce1df1d91665f94b69
data/baselines/Q19_baseline_b_20260410_195936.md,5253,68602b63adc4d32958429c7e013eca6769b7e61f3194045c1e4025140d18dec1
data/baselines/Q20_baseline_a_20260410_195919.json,285,64c69121de080f4ef771e5d3b3fd0ed5dde3fe39cf4d6b5d96ce1a0480e4823e
data/baselines/Q20_baseline_a_20260410_195919.md,3519,f32935d07616d207f209d7aa58a570de3198ce9a79e981897fb05ec340ff2ad8
data/baselines/Q20_baseline_b_20260410_200017.json,7348,f68f7e6298ca8861a7ffb02105370c3a88d8a40d13f8d6af099db4bb7847ca12
data/baselines/Q20_baseline_b_20260410_200017.md,5504,a96d3da7bed6c196ac2f75de60dde8b2962b0a05d6c00dc1f170398903c3af09
data/baselines/Q20_baseline_b_20260410_200046.json,7348,47152d267dbf68f3ed2aabcb6b0c41c68cc3259a11077f42479d03f162bfd8bb
data/baselines/Q20_baseline_b_20260410_200046.md,5239,61c042e924c822cf842b8b186882b1314f322b92f26bf842eb890224576fc3b7
data/baselines/Q20_baseline_b_20260410_200100.json,7348,7a8486536656af7550e497d68c656747aec2d741bcc5b65722081b204eb189fa
data/baselines/Q20_baseline_b_20260410_200100.md,5349,662300cd614b4c5e49dd4074460b0664aa0fe0bfa41f6ea73c4ec3e15b58e774
data/baselines/Q21_baseline_a_20260410_200058.json,286,fe129380a8c791a4589e3578bc4d25bb1af9f939942ef6736b12909ecabf7b50
data/baselines/Q21_baseline_a_20260410_200058.md,3283,b4f4005d20ad3a16c0cea2c69195a63e7dbbfa5d142a5fcce284abe2d72fae36
data/baselines/Q21_baseline_b_20260410_200307.json,7610,1af204e8c8e870705fd8484dfc7ca8bc8768322a788cb9413a9054cb90c8c924
data/baselines/Q21_baseline_b_20260410_200307.md,4591,97d4d2507dc0bbe1b6e58d08389e41c56d703cc371569c3a923c6e0169dd1197
data/baselines/Q21_baseline_b_20260410_200318.json,7610,08c2e940ff5d2a87f2647a2083a245caf344c2b459a2291fb36c7c81d089fc26
data/baselines/Q21_baseline_b_20260410_200318.md,5292,ebcd69fea716fbe6d81fef73234055699145fe682a9a452782d4edd15e604f2f
data/baselines/Q21_baseline_b_20260410_200331.json,7610,ee42f335a376a0b1445abb260eb15a7cf5bdf7f94c1a3b2822f7e77a74ddb801
data/baselines/Q21_baseline_b_20260410_200331.md,5775,44f5fe135cfa34dc21d109ce15934164772986d0a3374a2f48813f840c7bf44e
data/baselines/Q22_baseline_a_20260410_200344.json,280,dbec849ad7503583dd8eeb1deb60f56f8a683a1ba9f435669bda2c2db9375e7d
data/baselines/Q22_baseline_a_20260410_200344.md,2827,ab6bde03159e11ceb21b2380a7025a464928500e9a6abf44f26af7c0d169a9fb
data/baselines/Q22_baseline_a_20260410_200357.json,280,892d4b1f48a8bdcebec30c54385dac66cdcafbed1c1b41f73064c529b71051ab
data/baselines/Q22_baseline_a_20260410_200357.md,3344,85a80ee1be7026e5910dc6183e1548c04b479a2a4fcfdd9458431323c3bc792d
data/baselines/Q22_baseline_b_20260410_200528.json,7692,7c23addf38726de1096fd24fe28a69aae8590d1d51c244373d201347cec0a938
data/baselines/Q22_baseline_b_20260410_200528.md,5356,90e0b4ebfd87135a218f5a0c30b6f1a108b3c6b63f83817b3c46e95a15e0599e
data/baselines/Q22_baseline_b_20260410_200555.json,7692,915d4c6beac8696d61e8b8a36c2deadb81561faed3c5aaa65c8a38ed0a5855b5
data/baselines/Q22_baseline_b_20260410_200555.md,6129,8f95d0e7f4168a5fe9f3322e2e714f126d4fc0c4535002d6fcd922b2ff99b51a
data/baselines/Q22_baseline_b_20260410_200558.json,7692,377641d5efd89ec4c50213e989b247952ac1c710b9a4aeb86b130ad002a184b2
data/baselines/Q22_baseline_b_20260410_200558.md,5770,72565d8b600875b1d240bd3c5741afe8bb71e405849a7b0a0129a50fa4571edb
data/baselines/Q23_baseline_a_20260410_200604.json,298,5554348a016a4c2c880c623fefe6bb1ea51a73f78de69e110e39660b1a663727
data/baselines/Q23_baseline_a_20260410_200604.md,2902,9d752dfe8d6ab2480c6c84addc996df29ae7db82a10ceafc88870493baa5e5b4
data/baselines/Q23_baseline_b_20260410_200724.json,7631,f0f7300ff2aff574ec531ad20629b017e431bcc074374b89ca9734d9a8a6480e
data/baselines/Q23_baseline_b_20260410_200724.md,5905,4df0ca7313e17b7247a335d6fdb2625159b278526cb18090947bece410ab64d2
data/baselines/Q23_baseline_b_20260410_200826.json,7633,762edf58a4cb0d19e4efeb739046d8ba1b8ec0e9dd2dcdc729278a9354b4ed20
data/baselines/Q23_baseline_b_20260410_200826.md,5707,37081bb335d656caaedef8e701c97ea11fe1053d3917c5b94f3eb12d631ba280
data/baselines/Q23_baseline_b_20260410_200833.json,7633,25e2d515c276d8ae115cd3abf07cc1bea26728d6a42956731da5cc62c210d4e9
data/baselines/Q23_baseline_b_20260410_200833.md,5383,dd961be25fa7879c4b97fa568db36049dcbc51bc938990c612461b42f402dd6e
data/baselines/Q24_baseline_a_20260410_200805.json,289,2382c588d5dfc1915ea907f7610d153c8bf4d0910ae467d6b84dbd012c661e7c
data/baselines/Q24_baseline_a_20260410_200805.md,3050,8e1626a21d41f2050d2335c9042eb61d74a3925551980e570ecfad04bdfd99a2
data/baselines/Q24_baseline_b_20260410_200925.json,7652,44983f09260537f21b28d11a49bc6ed8c1d1cd027f211786f49012260d0659c3
data/baselines/Q24_baseline_b_20260410_200925.md,6378,03fc614ed663feeac2acb0d852ddfbdb21cc59170254fe5ed797cc5113a0e9ae
data/baselines/Q24_baseline_b_20260410_200938.json,7652,5826bfa1d03e7cb6dbd47df30e11695d52917bc6824dfe1c426aa69cbef20961
data/baselines/Q24_baseline_b_20260410_200938.md,5158,7ec738236614bed0dc5f2fada4e0a8dff5ba2160b175bd13d7b439e74c5c81f6
data/baselines/Q24_baseline_b_20260410_200942.json,7652,659ded87114b96d3efc3e5d47ea7287c6261e90642b9fcd2efc73b0b2339b6f5
data/baselines/Q24_baseline_b_20260410_200942.md,5950,fc35b80476592ee09f3940d61792425ac980f3f4bf1abbb541d17aa4dca5cb5e
data/baselines/Q25_baseline_a_20260410_201009.json,294,ae023a4364becee4cda117472e337579e4c172a50459d080166be4a38bcb1b69
data/baselines/Q25_baseline_a_20260410_201009.md,3214,d6b018693ffe4d0fc955ca380955f373da6d4d07a40aa9bd0663fab8fddb0a97
data/baselines/Q25_baseline_a_20260410_201016.json,294,d7eab5d0064539eb89a001bbe48c1041cb524ab20e18c1fa0d4c50d572834206
data/baselines/Q25_baseline_a_20260410_201016.md,3163,75ea9b2fd4162a9ca43f18e8074a9bea7dbe090dab532115fcc68d901d0e3b9b
data/baselines/Q25_baseline_a_20260410_201025.json,294,dd9e0c67b01ccf2fbd56c737d47da84f683ae056cb9992dce60ac8df19adc970
data/baselines/Q25_baseline_a_20260410_201025.md,3292,c5a408807f7288b9c8b718bb3baa06329254be276dc8301993cf4687a439a402
data/baselines/Q25_baseline_b_20260410_201111.json,7945,676d6c2b6601fac6b6abfe6d4cccd8bc6db32d0c114bec9669c63a941dcb29a6
data/baselines/Q25_baseline_b_20260410_201111.md,5961,7e0df796ff41841bc88017360473896b5cb57beff0d3cb7a82bc49b550986716
data/baselines/Q25_baseline_b_20260410_201113.json,7945,af65db7e7b8c71d83acf829ceacca43012a24bec457a32b12dc2ff799344168d
data/baselines/Q25_baseline_b_20260410_201113.md,6696,9cb7e45b90b85ed935ec10ba5a34be6ca520515d82769467173196e61e617207
data/baselines/Q25_baseline_b_20260410_201122.json,7945,cfbcb4a4d3369433d7c60c5ae2c7c812e6ebcc442b966bbf84b9e40d8d52b903
data/baselines/Q25_baseline_b_20260410_201122.md,6120,17279d611a912fdbbeccb63c582498202819080e4e8df642f53c3863af405e11
data/baselines/Q26_baseline_a_20260410_201150.json,256,193befa7b7abf903830d0e72f23f168342e2223b31cc2b445a6ed42dfc835007
data/baselines/Q26_baseline_a_20260410_201150.md,4698,386cfc21f42a5f5091ab9050bb8a9ca0079c289e9a5e3260241b76fd7c23d4f9
data/baselines/Q26_baseline_a_20260410_201157.json,256,75ce2a68b4d1bc58fbd02791c6b42158f3cbdc3f6163dad3d6958b9e054b0af3
data/baselines/Q26_baseline_a_20260410_201157.md,4522,3b4a8b005372a4b82b6a3d091245fbe0850b1e64536826ff37d4e5188298e297
data/baselines/Q26_baseline_a_20260410_201202.json,256,d681eb85f34fca805bd8e55385b71ef84bd342df7899110ea29d7ae7c79626a2
data/baselines/Q26_baseline_a_20260410_201202.md,4258,8fda2abd6271e0446d112cb8d24bc2e28d202e180d024cb02cedf0c9d190a26e
data/baselines/Q26_baseline_b_20260410_201255.json,16471,e4a1f65f7835d3ae530f529b2442d976e5190c446cf3ac70525103f74e5c1904
data/baselines/Q26_baseline_b_20260410_201255.md,6203,337ee04dddc2577ef5adf0ea8590e79cd719f0fe072a5afbfa2451609e6a3033
data/baselines/Q27_baseline_a_20260410_201331.json,282,5d9a7ae847eaa8b65e3b31388be45f52eb3b003ab632d1c3ef1c3534c03b3889
data/baselines/Q27_baseline_a_20260410_201331.md,4076,30a2b9ae0e97b71e73be68f6f9abdaa39f83718f909c61ce39754c9f92a3660a
data/baselines/Q27_baseline_a_20260410_201334.json,282,c8a45e3f9b4dfebefdcacae010078a1cb6705cf788042eb665e182b27634c5f0
data/baselines/Q27_baseline_a_20260410_201334.md,4227,29d14782cd7f29eaf8bea7b1f6e9ccb56e710f0d6288b3e72c935bc24eb16ae8
data/baselines/Q27_baseline_a_20260410_201336.json,282,ac78566ceed969b7c12951aa37460ee009a46f226fc1827b1dca9cc7adf5bc88
data/baselines/Q27_baseline_a_20260410_201336.md,4707,7a7e2b3e88a3d3280eda2764df457e2f0ebe0352069b60b9ae2b2ffa1544151c
data/baselines/Q27_baseline_b_20260410_201434.json,1169,8643fa2070c6a07d6e381c96b10bd9ee90de64c8d9f9bea222a74414268c6e96
data/baselines/Q27_baseline_b_20260410_201434.md,4098,58a738ac5ea67f3a901de34c6365698dc49201487b95fefaa6139ae224246a31
data/baselines/Q27_baseline_b_20260410_201441.json,1169,37bc059efc9139b5e5a5cdf189b31dc862ac60149c9a29f5c5739bbc7b602834
data/baselines/Q27_baseline_b_20260410_201441.md,3507,9e0764cd5738ba855ffeeaab46eb3a78e42781dc3aa272173b1307dbb6e66350
data/baselines/Q28_baseline_a_20260410_201501.json,281,b61185a380933be537e295e5472348b59e3393558fa584b1b12598c319741ce2
data/baselines/Q28_baseline_a_20260410_201501.md,4443,87cc33b5bb7f97cb87e0ad8d1a68ef2a5d26343e2cd942cfb3aa9a87726c5e41
data/baselines/Q28_baseline_a_20260410_201503.json,281,5310905d034485867c557f70108274a8e1a242a02914c4c66f085baf8d0e45da
data/baselines/Q28_baseline_a_20260410_201503.md,5256,3a02494d5f2dc3b4080759f685c68802d46a7256740719dd8589ecad78f21efe
data/baselines/Q28_baseline_a_20260410_201508.json,281,a258a3d3804632ae780e653aa99af22075e3f18e60a8dca26b84b49aa725e5b3
data/baselines/Q28_baseline_a_20260410_201508.md,4744,896dc016b5fff8fae39c4245ac156ce3261e988cf79aaa8b35fb6884bb450b4b
data/baselines/Q28_baseline_b_20260410_201603.json,8519,e39522d37a28f9c4235e9ca01199e235df45c1f758dddf4bd9e863380de35d61
data/baselines/Q28_baseline_b_20260410_201603.md,6151,e591c75ae017b398cc2bfd6eca44eecd82576047df4ed0df89f04dff34f8afc4
data/baselines/Q28_baseline_b_20260410_201604.json,8519,fb2d3e653067fa082e293a267eb4d95d68e0bae80d97cb4515d0e6fceea68036
data/baselines/Q28_baseline_b_20260410_201604.md,4958,83cf1182d730b248993462f4605dbe9301715057e6402798eb21701f5e06a2ad
data/baselines/Q29_baseline_a_20260410_201641.json,273,69cfcee84bd66cf476ab90e074e9d004db40d67555c0fa2d381e05f5d529d633
data/baselines/Q29_baseline_a_20260410_201641.md,5428,185fae5aa2891fd52850852eab3c388ac0db4b39b21f0f55482c23a9dbce2d85
data/baselines/Q29_baseline_a_20260410_201646.json,273,a5dd449df74de387590dc93ef4f094285a22ffda9c12a08968e3277cb3957c53
data/baselines/Q29_baseline_a_20260410_201646.md,4180,6c950cd451648eb912f4ae7c81f8eba7aa97ef1386088abf02d2617b7c68ab8f
data/baselines/Q29_baseline_b_20260410_201805.json,12605,88c1d2b1f436dd5612dfb72652e6d5a6856016af0614a3e5cf4505b042d88cdf
data/baselines/Q29_baseline_b_20260410_201805.md,6313,164e906da1d7da1508f6969aaf5eb6ba946eb655282f44a3c4f9a08bd56b31aa
data/baselines/Q29_baseline_b_20260410_201847.json,10978,6571fb98c2aaaa1dc5097f29a44c1a70f74847f8018d85c612bc35ef4eaad960
data/baselines/Q29_baseline_b_20260410_201847.md,6431,b22ac37eb4da8f4e34caeaddb35b2aa79a74ee3e37ae21981092ae86b150f2a2
data/baselines/Q30_baseline_a_20260410_201848.json,313,7cae08525d7365205b554dcf58eb39d1d899f1fc441f2bfeb8695c9a3f913a95
data/baselines/Q30_baseline_a_20260410_201848.md,2552,80e521e4322e6ef25d3257fbc074717817564bfe4efcf446a1ce7b58b9546eba
data/baselines/Q30_baseline_b_20260410_202009.json,14123,c97dd6be54f3820fce48c34346d2befec02a80dae124560629f3446210f92225
data/baselines/Q30_baseline_b_20260410_202009.md,4942,e37761cbbbf6631000dde2be9ba565b957e50cf8452addb9e0032afabeeb32ff
data/baselines/Q30_baseline_b_20260410_202014.json,14123,a4e42ae11a157dbd4defdca32a8b3d115181054db7dbf3a7cbcbad49b60dd885
data/baselines/Q30_baseline_b_20260410_202014.md,5055,037479082b84581f5fe280e87a10dbb79dfd5053f02e3625c28f11b568ae6cbd
data/baselines/Q30_baseline_b_20260410_202043.json,9322,552a494f6f47bcfed6ffdd61c6b77ce6c28be12a61691d22e12f80d56c8f2cdf
data/baselines/Q30_baseline_b_20260410_202043.md,5197,852a9ba06e8558384cd07bc8ab2d2b2ca40f43e719046f751a6f400b57c9bc28
data/baselines/retrieval_single_agent_20260410_132927.json,6168,8a5007bc7c44031d79ac6f6038642d4b3e17c8895699bc119f39bd9e3fdbe377
data/baselines/retrieval_single_agent_20260410_132927.md,5903,605a830683c96b026c325b62475056f90afcfcc7e6236856f48973030b265c2d
data/baselines/retrieval_single_agent_20260410_133056.json,6147,52e541ade5d79c32c8afd3b593b918d5db05e17cde5bdcfae912cf1942abd4e7
data/baselines/retrieval_single_agent_20260410_133056.md,5482,6c999d45d76b861906ad2a20b1e7ba67199f8bb013782637b85b55d10f1e50a7
data/baselines/single_agent_20260410_132842.json,292,da7f5285f9f2d29d6ce79503c083edb1e54c9a6e5314c7fdc532484ce36b2a96
data/baselines/single_agent_20260410_132842.md,4099,5e13818cee52a9520f0c7341a57470873d51560915f665143166bf554d366cc0
data/benchmarks/benchmark_all_queries.json,109519,82b87a937bf746c36a5f73fdb3093784e9d07ff3e24878b2ea5a776e715419d6
data/benchmarks/multi_agent_intel_service_queries.json,5724,b8a160f70deef64be5ff03cabb5a55b3d024a82bbf9bb06a0f4d5e84f8e7d2da
data/benchmarks/pilot_queries_v2.json,12371,2950f45a4432c16ae44c386fa501f343e7c75739439968f8fe3d9cad0bdde3c9
data/expanded_outputs/method1/Q01_method1_exp_20260412_223724.json,17073,0894ea17633e06f1a40fa3fbb6a15642a22c7bd064a6c88ca0a43481032783f1
data/expanded_outputs/method1/Q01_method1_exp_20260412_223724.md,7725,f0cdb34f8ead866c4f58a359fea748f10704891fc69efc4ae1d4f64e75d4a4cb
data/expanded_outputs/method1/Q02_method1_exp_20260412_223917.json,17067,ce9381abd0820f1e297860145a177c208a362f7166395c8ff5042ad60775ca17
data/expanded_outputs/method1/Q02_method1_exp_20260412_223917.md,6658,3a0623004949b585f5f399439e37325c5c03ac1870e2f21bfd9f49a857ef8733
data/expanded_outputs/method1/Q02_method1_exp_20260412_223955.json,17067,e950999cbadb842540670ed7819f04d08a1948f9a03a468795127d8cc33bc532
data/expanded_outputs/method1/Q02_method1_exp_20260412_223955.md,7863,34e41fe357fb98dcaa30d17aa50f2ec46506ad18316eb0c07152a9270d0d754a
data/expanded_outputs/method1/Q03_method1_exp_20260412_224118.json,17085,22e5d1242e7d818e4a6635a9b10c0b69a60863a5e22d55a29a390b8250ac4b93
data/expanded_outputs/method1/Q03_method1_exp_20260412_224118.md,6146,247dab3aeff1d37811e9af233dfce6306f789fdd6519f612f9aeb7689c9501a1
data/expanded_outputs/method1/Q03_method1_exp_20260412_224201.json,17085,12136affebcfcc30bec35d5d6edd5db09e0b9428edfbb1b4bf50999ab24ced13
data/expanded_outputs/method1/Q03_method1_exp_20260412_224201.md,7486,272df81b5d4360dea5e16aff6060fa7907e07620b9631e30c31c6bb4d19971c1
data/expanded_outputs/method1/Q04_method1_exp_20260412_224306.json,15625,d6b1fd518be4732c261aea0f2c6b6926b021f429f9b7f08b1343141fb96dd7b2
data/expanded_outputs/method1/Q04_method1_exp_20260412_224306.md,6107,3e649be1262dea52e163be6bb993aac8ab2707d7253d9d56b9e96f65ce1a9c19
data/expanded_outputs/method1/Q04_method1_exp_20260412_224354.json,15625,5a5e68750392dbe9efc965facf46cdeff519303fe346ddee1584bef94d1067d6
data/expanded_outputs/method1/Q04_method1_exp_20260412_224354.md,6852,135b3d6fabf3e52a6e174a73de3b39099d12d5a8bd72ea9103484a0228ce1912
data/expanded_outputs/method1/Q05_method1_exp_20260412_224452.json,17049,1a1c09792fe64cd09642ea28481c62b26409f9ed15d5a00933a4e250116fef14
data/expanded_outputs/method1/Q05_method1_exp_20260412_224452.md,6481,d31abb0cf0e30e6cc53691bed7e9ccb10f062a8464f9046bf74a85ac3811617c
data/expanded_outputs/method1/Q05_method1_exp_20260412_224544.json,17049,e59214641306966aa71c4ca4c480ad807dc324c6df37710dcf4e02f20dd2110c
data/expanded_outputs/method1/Q05_method1_exp_20260412_224544.md,7036,ef07ec0dcd5e1614c2a0788b8a9d24e902e2659992075d92db97bfa6c42fdcea
data/expanded_outputs/method1/Q061_method1_exp_20260413_001828.json,17080,c269b15b054066cf77b3ba138942849171df5b50cb6621330e40275502cd81ef
data/expanded_outputs/method1/Q061_method1_exp_20260413_001828.md,7738,de43e9282c7f6fa3bb57746c02754d9b5dcc1bd239fe68598d18da3bfbfcda24
data/expanded_outputs/method1/Q061_method1_exp_20260413_001846.json,17080,476858ae1d6ca3be96d9e171f408e9469bbb22e63ecd7047b6ad0e6c8571f7dd
data/expanded_outputs/method1/Q061_method1_exp_20260413_001846.md,7804,ea6855c9d98d0c5a36b01e89cdedae33af972a75d9c315738da772fc5cb72dc8
data/expanded_outputs/method1/Q062_method1_exp_20260413_002001.json,17074,976b995068d0d4150050dbe120bedbb627884c0bda4c8bd5fdd360ce91a960f0
data/expanded_outputs/method1/Q062_method1_exp_20260413_002001.md,6531,b763ee0034547f69da72f1a62a475e965f8a87778d8829cac492c59fc55b7e90
data/expanded_outputs/method1/Q062_method1_exp_20260413_002011.json,17074,18c27beb1d85864c4f9febcbc92ddb84fe1d331c48552cf2bd91452521a793f4
data/expanded_outputs/method1/Q062_method1_exp_20260413_002011.md,5461,32093fcb60a1561c4e1fa8de9b4e10e2702745836dd9cb935e52818e882a5136
data/expanded_outputs/method1/Q063_method1_exp_20260413_002138.json,17083,154e402122f4d2db8e5b4c82aac4bcc56b3d2b754990c07f24ac6f1cc1ee227e
data/expanded_outputs/method1/Q063_method1_exp_20260413_002138.md,5235,fe6e98cc1491d79c9c88717440ceecace8449d8b9135fe2751c74e1122a7052b
data/expanded_outputs/method1/Q063_method1_exp_20260413_002139.json,17083,d1af771ae55044ceacf5de5e4447d6035e09c38df40adaf524883b9b9ce7e7ad
data/expanded_outputs/method1/Q063_method1_exp_20260413_002139.md,7259,18bc2ebea393abfbddf4d3b6a756078719f243f07cf6a93960ef065d528e5e09
data/expanded_outputs/method1/Q064_method1_exp_20260413_002314.json,15799,89c6f245a3d421fe7f03f5368302733487a04c0803ab44317691da640fd92764
data/expanded_outputs/method1/Q064_method1_exp_20260413_002314.md,6139,abd4e8289c9d5d4d71f0fb65c32619e25f82c1722726284f7cd8e7625f20babc
data/expanded_outputs/method1/Q064_method1_exp_20260413_002324.json,15799,3e91c879b95078c8e710b23e2bb56de618497a33d2197db113ee19d0a01fcf52
data/expanded_outputs/method1/Q064_method1_exp_20260413_002324.md,7813,aecbae3c1fba46b898c70498c99056d50afe7b6192fd1e10dc544901301be129
data/expanded_outputs/method1/Q065_method1_exp_20260413_002505.json,16847,1247a27fc6ef83e5a4d6f931b5be8264998fbb7aad06ae91a256ddd842401d22
data/expanded_outputs/method1/Q065_method1_exp_20260413_002505.md,7228,f6ded5062350f93bcfbd93c95d75d8678ae28440acd61b92878023af7b46f3fd
data/expanded_outputs/method1/Q065_method1_exp_20260413_002516.json,16847,6b56ccd2ffca93db04a145164292781e609414d33cc31d5f84fbdaf5f28a97b7
data/expanded_outputs/method1/Q065_method1_exp_20260413_002516.md,7416,1d1d49476ee4a95bab5ad3d3415d899b263dbe742819e215c65409955656a434
data/expanded_outputs/method1/Q066_method1_exp_20260413_002647.json,17083,fb19dfb054169c631d55197f1f3a924668810cb9bcfb6bc567eb2f2fdc8e2f96
data/expanded_outputs/method1/Q066_method1_exp_20260413_002647.md,6420,871b7026da48ebe43a475e5dc9726454bfe75e59890a6e9dc6ebe3bc4ef0dc33
data/expanded_outputs/method1/Q066_method1_exp_20260413_002652.json,17083,b5e4a9b7b43c1da229f051ce267fed141ed1c1e70d8e173748f13cdf976fac89
data/expanded_outputs/method1/Q066_method1_exp_20260413_002652.md,5904,1021c63dc57747c3bba57b946533b8b427cca25e95da7ec9c51361fe179d7a5f
data/expanded_outputs/method1/Q067_method1_exp_20260413_002809.json,18034,497c20d6f34b3f160626cc5e443cc15956b939019f483fbfac45c9473b4962f6
data/expanded_outputs/method1/Q067_method1_exp_20260413_002809.md,5479,737ae2c41fa660a0f79a2d4ee4fea30ca4e620239da56c42b1096ed9571e59a1
data/expanded_outputs/method1/Q067_method1_exp_20260413_002814.json,18034,55292a2fca97db5625544251b184f9d029fd0820c7ebfa7cfa9e3fbe890a090c
data/expanded_outputs/method1/Q067_method1_exp_20260413_002814.md,5506,c8e076797bb6246ea6f02b38308c5ed7f96085f1d9ea4465166372756823e527
data/expanded_outputs/method1/Q068_method1_exp_20260413_002940.json,17089,383f6c4d1ca3d560370cafcf54e03a0b2a2e56ada70426b56798c70070e5abc5
data/expanded_outputs/method1/Q068_method1_exp_20260413_002940.md,5838,922678d8699a7b375808e5cc03eae126f0e3eefc74b49dbda988370b72a9f9ff
data/expanded_outputs/method1/Q068_method1_exp_20260413_002945.json,17089,a6483fa67a71433f8f8be28ae534ce476ac9788b640025c04c8aa944b433e15e
data/expanded_outputs/method1/Q068_method1_exp_20260413_002945.md,5912,6bbc803435bd9df26bcd454f8df6bcaea1c0f4922581d958b5a034819f928664
data/expanded_outputs/method1/Q069_method1_exp_20260413_003110.json,17080,c31a6108ea18fdc2ce944bc4c1d1c1e12637440165870a43901b61da87b6982a
data/expanded_outputs/method1/Q069_method1_exp_20260413_003110.md,5459,a7fd544929d3b545cd78a62d7fb62a77dc38c1f013321f6d02cd2a7876678cff
data/expanded_outputs/method1/Q069_method1_exp_20260413_003112.json,17080,36355d39636e9dcb00530fe3670ed5a471a2411f94e450597d59b09ccf617c2b
data/expanded_outputs/method1/Q069_method1_exp_20260413_003112.md,5185,34d61828694a52c5f77daf7de6e3d24f770fb2ec6da3cdd5b2019e4986b85883
data/expanded_outputs/method1/Q06_method1_exp_20260412_224639.json,21309,12968f3fc63b388763fa9589d82bd870e962743140aa8230cb2afbff14ba7225
data/expanded_outputs/method1/Q06_method1_exp_20260412_224639.md,5537,83b039de97c6c69914f45bbdbbd810c802a2a8f5c3ae132dd3399f3971e3edc9
data/expanded_outputs/method1/Q06_method1_exp_20260412_224736.json,21309,b9023b53c6ccf64fa75eabbc8038e320eeb06cf9c99cfdcd1f43225a84f3d232
data/expanded_outputs/method1/Q06_method1_exp_20260412_224736.md,5845,8975ab524293d0e3cf3884af40cba3adab134d9cc53fa750f6d81630b887c7c9
data/expanded_outputs/method1/Q070_method1_exp_20260413_003249.json,71071,88a5c793e969d8fc5762b6a8a40680c9977d2e8d1dd4fef31e66898c1c6dc7b5
data/expanded_outputs/method1/Q070_method1_exp_20260413_003249.md,5797,e8d9075ba7a45c0f591586d624b09d908b453ab4ba6b1638008dab4965374bd1
data/expanded_outputs/method1/Q071_method1_exp_20260413_003437.json,46655,d68defd2a445f337cc1fef893b3a1f420e2737358d6a1c0b7d5d768e590cf495
data/expanded_outputs/method1/Q071_method1_exp_20260413_003437.md,6181,782f1a8fcaab00e92050ec48564e19f970d7edae05bb31ca5abb708be688b30f
data/expanded_outputs/method1/Q071_method1_exp_20260413_003445.json,46655,2c41f280edeebc63f7b10e15ee3589f2a2b29a4e0672b7339001b1bc08b39f85
data/expanded_outputs/method1/Q071_method1_exp_20260413_003445.md,7057,2bbcc0137f00ef0bd903fe463b035f27e900135ce2bd7b5f3f72352ba5855321
data/expanded_outputs/method1/Q072_method1_exp_20260413_003618.json,10591,9319fa464f0d8d3f60d48fc3f367b0b17546515c6ab7e372c8a9d5e6cffd73e2
data/expanded_outputs/method1/Q072_method1_exp_20260413_003618.md,5439,a19214c9cb43a92abccf1d7b6035bd96ff60c1998b7fa583a2d4302fb90840fd
data/expanded_outputs/method1/Q072_method1_exp_20260413_003623.json,10591,c3363f57ee0a0c6b8d94ba36f6b8c1fd3c72165c68806206e11d305f4cfa881e
data/expanded_outputs/method1/Q072_method1_exp_20260413_003623.md,5721,3257f7397606f00c3c3a60e89744f20c2fd4366dd11d531296bf4d972b9b7ffd
data/expanded_outputs/method1/Q073_method1_exp_20260413_003746.json,17116,c2da803add7b6adecb76637a5a798a3244dd54e2c1b6c8ca44bb554db949a581
data/expanded_outputs/method1/Q073_method1_exp_20260413_003746.md,5377,6d533f69862d4da16323e8a6f0f027a1c6303d78ec4f203651f48417a751d84b
data/expanded_outputs/method1/Q073_method1_exp_20260413_003749.json,17116,e3432d8833d6aca55760238d5b374cf11642549e552501691db3911ca0cee8df
data/expanded_outputs/method1/Q073_method1_exp_20260413_003749.md,4891,9ba4b8667e80fa1ebba46e4d66c15a368e64286171c137cf92f6451ca71bd67d
data/expanded_outputs/method1/Q074_method1_exp_20260413_003910.json,158185,272d8354645974cffadc2279db10aa08b00f8fad7321e22c449cdc5fd78c9469
data/expanded_outputs/method1/Q074_method1_exp_20260413_003910.md,4866,0ceb9329e8881e48887208b06343a66be950bbaeaedb3f9951d3f915239a2e19
data/expanded_outputs/method1/Q074_method1_exp_20260413_003913.json,158185,e23c5d34079f735219d2467f2985a162c53b7e48d0078c7a2984fc2ae2dd10d2
data/expanded_outputs/method1/Q074_method1_exp_20260413_003913.md,4809,092b4417f4a6b5d2724ba4689c233f003e329f2599fa387a80b2f0b6683d2f14
data/expanded_outputs/method1/Q075_method1_exp_20260413_004038.json,20729,0b321796928e2c0bf08546bf41b69e2897369f9cc953587e38e6bbd513fcf103
data/expanded_outputs/method1/Q075_method1_exp_20260413_004038.md,4940,00b2f49d45488c5c5d84106e4dcb5f1b4b6fd4a189d84f628e521f5e8f6b3116
data/expanded_outputs/method1/Q075_method1_exp_20260413_004040.json,20729,00cf71a301ac430f5beb2df9a57a73b764a53dbad1a4def6d5ad5ff77231fcb3
data/expanded_outputs/method1/Q075_method1_exp_20260413_004040.md,5883,fafb5957732a2f5f104e733524b474a26fdec5acd7c4b8cc979212dab595d5ff
data/expanded_outputs/method1/Q076_method1_exp_20260413_004217.json,25119,80a6dd10f0517db9cf41557b79ccd75fb3ba8995cdf8ffb92cedfe20441f177f
data/expanded_outputs/method1/Q076_method1_exp_20260413_004217.md,5184,187e117c063f7d62caaaaf2aff60a0b0e5ef0d5823eacb28398d45af764a033d
data/expanded_outputs/method1/Q076_method1_exp_20260413_004223.json,25119,c509457bcedf99695072296c535f6d1386ce9712c662d5a694de4c36244ff4cf
data/expanded_outputs/method1/Q076_method1_exp_20260413_004223.md,6804,b075cc55d8a1a3b5567227cb9997228776bfc53762f78404f5e77905fd743afb
data/expanded_outputs/method1/Q077_method1_exp_20260413_004340.json,17085,61c05213f0a3889cb5bb74e9ac22b2a987a717260ed3af134bd2751597b7e8a3
data/expanded_outputs/method1/Q077_method1_exp_20260413_004340.md,5580,82d37066bc9a43c678d27b7acfb1d4b4e0a36754db0931f757dcf69f54c70eb9
data/expanded_outputs/method1/Q077_method1_exp_20260413_004346.json,17085,7013889a8be18c3328b35d9ae7d9b04b09ac7055ca6b17386e9e756e6f8eeae6
data/expanded_outputs/method1/Q077_method1_exp_20260413_004346.md,5900,eb433f9714548221086395a5d4bf0263119a3a8d194ce12fadd0b6e71bb77583
data/expanded_outputs/method1/Q078_method1_exp_20260413_004500.json,18093,35cc407dc6421e12db54e7fb80bb18f9dfa218309ec906863eac08e8f08c44f1
data/expanded_outputs/method1/Q078_method1_exp_20260413_004500.md,4038,1c39f508c62d52ace7417551bf2d5c044722b55bd86c666bdc9ecb805b777a81
data/expanded_outputs/method1/Q078_method1_exp_20260413_004509.json,18093,3a96ff63555b83abca55cf29f297ec39ff284619dcda4050983e2f7428143b6f
data/expanded_outputs/method1/Q078_method1_exp_20260413_004509.md,4654,689756e76b73dda1d80fc8f678e5649272ded038a0d0c24600468a13269c26fa
data/expanded_outputs/method1/Q079_method1_exp_20260413_004629.json,17107,315297a81a0b746d01a04289f6ec9f5098cd9aa40d8354e07aea68cde2b71531
data/expanded_outputs/method1/Q079_method1_exp_20260413_004629.md,5195,fbdf751068e68adc475556e158ae2da519c369774e3cbe40ad9f52ae8f33a3d6
data/expanded_outputs/method1/Q079_method1_exp_20260413_004639.json,17107,8ff2622b198938b829a463e2d20be26288a2c14d76d313f075ba30f8c204a0f8
data/expanded_outputs/method1/Q079_method1_exp_20260413_004639.md,5410,88ae00044518577c543d542701232ef0120c42a30233be4237d6ff8216db7fe2
data/expanded_outputs/method1/Q07_method1_exp_20260412_224800.json,7594,d1988b0a04a88382c32dcdf08f2d4f946aff16e10ce2347b20665ab622662463
data/expanded_outputs/method1/Q07_method1_exp_20260412_224800.md,5167,66da0ad93f3e7fe3226d45015fe26fda92ed3f84bd754bdf1c72ba9d8bc0d5a0
data/expanded_outputs/method1/Q07_method1_exp_20260412_224859.json,7594,dbc816b0fcf7db253e92df70223c6a2a7e07590e6d36f3b0b88a3df8a3cf4517
data/expanded_outputs/method1/Q07_method1_exp_20260412_224859.md,5467,04c91a192cf56a34e0ade842dd5f630514096b8bff77de702522b412efade89c
data/expanded_outputs/method1/Q080_method1_exp_20260413_004753.json,17089,98fe3a7a37767f99e034eeb19444d8efa29097e6b3c680c96ec000e71612238d
data/expanded_outputs/method1/Q080_method1_exp_20260413_004753.md,5644,f883e7cfc0e9d4469832db1e88922c6428ddd863a46cc5e361f85439c80a6270
data/expanded_outputs/method1/Q080_method1_exp_20260413_004810.json,17089,169a1cfa74fe4d2c85b51a5d52290cff8523bcc2576261b20dea3c98f0aca359
data/expanded_outputs/method1/Q080_method1_exp_20260413_004810.md,6356,884592b87cbba8b3bc0f4e7166e7edc8877aa6f5dfbaef37f75d09a5338e92b5
data/expanded_outputs/method1/Q081_method1_exp_20260413_004917.json,17089,6a4581af27e740c334ed19b9719ec04c7335b1b1efe2a46ad96bdb094d7a1ea8
data/expanded_outputs/method1/Q081_method1_exp_20260413_004917.md,6258,98ff6c072acf771986fabf730eef20466db00d10ec486b5ff5e87fbf793713ee
data/expanded_outputs/method1/Q081_method1_exp_20260413_004935.json,17089,9edab0fe74a7bd884dbaafbad679bcc75f359d475b1a064e301812bd7d0fd5bb
data/expanded_outputs/method1/Q081_method1_exp_20260413_004935.md,6401,66f1f7cabc99920f051c835d0124ca442cbddd284a60e21aff75ba893dcd2a75
data/expanded_outputs/method1/Q082_method1_exp_20260413_005054.json,35181,743cfe011c400215e6ede6d8a8dae26e3f176f0389203a81281fe1507cf40b0f
data/expanded_outputs/method1/Q082_method1_exp_20260413_005054.md,6189,009cfc2fcd2268cd8b2ff0f19f6f8cff58246caffdacd0f05b3da7a72549f7e3
data/expanded_outputs/method1/Q082_method1_exp_20260413_005113.json,35181,3c7cf7cd3746bd41fc27e4e26006f90b0811698777aea93b456bf70c4ad8b924
data/expanded_outputs/method1/Q082_method1_exp_20260413_005113.md,6691,2e59debf83f75a5b330b3ec0d7fd523c0fc1f1ba0e1d95704a814cb2516d2ecc
data/expanded_outputs/method1/Q083_method1_exp_20260413_005217.json,15184,3833731ac19432ac8d393588437839a916520486f3d302f723ad07ec909a914f
data/expanded_outputs/method1/Q083_method1_exp_20260413_005217.md,5331,2d2cd251b49d6cfbf9d22022857cc84f65a524eab27e80a49250a9c2f39e4498
data/expanded_outputs/method1/Q083_method1_exp_20260413_005233.json,15184,9e0a3e5bc4e1b9e6b3d49271920e411bad1d0b4cb403325af09934ab21cef94a
data/expanded_outputs/method1/Q083_method1_exp_20260413_005233.md,5585,ffca8eab0d99b3f9ae2566a4c42395439113c171c1d0d2d3452aeae74a80abc9
data/expanded_outputs/method1/Q084_method1_exp_20260413_005346.json,17116,6e9ec57c840bffc291fad2004030b1db26e38a5c395010077747790cf7c884c1
data/expanded_outputs/method1/Q084_method1_exp_20260413_005346.md,6259,559408d6684866f9e201097d9a52bd509abb70a8d965634333b7410af0fe2fcd
data/expanded_outputs/method1/Q084_method1_exp_20260413_005400.json,17116,0fe4aca8c9c082746e233656be3bff90cbeb74fd87c4ba6fcfd0106c208ca88b
data/expanded_outputs/method1/Q084_method1_exp_20260413_005400.md,5919,cb7a7b86ad5baa24a4dc967b549650356821399c201648faddd47f8ef75316a5
data/expanded_outputs/method1/Q085_method1_exp_20260413_005510.json,17101,c2bd25d8dcf91db8d786582c3e49d66c4f6882f4b81d47b11c4e343cd7bc9fc8
data/expanded_outputs/method1/Q085_method1_exp_20260413_005510.md,6863,ff95e9f5e0cde4b24211cdfd2b85ccc9620ba90a919e52e5e26ae544de10824d
data/expanded_outputs/method1/Q085_method1_exp_20260413_005523.json,17101,ae4a616de5518409781cee552f6a6f875c2eff38170a364c9961a15ccc7fa7e3
data/expanded_outputs/method1/Q085_method1_exp_20260413_005523.md,5755,e29ee5a40ebbe8d3108692efec9f2353c10281343bee15e4250658a808816ab2
data/expanded_outputs/method1/Q086_method1_exp_20260413_005636.json,17089,130007210b464fbdee4755219d3cd91bd2c4640af7c2fc34fa6ac68247f1714c
data/expanded_outputs/method1/Q086_method1_exp_20260413_005636.md,5556,cc3f77e78a0045a4286c2dcf8bb4221e100bfc5095dccf59c7fc8212d0fd0c82
data/expanded_outputs/method1/Q086_method1_exp_20260413_005648.json,17089,482d85ce67bbed9e61cb6b368cbd3d3e4d9e38c6fb022d944a4db5821a1819c8
data/expanded_outputs/method1/Q086_method1_exp_20260413_005648.md,5814,6f0b621107589fd7e77d0e10cd802ad62b68ab304cb2f675104010e9eaeacb90
data/expanded_outputs/method1/Q087_method1_exp_20260413_005808.json,17099,1245eeb656a4f51223eb7921c955e3baf51ad42ec75d7f7c97b7a119caa385fb
data/expanded_outputs/method1/Q087_method1_exp_20260413_005808.md,6241,a34386686facbd9f9105e606dd1acea91cd84778e2acc866507115ba2872f018
data/expanded_outputs/method1/Q087_method1_exp_20260413_005817.json,17099,4a28f4309c358aed79feff5f708c052d3771c9e2914df4387140704eb9fe6cfe
data/expanded_outputs/method1/Q087_method1_exp_20260413_005817.md,5693,88c80db0a4b034ca18dbee171ccc44a4fe3a2d3399b770cf0ac922c8fa86eada
data/expanded_outputs/method1/Q088_method1_exp_20260413_010006.json,19034,b298a6cb08d842c47348bc834b7d05238000c449b064ff8c2cdc962a169044a4
data/expanded_outputs/method1/Q088_method1_exp_20260413_010006.md,6445,9c02c48063304f0a22933eba731491739f112f63e0673382852888b8508a4920
data/expanded_outputs/method1/Q088_method1_exp_20260413_010008.json,19034,d2e7c0ee54eff279de6c2a0be1084663348852b911a62f02c3fb3e7a288b244d
data/expanded_outputs/method1/Q088_method1_exp_20260413_010008.md,6286,9a120ff3f3f680e1b8d4a0344300f651ca1896c8ae0c57f988d5343f6b3cb605
data/expanded_outputs/method1/Q089_method1_exp_20260413_075143.json,20789,7d08dedca921c00a5b08ab96bb89dd9a262d7efb77fed499b4bf2d04d8db4d8e
data/expanded_outputs/method1/Q089_method1_exp_20260413_075143.md,5712,2b421309bcc67bc6bd6b4030535a53d8ab5b93343e8360e61173f46d08e7210d
data/expanded_outputs/method1/Q089_method1_exp_20260413_075144.json,20789,27e0254a7039fa5dfcd43cfeebce7dd8e0791a3e7c9d75ea01724b3f3fbfbff8
data/expanded_outputs/method1/Q089_method1_exp_20260413_075144.md,6552,25b15bff406856f3bb9cc055ba6172bf9c1984d258271d039a9cb2f30a6287c3
data/expanded_outputs/method1/Q08_method1_exp_20260412_224930.json,14311,d3711a0b34a005101830f8b10c225c95733e8c0be31b5347d14521280baa9c38
data/expanded_outputs/method1/Q08_method1_exp_20260412_224930.md,5280,393a6fc845717b2b69b90cf11e6f1f9feeb6cbdb527b3f5b5152e2d25fddf052
data/expanded_outputs/method1/Q08_method1_exp_20260412_225034.json,14311,27744d5f5431687656ad94c6c5760c60a762fe38cd5c3323dcdd76ccd109c442
data/expanded_outputs/method1/Q08_method1_exp_20260412_225034.md,6051,a8beab5e39c73dedd998b1b5014d673b8ab566cadcc286f83c92dd7e65e9787c
data/expanded_outputs/method1/Q090_method1_exp_20260413_075246.json,8872,08b7e8d9b4169f45ef11ea0fb456742e447617494300cc8386ec5aebf19423dd
data/expanded_outputs/method1/Q090_method1_exp_20260413_075246.md,5661,0b18d208fbaa5461156f361e8fb3be4a55719633130fe9108a5b852da09a9fa6
data/expanded_outputs/method1/Q090_method1_exp_20260413_075252.json,8872,4abae06e059438c909a1d17566cf8bb11338dd1f65ec69509a2b659ac103a3aa
data/expanded_outputs/method1/Q090_method1_exp_20260413_075252.md,6685,09168a64beb1caa036502551d5e628602348be27499f063db4379be9a49c1b75
data/expanded_outputs/method1/Q091_method1_exp_20260413_075427.json,8856,870c2ded99946a3c8f2474fa66cd6e20396c0cf645982e4b75af0be1345be3f5
data/expanded_outputs/method1/Q091_method1_exp_20260413_075427.md,4979,da815ceaa1248061194abe3d1448c2fd2b9b4a8ba8bb094bdce430bbace6eb4f
data/expanded_outputs/method1/Q091_method1_exp_20260413_075447.json,8856,4042bd021e69d840edc66c61f1f225f488f2ffaf2ec593b4054badeba5843170
data/expanded_outputs/method1/Q091_method1_exp_20260413_075447.md,5199,ec5cca36283734e6546e3f1543dd66406e948dd8ec710e566a74095ef0ff070b
data/expanded_outputs/method1/Q092_method1_exp_20260413_075534.json,18199,1767df22e4c664338eef225889d9cb50344d9abd55e64abfc177eed93727dfbe
data/expanded_outputs/method1/Q092_method1_exp_20260413_075534.md,5401,81ee35191572bdd186d6e2cdd90c945a719132e9cc4536d44089b31c12e3f3ae
data/expanded_outputs/method1/Q092_method1_exp_20260413_075557.json,18199,18bbdbb713991df8fdc72c4ef5dae92cbdc747e09aaa76c19f6e1a95f0c3278b
data/expanded_outputs/method1/Q092_method1_exp_20260413_075557.md,5636,9ae1fd4e709cc18b8c43b8ddcdf0629576ef6f2710f63f2e09c4f69cd6e0cab6
data/expanded_outputs/method1/Q093_method1_exp_20260413_075653.json,20275,4d0a8b1f037b4d66c89a14f24a2d7c6d8ec2c86ef48225c5fdeab1e9ffd3453b
data/expanded_outputs/method1/Q093_method1_exp_20260413_075653.md,5956,2bdc31344ae12a57b0f3c874931f9a1f8842b3c45908320eaa6eef1b3a656053
data/expanded_outputs/method1/Q093_method1_exp_20260413_075722.json,20275,496b365e206d403d6090846463e16f88d3c19dc108858c5710b7ec02b5f49b23
data/expanded_outputs/method1/Q093_method1_exp_20260413_075722.md,7193,3c4e512792cd67f858897fad66bcbd9dae70748ad345c921fd74eb58f8002b59
data/expanded_outputs/method1/Q094_method1_exp_20260413_075758.json,17095,8241fdc1a94caa72e4d534634805de781b1e14f108f49056e1f0f82e0008851d
data/expanded_outputs/method1/Q094_method1_exp_20260413_075758.md,5726,23f218c31de17df9588027e6524f788ca2e805f58ce457423a00b9e4b461eddf
data/expanded_outputs/method1/Q094_method1_exp_20260413_075834.json,17095,3e591a113bfb0d4fff367eb8b0dbf34a3e7101703470f0339c1528fddce03dda
data/expanded_outputs/method1/Q094_method1_exp_20260413_075834.md,6927,fcb5fdcfd044a4b34b4e31a2d2c43aabb2800e379ca4aacde6eaf84b62919302
data/expanded_outputs/method1/Q095_method1_exp_20260413_075912.json,18554,28160090e881e2d3552f5dbce1f605af499da2be24ba7f1fb6d73eecb7ee5e5d
data/expanded_outputs/method1/Q095_method1_exp_20260413_075912.md,5575,94b9ccfe59daeb0259d4a425dd1fa110df7dca35d8de51b465004d5ec4db37cf
data/expanded_outputs/method1/Q095_method1_exp_20260413_075949.json,18554,6e7546ee4e56ce0f9a75914cdfd173c97a54104eb4fa58cefac1dbf1fa7ef5e9
data/expanded_outputs/method1/Q095_method1_exp_20260413_075949.md,5145,6278715423c6344a9583f2a6a071e0e87d6ea17c07e0fb05ba094e0d276d50f0
data/expanded_outputs/method1/Q096_method1_exp_20260413_080020.json,19026,73a1bf788f236b43f9c025b33fe81e8984a7f60d2014df25a1d2a1dbd63cd3e8
data/expanded_outputs/method1/Q096_method1_exp_20260413_080020.md,4795,b1fcd339c38579c6db53e5a388be19c4f06c42d9a1758e59d3afb69148e2d63f
data/expanded_outputs/method1/Q096_method1_exp_20260413_080109.json,19026,e20ac70c3d003748b2d5dbdcd15b9bd218da9d047c6a908a2054a04c1c68a58d
data/expanded_outputs/method1/Q096_method1_exp_20260413_080109.md,4347,6671f58d14f5f05c0b44bfa8bd5ff9cfc2f3352fa8fe82440093b2f17b360e15
data/expanded_outputs/method1/Q097_method1_exp_20260413_080153.json,19043,b76cca3e7021cc7c7a81b1f3094a22623ffb44bc8b56814f486e037c80ffc9ce
data/expanded_outputs/method1/Q097_method1_exp_20260413_080153.md,5707,78109d8c08bdae066802156197bb051cb1229154316cb06391a68593bb667140
data/expanded_outputs/method1/Q097_method1_exp_20260413_080235.json,19043,cb8b68df40e701b705ad3b1a5d10a181bd05de05d3607239f93ffa897ceaf0c2
data/expanded_outputs/method1/Q097_method1_exp_20260413_080235.md,5738,2d7cd6cebc9cc331a5e0fc89fb5f88506f336775e311a9072330b2687b6d63c9
data/expanded_outputs/method1/Q098_method1_exp_20260413_080318.json,19033,ae19b28fde84fecac0f2b43c7afd7b03d0781096c1a4fac7035b3a631145a2d6
data/expanded_outputs/method1/Q098_method1_exp_20260413_080318.md,6562,4206f318d665f84c0450cb84d8722fad101695388ab786a8e9d632903873fdad
data/expanded_outputs/method1/Q098_method1_exp_20260413_080359.json,19033,14f2143d0044418cadbbfaa965bd318d368c0814b3d0ee6b158eb33df92b46c4
data/expanded_outputs/method1/Q098_method1_exp_20260413_080359.md,6590,a020358563a08cb1d4e4f9ea0a92b1e85c1348ab2b5250ce3e385534060a2cc0
data/expanded_outputs/method1/Q099_method1_exp_20260413_080439.json,19391,369196efc22217cde3576169c45c0a4d17e2cb00408ecfe4ebb2ed69dfb6f7e3
data/expanded_outputs/method1/Q099_method1_exp_20260413_080439.md,5438,d62917cb32e5d1275c4f9dcb3517cddb7cb5ce677e73a672bf30b4735e2b0ad8
data/expanded_outputs/method1/Q099_method1_exp_20260413_080527.json,19391,0a9ab326eba1b66a5bcf49838270134b67a0b7cc8722449384bf2059b37a4010
data/expanded_outputs/method1/Q099_method1_exp_20260413_080527.md,6176,ca792b9ef2a536a764ff64b07ef72545f56a33bfad0009b4c56ad587f0a4c5c0
data/expanded_outputs/method1/Q09_method1_exp_20260412_225105.json,17073,d8c3b93bfbd243839ec05d74fdcee6da8087957f571f2a20e4fe9b911bfa15f3
data/expanded_outputs/method1/Q09_method1_exp_20260412_225105.md,5698,98e6cccd7cdc82d175bca60e1f0b031829ccfdc2f637f35e8f210774879f59be
data/expanded_outputs/method1/Q09_method1_exp_20260412_225212.json,17073,6aa9b6904dbf57989da9e664dafee83651b54010d947b71922ddf47c8cfea873
data/expanded_outputs/method1/Q09_method1_exp_20260412_225212.md,6121,c153e99a8d0325ebac3e48303535ae9cda6e44b575f4b9ebb2b0b498e6c1ecea
data/expanded_outputs/method1/Q100_method1_exp_20260413_080542.json,17089,12e166d4bc5c32cb327c3912a96ed1f0e30248d7e352e8986e1492ae742dca73
data/expanded_outputs/method1/Q100_method1_exp_20260413_080542.md,5020,21d00f3ff5f6a698c821ed6e79292b2cb5f06912c6d33ad070ae02ed2449b897
data/expanded_outputs/method1/Q100_method1_exp_20260413_080634.json,17089,7582ba36aac60a796f97fa9a15cd464c83fee3becde7ea9a476dad722fa2a992
data/expanded_outputs/method1/Q100_method1_exp_20260413_080634.md,4198,a02a405652152a6f2417a0e55b01f5777c0688f96973d98d7cfec399578d74f3
data/expanded_outputs/method1/Q101_method1_exp_20260413_080722.json,20734,a11385b4c5a2638968ac72c3411881d51cf489d02325774e56e7952b07fe6801
data/expanded_outputs/method1/Q101_method1_exp_20260413_080722.md,6499,f0c69f582c214a271a80f4e12abd9fbe406d2c61ef2bd9b53888ea502a3dd79f
data/expanded_outputs/method1/Q101_method1_exp_20260413_080820.json,20734,2c9b79f510a695c04bc579a8f42f722cab5ea38827a25a6f558b61e5a7790596
data/expanded_outputs/method1/Q101_method1_exp_20260413_080820.md,6516,2b65310ea5dd3b05dba7f2c781fa94a9e4f5817952c71e73407f12b8f5f22eb7
data/expanded_outputs/method1/Q102_method1_exp_20260413_080852.json,19681,2c892eec8fae364b9527ad71fa109ae9014015bcebd374444af1478c7897a749
data/expanded_outputs/method1/Q102_method1_exp_20260413_080852.md,6111,dd95534a76c6c21821bf26d445aa276d0c6fa742385766601b01928b3c5a69fe
data/expanded_outputs/method1/Q102_method1_exp_20260413_080950.json,19681,f89206f9eec96bc8262c2d776c0a6519033076cbf3162a16bca6762bb2902bce
data/expanded_outputs/method1/Q102_method1_exp_20260413_080950.md,5835,d2aa677555a0348ae81c75d50625ede3d7161f5d06bcaf71f49157c47f3db89d
data/expanded_outputs/method1/Q103_method1_exp_20260413_081021.json,17083,b74ba94a7478466e67e59113602c8f32423826d89d33649583341705656dda13
data/expanded_outputs/method1/Q103_method1_exp_20260413_081021.md,5901,2bd8c5075dae6a4a02934deb1082f3f2c1506cb2b5b4a3b675b3de09ea28f4c9
data/expanded_outputs/method1/Q103_method1_exp_20260413_081120.json,17083,61d04d329976c249fa3e768c9da765e8224b795d0156822e77d28ec2950687e3
data/expanded_outputs/method1/Q103_method1_exp_20260413_081120.md,5472,7603d9194163ebed99ce3e6eb8b3abb6b4aa3741b987412694212ced290dce72
data/expanded_outputs/method1/Q104_method1_exp_20260413_081151.json,23328,cdbd4d3a766386a5ad67a1b737f4f26db8188139ae93baed7f0ef002575d0962
data/expanded_outputs/method1/Q104_method1_exp_20260413_081151.md,5603,85087d06279d288e272c460bedb7a460ef9df9536add1b1e2092c84eac637e00
data/expanded_outputs/method1/Q104_method1_exp_20260413_081252.json,23328,9d7ccadc91c3c429044089005c5d237272fec8984d793a7f7247598dc5d001ed
data/expanded_outputs/method1/Q104_method1_exp_20260413_081252.md,5450,3c1633289fa0da237401a0955601841c95ebb11b4c97cc249e5e9155301058dd
data/expanded_outputs/method1/Q105_method1_exp_20260413_081321.json,158179,b2cc9464c53a6919a672eab9db4cfc1234b318e203870d00f66ced106680c8ba
data/expanded_outputs/method1/Q105_method1_exp_20260413_081321.md,5814,c59796252c8c0b538146d0dccd1d00d1cbde1ec8f2315b45ec69450270472b7a
data/expanded_outputs/method1/Q105_method1_exp_20260413_081430.json,158179,0c0e3e5914c1b8087fda4ed6a99cee9380c9ae47503d14b79a8a1f55577a3f32
data/expanded_outputs/method1/Q105_method1_exp_20260413_081430.md,6629,b04a09bae54e8248913ab55fd026be29cd74bf3955d72a2cd683652ffd38d4d8
data/expanded_outputs/method1/Q106_method1_exp_20260413_081450.json,17101,72d6620fead11c7364dcf7a0690c79724a6413e3124881a2c572491057b0aa58
data/expanded_outputs/method1/Q106_method1_exp_20260413_081450.md,5179,ac2f70ce96a60504415783c4d2d162aeaa7087df2f9fd0a4050c2c2d673cddff
data/expanded_outputs/method1/Q106_method1_exp_20260413_081555.json,17101,bc412137a301bd1a7c8da69b1cdbd8784c5bd12ef42e6f5f6bdad628163844a8
data/expanded_outputs/method1/Q106_method1_exp_20260413_081555.md,6299,04e68f65889282ad8ca81eb5ff0e51803b61f1442c2e4d094bb2ff77a61bee30
data/expanded_outputs/method1/Q107_method1_exp_20260413_081615.json,17098,e8199cc5350954660d8dbe7ce76cb919e154508341d6e226c1abda5d4c678ae8
data/expanded_outputs/method1/Q107_method1_exp_20260413_081615.md,6966,47943ccf12c76dcb9924f4b45907580e5c99393f7b73169f1dedf386f5fc8b4a
data/expanded_outputs/method1/Q107_method1_exp_20260413_081715.json,17098,7779ace54283c4f01e31b05c1002a5fa996bd55a93891be3b20b2ef00fc1184f
data/expanded_outputs/method1/Q107_method1_exp_20260413_081715.md,7343,c3b477c2a75226615c7871d6a47899527557f81de1815ad7d5b5bf87d369966b
data/expanded_outputs/method1/Q108_method1_exp_20260413_081733.json,18005,344972d1e13bc2854bb935199a953ada68e9e95ece8de9daedf52ebe3104350d
data/expanded_outputs/method1/Q108_method1_exp_20260413_081733.md,5778,ff73462a797205c4d6c6c0c6462a6466c006772431f56f629e7a47fc6bbef7e8
data/expanded_outputs/method1/Q108_method1_exp_20260413_081831.json,18005,5f1d5ae2dc487fcff04f38de83d3bade5017e374da4caba0065ae15028b2285c
data/expanded_outputs/method1/Q108_method1_exp_20260413_081831.md,7028,9b08982bfac9e331a8043fab391c9362d647ad9e7361569c353cb3457bb4932d
data/expanded_outputs/method1/Q109_method1_exp_20260413_081854.json,18231,4e710030217eebe9e39823f29824506fc0e74e55051728a97bfc19063a724c30
data/expanded_outputs/method1/Q109_method1_exp_20260413_081854.md,6350,005c8ddfe46fb96d6113e8863b86f7d92c3fc023e339a34bfbf89c46be259942
data/expanded_outputs/method1/Q109_method1_exp_20260413_081954.json,18231,62857a0ce78bb007f3d4af8dd0fbc1568413db213cfcfc205bd85a3c4b30b74a
data/expanded_outputs/method1/Q109_method1_exp_20260413_081954.md,7426,fcde103185f3da0e13c5d54f94d7a5e8e76528f07e161571dc746e855b7cc666
data/expanded_outputs/method1/Q10_method1_exp_20260412_225253.json,17447,b107e3cbc4069ec7c1f56e4ceb900c53626564f2441195a426181691d3ee55c5
data/expanded_outputs/method1/Q10_method1_exp_20260412_225253.md,7446,ec6e222e7e8389f9fa5f4bb0374ff07267e0bd6ee9370b4bd9ef0117eed95b66
data/expanded_outputs/method1/Q10_method1_exp_20260412_225349.json,17447,87a0fa300a4d017c76b2bebcadd0394c3bca37de923c0bd09adb78e3aad02b2f
data/expanded_outputs/method1/Q10_method1_exp_20260412_225349.md,5738,a9a867c2f05d2b11b3a9411e88ea2efe589e2ffb55b2022f23b70ad5836ab012
data/expanded_outputs/method1/Q110_method1_exp_20260413_082004.json,25802,8574ad7568e15c5ddc3d2af03f20539f4437bf0bc6ad08f20e106ac3b1e3d4a1
data/expanded_outputs/method1/Q110_method1_exp_20260413_082004.md,4871,aca1649fae12d1f3b352e1675b5c15a9b2d98cd785cc4ed8fd83bf73ff49b6d0
data/expanded_outputs/method1/Q110_method1_exp_20260413_082110.json,25802,db0560efc36d1f94d28f1de4f47d1a866ab173d575f98c4dcc583d3c83e57041
data/expanded_outputs/method1/Q110_method1_exp_20260413_082110.md,6262,037cc5d34c0ee065616d5ff7ca3d75cac89b9d7c7b9ecc6fab5235fe1238e0c4
data/expanded_outputs/method1/Q111_method1_exp_20260413_082117.json,40930,77b70419f333164765b340ceff7911c2bec09600a031c04c6f5a234ee52ed784
data/expanded_outputs/method1/Q111_method1_exp_20260413_082117.md,6298,7b55d835bba8758695d4d858a03ef618b9aca108adabc4ada82c5793745edf2e
data/expanded_outputs/method1/Q112_method1_exp_20260413_082222.json,65073,2854da20715002254643141df941f86798cd62ed10d0684f628b39c0a40bdd21
data/expanded_outputs/method1/Q112_method1_exp_20260413_082222.md,6049,81ed81a6e10352d1c360cda8605d79804578f17c4e26d6ba9513aafb2e82345b
data/expanded_outputs/method1/Q112_method1_exp_20260413_082230.json,65073,5c5143e8751e18316e9bee1487f8090a613804275c29bc528c782e1412a82953
data/expanded_outputs/method1/Q112_method1_exp_20260413_082230.md,6281,36841d150e88bd94c018bd8383c2c9c666188f9826aa38a438451f3aea13623f
data/expanded_outputs/method1/Q113_method1_exp_20260413_082339.json,63639,f8b63a3f1ec4d93154de32d19ce3b45adfa129602c2d10270b5ec1cb00e8aaca
data/expanded_outputs/method1/Q113_method1_exp_20260413_082339.md,6608,04fd973d7f5ace06672b9007a7834bc7d95af22a8ad27668dcba226efe0f4453
data/expanded_outputs/method1/Q113_method1_exp_20260413_082348.json,63639,4bf4139cd2b284262a420a28406a10de78996a39b15d1bfc5a33008e876624fc
data/expanded_outputs/method1/Q113_method1_exp_20260413_082348.md,6244,7375c7590a741364ae0df4f628fd2770300350794e2a1cbb0b2ba3fa39f80f30
data/expanded_outputs/method1/Q114_method1_exp_20260413_082445.json,74986,dd63209e588b7aaa383818f5217eea3ac05b2ddc8a87bd96a69679e607590aed
data/expanded_outputs/method1/Q114_method1_exp_20260413_082445.md,4903,2e4a4bbfa8bde0c9b6fba8cddd7e1c98632c837edef3fc9435e3338a86952505
data/expanded_outputs/method1/Q114_method1_exp_20260413_082459.json,74986,a854715b5ac5672a0d29d9cbd4a52c9b93b872d2930a0091c715cdad8daa876b
data/expanded_outputs/method1/Q114_method1_exp_20260413_082459.md,5792,ce49d0e2f14eb7c5c3161cc462d3a066fd071b6ea819ced2ea25ef6f0b6b282c
data/expanded_outputs/method1/Q115_method1_exp_20260413_082556.json,20694,fd9f329c2b3ff72c762a1ba7a56c1676953a5aace0209e2050f2c02240949e4c
data/expanded_outputs/method1/Q115_method1_exp_20260413_082556.md,5627,5085df98d32804f1db6149a3afc65658555610352cead2ecd7e7b041b1419553
data/expanded_outputs/method1/Q115_method1_exp_20260413_082613.json,20694,91c020975973d03e4d7dad71cd7387ba980e1019dcf05eb49f19c0af5c7ae403
data/expanded_outputs/method1/Q115_method1_exp_20260413_082613.md,6431,f54812ab14b30fcc0d465fa723ee8a7c4bcee78eab28a29ac7f6c45f52967c1a
data/expanded_outputs/method1/Q116_method1_exp_20260413_082709.json,36512,77309d9c1097e0f2208ae4fb64840d099e42786b3a651a9a835fa8d372ea5cdc
data/expanded_outputs/method1/Q116_method1_exp_20260413_082709.md,5450,11a6b762394f31406ee7dba413b522bd64e89902180ff6bdf2a20a5b8f47f1ff
data/expanded_outputs/method1/Q116_method1_exp_20260413_082729.json,36512,a03b872cbd0675ea0c8e2b67265d1b12f0ed3728e3fd11359e90f80ab2cb70da
data/expanded_outputs/method1/Q116_method1_exp_20260413_082729.md,6348,02d5fbdc326fc6f540c0bd828e885eaec4bcf215bf035fdeb98ae0d4dc8aa584
data/expanded_outputs/method1/Q117_method1_exp_20260413_082825.json,25973,538e21995affb92b3f43635c8853b167c01e0353021d51c539ebe9f3dbb0a5b4
data/expanded_outputs/method1/Q117_method1_exp_20260413_082825.md,6344,8db702cd6e3131e99de0596da32780cec21076b45709c2294dff0a80a65d07b8
data/expanded_outputs/method1/Q117_method1_exp_20260413_082847.json,25973,ef25149c291cd054891020d3070ce614edc34ad767f16bed757404c552e6602e
data/expanded_outputs/method1/Q117_method1_exp_20260413_082847.md,6984,4b5df6e3bd1e14c7905c0f1ba9ab54fcf778109ccf3942769b58788f2df02013
data/expanded_outputs/method1/Q118_method1_exp_20260413_082929.json,80599,a9e1f30962c45a96109af4caa5e2610041d9e1bffb6c698449d02b3c03ad05d7
data/expanded_outputs/method1/Q118_method1_exp_20260413_082929.md,5713,651fd6ae0ff3ead57f14afc0c11bfccc038d525b05333a3054008679fe20c3a2
data/expanded_outputs/method1/Q118_method1_exp_20260413_082948.json,80599,c05fb1b14e0b6f56c4ac3bec0a95eaa7fea3c6acf6b2319983bd62f3e2b1c5c6
data/expanded_outputs/method1/Q118_method1_exp_20260413_082948.md,5034,e34992afb603ab081054ff5b9f3fef80c0560b98b99ba003475ff1db0adcd53a
data/expanded_outputs/method1/Q119_method1_exp_20260413_083047.json,55577,6c21fda8d2614ad08c0b0a120af0819173e3ee4dac7fe2f55992360fb5db22f5
data/expanded_outputs/method1/Q119_method1_exp_20260413_083047.md,5717,f78aa13693d9f5f26c1db22d515c50a8e667f42b5ebcf24b2e9832bff39fa3b2
data/expanded_outputs/method1/Q119_method1_exp_20260413_083105.json,55577,f82ca04f224eb9a3eeb79e71330a507866d4139403fda6bfc027289f6ac452d5
data/expanded_outputs/method1/Q119_method1_exp_20260413_083105.md,6434,65ddb21f88492500b184f9bb4f9f2328baa828f8f6b85c858e560364faba36f1
data/expanded_outputs/method1/Q11_method1_exp_20260412_225418.json,17052,14bcb72e7d779bde8d45fbbf428f9022643e63d11ddee175ef36705dfbed027f
data/expanded_outputs/method1/Q11_method1_exp_20260412_225418.md,5995,854e8787405956b63ebff68e600b6f044adfc46f55d33530038d82e084485eaa
data/expanded_outputs/method1/Q11_method1_exp_20260412_225521.json,17052,e5e9fca2e3fc2e4a9439916020111dd64915897395502551046e6d00c3253a9e
data/expanded_outputs/method1/Q11_method1_exp_20260412_225521.md,6320,49df50f2065e5a20998b48ac4fbae3c2a6cd854157ea7aef906ff23970882a84
data/expanded_outputs/method1/Q120_method1_exp_20260413_083201.json,63743,54b90b2c11b7ae18498e1493e9e23d5cefd236c8747a31558efb9a59ace525e4
data/expanded_outputs/method1/Q120_method1_exp_20260413_083201.md,5615,f1145c07bb17a12aaed6ccea41629f6d0483f21ea782c0e83af04561f5a282d0
data/expanded_outputs/method1/Q120_method1_exp_20260413_083222.json,63743,9a96b7bc39d3328e0d98dfe3b1913e8f385702c64b4eb1e55157cfa1f2fa54cc
data/expanded_outputs/method1/Q120_method1_exp_20260413_083222.md,6506,aac95053cca6839ccae1f6a23436c49197119c4c7885356e0edbce30eaed5437
data/expanded_outputs/method1/Q121_method1_exp_20260413_083311.json,20416,cd923346dff0580a030d746a1a4937f5465856a9e27c710e22880395e1e758eb
data/expanded_outputs/method1/Q121_method1_exp_20260413_083311.md,5699,5a9b82554e7d83b397aa6fb23a8d9b046f49129743c9fd6c97e65c9a265a052e
data/expanded_outputs/method1/Q121_method1_exp_20260413_083337.json,20416,deddff7b0f6687b9063213bce090d7a2c9b145412bd98ca6653f9397120643cd
data/expanded_outputs/method1/Q121_method1_exp_20260413_083337.md,6143,d71077104de8191bd9503069ccfa0284a51548c20bcec74319179203bfad2a96
data/expanded_outputs/method1/Q122_method1_exp_20260413_083421.json,47675,0822fde548584946cabd898beb1d0263042bff985a6c1f40c97901ef8b9dd83a
data/expanded_outputs/method1/Q122_method1_exp_20260413_083421.md,6172,7f59b83d1835613af8f4c4d13d3f6b6c2305a9c862828680ef69f0de385ecedb
data/expanded_outputs/method1/Q122_method1_exp_20260413_083438.json,47675,6bec65b8b16d57bf22f7bcae3244ab6a70228ea253a9ad2afe648bf2d238f889
data/expanded_outputs/method1/Q122_method1_exp_20260413_083438.md,4686,1859b32714fe6fcc12038a640f72d3904278385756f42860473da7e589eea422
data/expanded_outputs/method1/Q123_method1_exp_20260413_083530.json,53244,cc4f0c2bea0018525d4bb88f71c9e115de1f62d5f9c33a48df6a64a5921da9ef
data/expanded_outputs/method1/Q123_method1_exp_20260413_083530.md,5284,5d0ef3e17191da1e76612262b13dbd495d8051a1d849d9e99c988610c9dc36b8
data/expanded_outputs/method1/Q123_method1_exp_20260413_083549.json,53244,61bcc38ccb8882ed25488360151d13503e3977bb1ce816fa0fd7c719c0e4b21b
data/expanded_outputs/method1/Q123_method1_exp_20260413_083549.md,6924,f7f5e7f520c3ca01e7827847cfebc4ec96ec6024441645cf8cf48ec71a1a5f7c
data/expanded_outputs/method1/Q124_method1_exp_20260413_083644.json,48651,f49e65c0134ab08754c85e6b13a4680f35bbbc27595cf795f972ea4df99bcf77
data/expanded_outputs/method1/Q124_method1_exp_20260413_083644.md,6022,5c4e92839ef5a9a119de3b34eb5d1c2e39ff19a056522ec459c9393ffb3e163c
data/expanded_outputs/method1/Q124_method1_exp_20260413_083702.json,48651,2d7514630bb225abfec3bc4fbdac6c8a1e00ef4368801dc4abcb7ce2c29819a5
data/expanded_outputs/method1/Q124_method1_exp_20260413_083702.md,5044,d0e6847fe24aad727f68ecb444faf3baf8a877522cd7c36a2ee6273816068b3f
data/expanded_outputs/method1/Q125_method1_exp_20260413_083748.json,48306,71fcffff5f11a2c149fe6f1cd0dd0df86a70f0136cd22f91616429da31c35d37
data/expanded_outputs/method1/Q125_method1_exp_20260413_083748.md,5623,a5141cb0fe2592f30cc1c1f1124f1e505de151de93bb131c87a12393a3ff0b78
data/expanded_outputs/method1/Q125_method1_exp_20260413_083803.json,48306,881cff82a7af7374d3ad8ee740e77dc9a29f94f759c2b70fba29c60096b89770
data/expanded_outputs/method1/Q125_method1_exp_20260413_083803.md,4881,fd34d8a966c2a40e926b3f8f0c567fd2540337ce74626ac72450e6105c2c66de
data/expanded_outputs/method1/Q126_method1_exp_20260413_083903.json,36012,bfdb3e32c06e20afc843e0e3088077e54717e6ea89db6a8a5edc288496a3c13a
data/expanded_outputs/method1/Q126_method1_exp_20260413_083903.md,6697,00a1278a704736b4b7b23dda9d2edead88eb4fe39b7aa9fbb380565fc50cd1d0
data/expanded_outputs/method1/Q126_method1_exp_20260413_083921.json,36012,8021bf279e8671d8c7cccb6bea7270b5e88f1df7736a5fa7d278a7f81bd33717
data/expanded_outputs/method1/Q126_method1_exp_20260413_083921.md,7041,60e311d2d776046949f830f266bce1c4b24dc07f6563d4d71b4c6e544eb5b45a
data/expanded_outputs/method1/Q127_method1_exp_20260413_084015.json,39593,07f6a1555affa23cfd943fd6cb1a540a87223e062ea40e17ff59789fb22875f0
data/expanded_outputs/method1/Q127_method1_exp_20260413_084015.md,6102,fa382ddd3600a80dc203a3a5edb8b5f2e5eb5ede820235d0a27012b9d4b4e586
data/expanded_outputs/method1/Q127_method1_exp_20260413_084032.json,39593,873f2edb21da7ebc4f41b2686dce87dc9b5a3f9a70e82080ff02fcd89a2c7041
data/expanded_outputs/method1/Q127_method1_exp_20260413_084032.md,5749,9454a5b44880dc69c26a2893daad509a90bdfa21704d94393736a138eb08b561
data/expanded_outputs/method1/Q128_method1_exp_20260413_084129.json,26541,14a096f14fea1afb522db12e68d605177a9f80f0e91ec29c3d77c3ba878e75c4
data/expanded_outputs/method1/Q128_method1_exp_20260413_084129.md,5968,5b1516136dff35f91695ce0a26bf25781e728f9c42cdb1e4f470b48fbab1bc6a
data/expanded_outputs/method1/Q128_method1_exp_20260413_084149.json,26541,d736b2f88cffad3176331a038b927d38c529f1f76c94223997e77341727c91cd
data/expanded_outputs/method1/Q128_method1_exp_20260413_084149.md,6683,647315db640a5186b0001bbdf918070de4d57b6deece936274056095ecb8c523
data/expanded_outputs/method1/Q129_method1_exp_20260413_084239.json,65018,5e7dd6b708070b0df083073ea348ea905ccc29b13227ddd96de7a5b4b5a69f07
data/expanded_outputs/method1/Q129_method1_exp_20260413_084239.md,5396,764cb8cad2ee4d569d24439b339416ea34c1676fdd76d8bc7cc7d5d97e11e925
data/expanded_outputs/method1/Q129_method1_exp_20260413_084301.json,65018,4e75cd6bfc5d1cc538b52e02c23e655d57cd55088d4a444277feef25ff7c04fb
data/expanded_outputs/method1/Q129_method1_exp_20260413_084301.md,6054,39f78e1553641211088385a4a476f5b75bb7aeb494126d58fdef60fc1963fad3
data/expanded_outputs/method1/Q12_method1_exp_20260412_225555.json,55872,813fab3842d91b4f974262459ef0d09b359a9943921709968ef9cfcb43e3e7c9
data/expanded_outputs/method1/Q12_method1_exp_20260412_225555.md,5839,d20c58f951dc67c5844902092f322150836380015d4f5e99d5a3c6bb8df46327
data/expanded_outputs/method1/Q12_method1_exp_20260412_225701.json,55872,2a27953da02565bd67d08727bfd6b3a001a78fbe4b53ed7e17cf6faf0728bba0
data/expanded_outputs/method1/Q12_method1_exp_20260412_225701.md,6509,cbdb248a6585523baeeb76862e858cc545d28e146596ac08dc0e2f46255203db
data/expanded_outputs/method1/Q130_method1_exp_20260413_084350.json,47869,b6caddd328486eed78ca43cfe00d5f57f34af3cbc5ffb2740de95bf7085a70c3
data/expanded_outputs/method1/Q130_method1_exp_20260413_084350.md,5829,a51b4ab08ae41816277e6e58265fa366e30c1b53632bc3c987a9e209a924e633
data/expanded_outputs/method1/Q130_method1_exp_20260413_084412.json,47869,58639c199b539faca6538ca6eb3fb7cbfc51ad77de71238d6d41e9d22191df06
data/expanded_outputs/method1/Q130_method1_exp_20260413_084412.md,6430,de9410757d0da32d7ed4179e577e3e1c780411ab7538955ba31563e4219af0e6
data/expanded_outputs/method1/Q131_method1_exp_20260413_084502.json,30118,aa76d65ff66b4f1cc8883832a474f85997aa628fcf3fc6ffcd0eddbb65529bb0
data/expanded_outputs/method1/Q131_method1_exp_20260413_084502.md,5823,66e8a0c384fd045d2a1438904cdc6d0e8691258fdd5241294aa2589428d9038b
data/expanded_outputs/method1/Q131_method1_exp_20260413_084526.json,30118,8f1d83bd62e98c4bff4339f19df31e067d0b112440ba57bc03b4ffecfa9a9e16
data/expanded_outputs/method1/Q131_method1_exp_20260413_084526.md,6105,7831655db6b4055370c7779aef05f7e61c0d5703436831e98f38724110c0edf0
data/expanded_outputs/method1/Q132_method1_exp_20260413_084615.json,26419,b3841d0d4a8a32340310b33880c3fd720c78007abddef9f4738bccbb0e3fce38
data/expanded_outputs/method1/Q132_method1_exp_20260413_084615.md,5462,27635018d3b704bce72aedf6acfdddfeb345b27e87e2af277cb2fe9fd30051f3
data/expanded_outputs/method1/Q132_method1_exp_20260413_084643.json,26419,59292d6aad83d0b619b2934b37bb30c6f74fcc5a8514a4dddcd50b7320cbaa1c
data/expanded_outputs/method1/Q132_method1_exp_20260413_084643.md,6438,185cbad78fcb2c08cdf946acd961078b3b77dbf1bdc5a7209bddee86b0939aa0
data/expanded_outputs/method1/Q133_method1_exp_20260413_084730.json,201586,83c1bce07578353182402932b0cdfd5bd4771210ebe6bdd2286def0c075d24e8
data/expanded_outputs/method1/Q133_method1_exp_20260413_084730.md,6504,d33c58276fb8f818d59003c38d4090b394c065dece2fee117233bbccc1fa604e
data/expanded_outputs/method1/Q133_method1_exp_20260413_084756.json,201586,9265df003aca2db7bec89a33b79902c28f4126061ae638eb813d408955a722f6
data/expanded_outputs/method1/Q133_method1_exp_20260413_084756.md,6316,47ea3241effaabe71829eda8be2c219eeedce0ac25f158f26ec01838eed988a7
data/expanded_outputs/method1/Q134_method1_exp_20260413_084852.json,24837,3de5cce1964f1ec26fa9292d878545e6a93e07f8ee40561e5517ef54ea6ed958
data/expanded_outputs/method1/Q134_method1_exp_20260413_084852.md,6332,6a3f9f40c91e6ce9d5ebb81f80b8530e5cd6344fac49ce3f1b097ebd3de9203f
data/expanded_outputs/method1/Q134_method1_exp_20260413_084935.json,24837,077d020caccb191e36ec9b090ad843eac1b8f94136846abc6d52cff40b3aee9e
data/expanded_outputs/method1/Q134_method1_exp_20260413_084935.md,7407,0ff61cec9829c76068475398bb2c0883c57d41d26c2a62ffcbecea1cff5be697
data/expanded_outputs/method1/Q135_method1_exp_20260413_085028.json,71689,052b1ea1784b0be4425a563e8ccaeb454a552fa122cde27e7e4b4b6c9b179758
data/expanded_outputs/method1/Q135_method1_exp_20260413_085028.md,6079,4c300e7854d72fd9f4ffec73af9f80a3a5f9714b16e3f925f01618124112f8b5
data/expanded_outputs/method1/Q135_method1_exp_20260413_085110.json,71689,5b501ba2ea0f211c7dbc4ef384341c38c81ca7db61c8c757c4949f56126b9b70
data/expanded_outputs/method1/Q135_method1_exp_20260413_085110.md,6938,0b8eb46a468236f8f2cb3f7539f218d2347a72d265f3f022d902e665d0f44dcb
data/expanded_outputs/method1/Q136_method1_exp_20260413_085143.json,87650,72ccd0f2a396d0205ce974765309dc47395faa8fad0e9df6fec21518389edf82
data/expanded_outputs/method1/Q136_method1_exp_20260413_085143.md,5473,ab906d39e5bf6e4fb1e5ae2432b8ea122481d9e24411f21d39a7b7c64d83c564
data/expanded_outputs/method1/Q136_method1_exp_20260413_085223.json,87650,8c8c9afdd26bb6e8a9519c9d2da9af697326501fd9088e9151aa3b4b5ea03fe7
data/expanded_outputs/method1/Q136_method1_exp_20260413_085223.md,5703,143cc7f6c8dd74256db39a5e26c93d326c0befa32c48ca3a742b8539e71365a0
data/expanded_outputs/method1/Q137_method1_exp_20260413_085256.json,78738,63819b3c8cf85bdc1e7e8afca0e1f2720bc9512659da92850318f5fe23d22a62
data/expanded_outputs/method1/Q137_method1_exp_20260413_085256.md,6413,6b1d63a248992752fcf6d108847a31169d67186937b90a2dd00a471fa17ffd48
data/expanded_outputs/method1/Q137_method1_exp_20260413_085339.json,78738,214627905d4e637d33ea2f4d8d108e4fb5c73253055ba778462ee1265fdf873a
data/expanded_outputs/method1/Q137_method1_exp_20260413_085339.md,6934,97aa428fcd546d68ebbfe559c99f5156897c43d9e1bc43fb5493b9cb0887cc03
data/expanded_outputs/method1/Q138_method1_exp_20260413_085417.json,28594,4913cafc0aae3aa24240a76ebe4ef52473d019e08b512aa18e9510b5556053f6
data/expanded_outputs/method1/Q138_method1_exp_20260413_085417.md,6250,0db59a076e296cbc70785e4f53f89fe39c332c74872765f6a163b8d07049b499
data/expanded_outputs/method1/Q138_method1_exp_20260413_085500.json,28594,8a88c094d40587853217c4080468cc7e013a27d100f119524a873ea441c64ee9
data/expanded_outputs/method1/Q138_method1_exp_20260413_085500.md,6926,0ec072a56700542c438cfd30ee3239efdfbfde3d2057e620d94b965296443dd3
data/expanded_outputs/method1/Q139_method1_exp_20260413_085531.json,40431,db133180c9317258ee0976199182a89655e787062713b447de647432d6d79594
data/expanded_outputs/method1/Q139_method1_exp_20260413_085531.md,5649,0ad24fbe5f2eec27ab7b772cc2d0a2ce58b3f34781439488b21f11d6414799f6
data/expanded_outputs/method1/Q139_method1_exp_20260413_085615.json,40431,52f866875883ba59b5565ce556b3c999e9a6e74f9d4e26b28827e82a253a5d02
data/expanded_outputs/method1/Q139_method1_exp_20260413_085615.md,5646,15d18e6afd726aff1c96c71b736d1a804903db8e110cba4ac7762afb3d203ee0
data/expanded_outputs/method1/Q13_method1_exp_20260412_225724.json,17073,26c1f440d9bf69ff6e42d9fa90620018982f03044f8c48cab90fe152f0700a01
data/expanded_outputs/method1/Q13_method1_exp_20260412_225724.md,6020,e77d3e4e4a38ff45ece9d7794272d97a07de88d93ad82326e1f5d41c9cbe8ef7
data/expanded_outputs/method1/Q13_method1_exp_20260412_225829.json,17073,4e5aa4d5dfe2bd69fdcee793d18612af3652124d5a9fc37d0e4972adeb887559
data/expanded_outputs/method1/Q13_method1_exp_20260412_225829.md,6198,521490c1dac625b37e9a08d97684dca25754e932535f618ca870eb0b8f99ca57
data/expanded_outputs/method1/Q140_method1_exp_20260413_085652.json,186894,e6dc0dee3792f0910df785bb7b609d18fbcc4488c5e111d89aa72636ab9c5e25
data/expanded_outputs/method1/Q140_method1_exp_20260413_085652.md,7202,a705b6ace7816c372c52aa77c80d34187a935ccef43b705df8088d80527472e3
data/expanded_outputs/method1/Q140_method1_exp_20260413_085725.json,186894,6c3632f84db6ed3c0cb28b641efb6c9943e2ef1c321443a0b2e35d629bd70a5f
data/expanded_outputs/method1/Q140_method1_exp_20260413_085725.md,5317,10a7e61be776f75d385ba51fcc9406dd6fb8043549c75aed3cf9e31239f26d20
data/expanded_outputs/method1/Q141_method1_exp_20260413_085814.json,92897,1087b18ad319c74881070e4d8171e27d1d580f98a2d68c4c52d1dffd0dc3f00d
data/expanded_outputs/method1/Q141_method1_exp_20260413_085814.md,6266,1b197322d7a5d9a4564014f34da632d18ef5415e5e1bb25547c866aca7760013
data/expanded_outputs/method1/Q141_method1_exp_20260413_085847.json,92897,557994b0a9f1ebed2ed08aefcf79ca528defff894af7c5bd64a8e291462e6b93
data/expanded_outputs/method1/Q141_method1_exp_20260413_085847.md,6202,049b0e730b4ddde92c92c7733efc3e5e666278e830deff6fb070aeec7ac76bfb
data/expanded_outputs/method1/Q142_method1_exp_20260413_085930.json,91372,e3d8c361aba8f41f9f2563f0598cafd09e02cc2ed08cd399c0958fe051809386
data/expanded_outputs/method1/Q142_method1_exp_20260413_085930.md,6163,f308b9cad18b0572b1de1fc9f3299ddd33ce0a3ca3ded60e09b1387227ce9e80
data/expanded_outputs/method1/Q142_method1_exp_20260413_090000.json,91372,47a2a724435dc1ec799a8c9588f5a63c1bdc23fbb49e6d9cb9b2e8b9b4cd4fdc
data/expanded_outputs/method1/Q142_method1_exp_20260413_090000.md,5496,4b21d24b808661368e2a53297378694a18fc367356c28c9b8d74883493821021
data/expanded_outputs/method1/Q143_method1_exp_20260413_090140.json,50354,8b9c6a690a1ccae8218fdf227d37711055cd046e52d98f502e3b623f7c0c7a03
data/expanded_outputs/method1/Q143_method1_exp_20260413_090140.md,6590,60695554c0fb2ab71a9b46bf98a66610a1724b9d0e6f6342c112a42027f9fc1d
data/expanded_outputs/method1/Q143_method1_exp_20260413_090209.json,50354,aed1e3befded5c9a9049a9d886a11bff3ab83f1a56e8e243a1c6e236dc9718e0
data/expanded_outputs/method1/Q143_method1_exp_20260413_090209.md,6661,564d2de36badaafabbbfaf59f9a6577bd692d101eaf19f27bc1b42324bb3d5af
data/expanded_outputs/method1/Q144_method1_exp_20260413_090310.json,73175,617d71badb6463e43fa7d201ae30b27f35b1bef8342219e9a1e38923eeac775b
data/expanded_outputs/method1/Q144_method1_exp_20260413_090310.md,5910,7b28ddb9a0b6de32b9c7de59ee9942dcc3dc22f112f36bc3b3029111fa581ca1
data/expanded_outputs/method1/Q144_method1_exp_20260413_090338.json,73175,ceea129a7fd543adff917ec6ce006f2faa2e02c70503217c2036a3c466b60175
data/expanded_outputs/method1/Q144_method1_exp_20260413_090338.md,6438,f699c9ef80107e4bdc9d7bc9ce6677d75ef0fd7655bef4d53af343e7313b2a87
data/expanded_outputs/method1/Q145_method1_exp_20260413_090438.json,81152,65d353139cd992b6f7e026ecfbb59af499a3831e7dfb5034365618d42c8d3dad
data/expanded_outputs/method1/Q145_method1_exp_20260413_090438.md,6732,94beaadc47f086370be45eb8c77cff6dbac99753eca95453962c7354f2781434
data/expanded_outputs/method1/Q145_method1_exp_20260413_090502.json,81152,482e584aa9fb7092a512cb6fc81f13f5e9e759199e51d2d279d1d17a58bb6439
data/expanded_outputs/method1/Q145_method1_exp_20260413_090502.md,6090,3e32bd06d81617743241ffd32d6e1b960732902c522b3430904be1f287ced76f
data/expanded_outputs/method1/Q146_method1_exp_20260413_090603.json,73219,a73f40575daa3fb0392614759718c59cff5a68cb976a94ec8a8f43bee898859a
data/expanded_outputs/method1/Q146_method1_exp_20260413_090603.md,6630,b88357d6e942da53d778f77e5b951d59be8dd4594c45d8ae60fc58ffa84e7905
data/expanded_outputs/method1/Q146_method1_exp_20260413_090623.json,73219,c3ba2ccc18bb511a855b85c87192fc253ae55871975bf2e32d9b01e2337b626b
data/expanded_outputs/method1/Q146_method1_exp_20260413_090623.md,6473,08016b57ea48a2d349e92e2c6ace1e79be31d30ab0d5c6f0cdc61fec6a615823
data/expanded_outputs/method1/Q147_method1_exp_20260413_090732.json,58969,a97d366c589679a0f633f3829780d3ec1798b367e474c45510307c16f15f7221
data/expanded_outputs/method1/Q147_method1_exp_20260413_090732.md,6663,f8983df8c9eea91a552f0815404b9b08257c9563895656b680270107cf1b4132
data/expanded_outputs/method1/Q147_method1_exp_20260413_090752.json,58969,7f1eab4fef4bd28d08b9a01c82ee6721e9291171bc69331fc4c9bedb36e02a47
data/expanded_outputs/method1/Q147_method1_exp_20260413_090752.md,6371,e67b5364072b56d54deac1b181b9d5473226707431d044a83ecc41a7cea9b138
data/expanded_outputs/method1/Q148_method1_exp_20260413_090903.json,92124,8ec53218af93aa12a478a398aaeb656ba7948aca0eaeddec2309bcbd23b58209
data/expanded_outputs/method1/Q148_method1_exp_20260413_090903.md,7506,08155ffba45366a103c4b218aaf7245516caee9c016efd53a932dd81f4992912
data/expanded_outputs/method1/Q148_method1_exp_20260413_090919.json,92124,ddf2ef2208affb029408fed7808c8497dea6fe5f75d74eefa2bc0024a4980539
data/expanded_outputs/method1/Q148_method1_exp_20260413_090919.md,6305,8a56c9e240e58194bb5713bc9e745891aa901702da0029b6fbee6eca92193fd2
data/expanded_outputs/method1/Q149_method1_exp_20260413_091019.json,46581,0dfff6eba0d66998ca3def4700e5ef9044ca7e3a8ad5270e60980c6675003074
data/expanded_outputs/method1/Q149_method1_exp_20260413_091019.md,5671,7542d6e672e00405947afed46b90fea93ccec4223913ad022bdaae6207d16cb6
data/expanded_outputs/method1/Q149_method1_exp_20260413_091036.json,46581,2a67de384d52f3784503bd7b288295df4405351812e2f95b1c2d8c63e49eda28
data/expanded_outputs/method1/Q149_method1_exp_20260413_091036.md,6077,426ce2a5cd37a18ba1b3620b191dedfe85e7e87d5e131d0f806e4c99ed580690
data/expanded_outputs/method1/Q14_method1_exp_20260412_225901.json,17079,014bacb080f9eeb9ae2e8d3b972ef709096ad37a08ea95e3ce2220fb38e20825
data/expanded_outputs/method1/Q14_method1_exp_20260412_225901.md,6472,14d1394ec2411a8ad389dbd137fa4208935b658e5b4e6964b82259b8c0a0a38f
data/expanded_outputs/method1/Q14_method1_exp_20260412_225952.json,17079,ca670ad82e10855c0d0c33962aaee6a21933ef7d4790b730b5620a5e178b078a
data/expanded_outputs/method1/Q14_method1_exp_20260412_225952.md,5728,9a8195c3d84ce47f2cbfa0cfda5cd955441491e15398e07e5be104424751ba14
data/expanded_outputs/method1/Q150_method1_exp_20260413_091137.json,179249,eccc1ee908d82e74e8c608c5ec2c8fa64ee52dc615fa90fa1d3c3ec2757c6a15
data/expanded_outputs/method1/Q150_method1_exp_20260413_091137.md,5571,c8204fe9bc4b7a32e14d55ecf59e0f6fc5353bfd139b51b6ec18f468fbed80c9
data/expanded_outputs/method1/Q150_method1_exp_20260413_091151.json,179249,14832a6d98e730342623f7ff28315c304ce435f123d3a78280d220cc84256932
data/expanded_outputs/method1/Q150_method1_exp_20260413_091151.md,5155,86bc21bd0c08e04bd184c322d6d0423fda7d702a16cc9e7dc06024e37c2b58a1
data/expanded_outputs/method1/Q151_method1_exp_20260413_091252.json,89339,8f038f7094a8f390a65ae3f66e63dd52a517c3c41e9f18f24cf62492650b43a7
data/expanded_outputs/method1/Q151_method1_exp_20260413_091252.md,5883,a80ec2eb1bae21a94a819826ae29fb15881f49d334f81e285ff66d0c84c2293d
data/expanded_outputs/method1/Q151_method1_exp_20260413_091309.json,89339,04b15f79c28adaea326e8dbb674bbecf55740847842a8d02d473184d53062622
data/expanded_outputs/method1/Q151_method1_exp_20260413_091309.md,6297,b1298daaf97f7fa513d542fa2bcd94d3f8b2ae9d975b2ccedd9dc0c11ff5848a
data/expanded_outputs/method1/Q152_method1_exp_20260413_091408.json,72833,ea7c2bfa7594276ae9b3d196b8020715e30c8472e2b0c2fc6913ee14f2ff07b1
data/expanded_outputs/method1/Q152_method1_exp_20260413_091408.md,5215,4e46c3d2eb37cb3540ed2d5f101d6d6e90129cdd14c124e5c7e2afa45c81e7c2
data/expanded_outputs/method1/Q152_method1_exp_20260413_091430.json,72833,d6c9b40e657e8ebb79c1d4ac916fe00410746aa3a0af3a98dad7213ca1e42ec1
data/expanded_outputs/method1/Q152_method1_exp_20260413_091430.md,5793,ea12f9e837dee62054cf8d144146b7764ac4627b57ea2f217fb7e127107925ec
data/expanded_outputs/method1/Q153_method1_exp_20260413_091551.json,44884,24097f3690a578d0d644efc0bebf89515336bc8c2033eefb7f76e2593fe4a316
data/expanded_outputs/method1/Q153_method1_exp_20260413_091551.md,6628,069d8cffc9d8a63ab5033d5161f9539ef18c78dfab828cbc06708bb37e4fc3e3
data/expanded_outputs/method1/Q153_method1_exp_20260413_091609.json,44884,ccfc99bcf52139a4df8c6c4380d207c89fc64adeea2bc3b22b31ac921b97d768
data/expanded_outputs/method1/Q153_method1_exp_20260413_091609.md,6167,2a6a0ff423509510b16a866a6dcb2e0df7217b64dec3078a8c159ffd8a39ee66
data/expanded_outputs/method1/Q154_method1_exp_20260413_091725.json,16312,b89b0b6c880d933f18686609efcca910d314433d3051f9197eb90f5c30c2adf2
data/expanded_outputs/method1/Q154_method1_exp_20260413_091725.md,6341,41cb8b6bcfc6c50ea83c34d6ef8acece1b41fadf9a5a1c8353adf704e57e2f6b
data/expanded_outputs/method1/Q154_method1_exp_20260413_091747.json,16312,03f4300652d8d6975bae0e848f8bd59d349f3beedb9f4ea09bb48e749820cc4c
data/expanded_outputs/method1/Q154_method1_exp_20260413_091747.md,6668,d2aa32cbfab6e5ebb294844ad55d07c498cf2d93f9c96373e80f091daffd6e82
data/expanded_outputs/method1/Q155_method1_exp_20260413_091900.json,24414,46c088e820bef3b9637a173017891867b80ff8042a006ca9393fd8171c2e6a3c
data/expanded_outputs/method1/Q155_method1_exp_20260413_091900.md,5751,8e82da6d7791f57f38bb40e957143d9bbc8b1b2e7760487ccbd6ececd08eb13a
data/expanded_outputs/method1/Q155_method1_exp_20260413_091926.json,24414,b931e941cc1910b035ca8693a143566ede806e36a1f6ebf8b9103f7b2d7f2583
data/expanded_outputs/method1/Q155_method1_exp_20260413_091926.md,6679,cf7c45bf7c8460c4d70885bc3652acf962e858f65822b0ec8533ed4e86476f85
data/expanded_outputs/method1/Q156_method1_exp_20260413_092032.json,31038,5f7e0e4c92f60b0faa6d30a11fd5b9a7798acc9a437bb398d7c691bd1e9a12a4
data/expanded_outputs/method1/Q156_method1_exp_20260413_092032.md,6241,3d7d3c785ac38442be95a398f2a4e9c389335ea01fd092f476cc2743650bfb29
data/expanded_outputs/method1/Q156_method1_exp_20260413_092058.json,31038,1009847ac968237a843407109fc868736b46e5559b0c9045b65708a9ba237405
data/expanded_outputs/method1/Q156_method1_exp_20260413_092058.md,6251,970aeca5b0746ccef6a502196cb70088b7780dac7a002e6cceb4ff9d3ab2e8be
data/expanded_outputs/method1/Q157_method1_exp_20260413_092224.json,29922,0d809298ab8018f088d3b95aa89b482357b0d81049244066c59de035d166b782
data/expanded_outputs/method1/Q157_method1_exp_20260413_092224.md,7002,d8d828cf5ea64699d68c34f035ab5550054d86585cae297e2d5a9675809247a6
data/expanded_outputs/method1/Q157_method1_exp_20260413_092244.json,29922,da0e13d29398dd619c9cc89436ae06d87479e360be9476ddcebfa6d07201356f
data/expanded_outputs/method1/Q157_method1_exp_20260413_092244.md,6579,a57d04059e2c48b2d8e6fc04f7ad2d298cbc161baa19478710d0e9a58844698f
data/expanded_outputs/method1/Q158_method1_exp_20260413_092347.json,28768,3f70f78e952ed8851be73f9ecf74a692fbd61b9a37d53fa756e03610bee226f8
data/expanded_outputs/method1/Q158_method1_exp_20260413_092347.md,5800,a8b3f243162e0712a3828559e5b4ac8682a39d7a1e98b345ceb3ee1a639a9aa0
data/expanded_outputs/method1/Q158_method1_exp_20260413_092410.json,28768,abda8c2219ed70ae2a9f98f80563cbf0d786295fb098b30b4131f089b2d9048d
data/expanded_outputs/method1/Q158_method1_exp_20260413_092410.md,6681,d88a322605e9d11c0a97e8c156d110e7fe20cd5d12e64ebfabc9716256251707
data/expanded_outputs/method1/Q159_method1_exp_20260413_092502.json,33197,cfbcebed0c2c1e573da5f7ad868c1ac4ba6fda0ebf25e84040736c30d3815589
data/expanded_outputs/method1/Q159_method1_exp_20260413_092502.md,5035,17730a14d0b1f88b72fff4f7efc5741e93633fc8f5892e84f459b7cfd9a124c3
data/expanded_outputs/method1/Q159_method1_exp_20260413_092538.json,33197,01a0c6ff6329869afff3befcc7a0f0ec4eb946985434e76d775d5fbe97b80c7d
data/expanded_outputs/method1/Q159_method1_exp_20260413_092538.md,6317,ff9bccfc3651ae043ae0a50e071f86048ababa80f6f65a3e87eb0a4c15f0df00
data/expanded_outputs/method1/Q15_method1_exp_20260412_230025.json,17055,ab20675823cb2350899a1f8add25dd035d3a1e98ff3a069af1392525c8b4ac83
data/expanded_outputs/method1/Q15_method1_exp_20260412_230025.md,6182,367f05e7a1e475e5bc10f71f38739bba69b32c81b022df60fee9ba423865d326
data/expanded_outputs/method1/Q15_method1_exp_20260412_230126.json,17055,c629497add483f93d600799c902e2ee7d3fc9484827a896c7f22e3b2198507e6
data/expanded_outputs/method1/Q15_method1_exp_20260412_230126.md,5895,568009fadde75a22d9c1b5dc4d193edf0258db38bd9563949462147de56476cd
data/expanded_outputs/method1/Q160_method1_exp_20260413_092635.json,40985,7d4c975f47c27fd48b6885d906258ccbef88ad5cef25ef6d3a79fdac93ade1bd
data/expanded_outputs/method1/Q160_method1_exp_20260413_092635.md,5355,f87b396f5d9526c4d5d883c47571ad8a778ce9b3c6c6a907249c09eeff2b5243
data/expanded_outputs/method1/Q160_method1_exp_20260413_092715.json,40985,d0fd43d3276f5e998a850c8d42e618aaabd082586b2e9acfc007ae315a64f6d2
data/expanded_outputs/method1/Q160_method1_exp_20260413_092715.md,6567,5bef447a28fda8f77ba06d4616eb4f2c843e2d758f59f239e9993c1fd75993cb
data/expanded_outputs/method1/Q161_method1_exp_20260413_092756.json,90413,6a5bdcdc63d8aaae46172affd140b322949656fa8835eabc6eabb6dd3c1acdcf
data/expanded_outputs/method1/Q161_method1_exp_20260413_092756.md,5379,2d53940b8f63cd94698b4531509b1eab3e0c6bcf59382f326cd4d7e11277dac8
data/expanded_outputs/method1/Q161_method1_exp_20260413_092837.json,90413,adee51f6e271a05a737f5b393168d64cb3184c15a4bfa98130d35231a1257928
data/expanded_outputs/method1/Q161_method1_exp_20260413_092837.md,6044,6ec72ecc31a7c7bd3450e62ec38e635a638da861edb6177a1b0c69cf2144aeaa
data/expanded_outputs/method1/Q162_method1_exp_20260413_092909.json,27237,c1e0e13e471d27f00919af6562bffb714b6f656f06deedad19b3077fe0b1ebf4
data/expanded_outputs/method1/Q162_method1_exp_20260413_092909.md,4885,88b46b2a5477145dec4219b8e5a328526f32d5641778b01432857b4445722a02
data/expanded_outputs/method1/Q162_method1_exp_20260413_092954.json,27237,395197add6377a83dc4c5b1c7920b7ad34638adc9cc3f109dbb770d6b93c60b0
data/expanded_outputs/method1/Q162_method1_exp_20260413_092954.md,4912,44f6305a0671f67b2a11d566d2cf8dbceb06c035f84599f04fadbebe7c1a47c2
data/expanded_outputs/method1/Q163_method1_exp_20260413_093032.json,46308,0b372dfe64c0d537c1ee76e1902565d1eaab86b016a03cbe674ce88ea5790da2
data/expanded_outputs/method1/Q163_method1_exp_20260413_093032.md,5987,1ce5dcf8d6bc1e8f063e43b8cb4fff42cc7f492d2a802f33c137735ad8ae069d
data/expanded_outputs/method1/Q163_method1_exp_20260413_093120.json,46308,ec426dcafa9ed575052ca23588127a098a7f6209237cc83fd879a56e7d8eb9db
data/expanded_outputs/method1/Q163_method1_exp_20260413_093120.md,5607,216875982d143db6677a62e3f14f6df8d8e0243156735e058784494959d81a83
data/expanded_outputs/method1/Q164_method1_exp_20260413_093154.json,47167,ca4bf4dd32cf3e2e877c18705c1ab74194e797270c5e1dfba65c2d22f7f8a4b6
data/expanded_outputs/method1/Q164_method1_exp_20260413_093154.md,5555,ecd5f17ead50e9144372efc42db813b09ebfbe02d6a99853ff094eba05445b89
data/expanded_outputs/method1/Q164_method1_exp_20260413_093249.json,47167,276e41d73cd850451adaa7b7aa6190b94e89db482e2ce075b89df5930dd576f3
data/expanded_outputs/method1/Q164_method1_exp_20260413_093249.md,6779,a72d4eddab03fd2cd594606c0ef489bff96aa732f50beb6e415ffc761d02ad91
data/expanded_outputs/method1/Q165_method1_exp_20260413_093317.json,180011,c0bf6a36403cc4552f35e19b010c0da3b9bb89dde409fc4facbe87a54e3c2f9f
data/expanded_outputs/method1/Q165_method1_exp_20260413_093317.md,6529,002e391a6b927b556715698aaf12fa724b32b13e176d7871e95f4a67610c72b1
data/expanded_outputs/method1/Q165_method1_exp_20260413_093414.json,180011,bbdfd99be691e6802c69e36e3a85b4efcf6f57098ced1508cae1c02a76b2ff58
data/expanded_outputs/method1/Q165_method1_exp_20260413_093414.md,6432,1443130dffd8b1a8369d1d0e20c8a37438dc4013e580124f1217587d2c25db85
data/expanded_outputs/method1/Q166_method1_exp_20260413_093436.json,87374,f4365d3b172d74167d255e335ccb8603b65a510123ebbb2a94ceda4cba376576
data/expanded_outputs/method1/Q166_method1_exp_20260413_093436.md,4935,d96cc7e5f06c03a97b035b593c2c840778660a961f05f13ae255808caa4073fa
data/expanded_outputs/method1/Q166_method1_exp_20260413_093534.json,87374,93da78ba39d32a263e671c5ead2b8355e7d078978dba99ecda36daf8d19bcb0a
data/expanded_outputs/method1/Q166_method1_exp_20260413_093534.md,5838,ecfc327808c51ad34239b2112b73235fcbd3b49f312211c8520d74c1db5b8f38
data/expanded_outputs/method1/Q167_method1_exp_20260413_093601.json,65928,eb7c8bcae852a03929e4c38b4cc4afda70a2e5f2d48545050a900070aec745b8
data/expanded_outputs/method1/Q167_method1_exp_20260413_093601.md,6175,cdd0c47bc962cbe5a4990c1588fb3944c8b27a97aeff2cac60894a32f2daa50a
data/expanded_outputs/method1/Q167_method1_exp_20260413_093658.json,65928,9fd11f18ce37924779781135e30dc0151876867f6fbef379d986641813e4cff5
data/expanded_outputs/method1/Q167_method1_exp_20260413_093658.md,6809,8ec8483b4fecb4444f01931347c755074f81733d64110d156d9f122a9817a1f6
data/expanded_outputs/method1/Q168_method1_exp_20260413_093720.json,45448,f182dadead646dfe2a83d1f8cd59ccc8d741e5396e22544e64174f34c0090e75
data/expanded_outputs/method1/Q168_method1_exp_20260413_093720.md,6006,2606ccc120554ec2c04582c2b098223ef48cf4f84bb759d4ae74e604e202d8d2
data/expanded_outputs/method1/Q168_method1_exp_20260413_093819.json,45448,0ece8df870fed0c77a6c34b0daffa4f7e0938f9f30e0c1462ab5001c79dc489b
data/expanded_outputs/method1/Q168_method1_exp_20260413_093819.md,6619,6399b759dd05df8de18a46104cf762b1245aef397ff229aa0ecea1ef4108ee39
data/expanded_outputs/method1/Q169_method1_exp_20260413_093834.json,65990,6cbc6e8ec308deda1b3630421d36f12f0cad37019c16cc5f150de3548c3d868a
data/expanded_outputs/method1/Q169_method1_exp_20260413_093834.md,4530,7bea39cb2ab4a8344522c594eb37446bd4032a5b2191601c9af6a5245c326068
data/expanded_outputs/method1/Q169_method1_exp_20260413_093949.json,65990,200c0abb3dd31f24839234d87801fb021478190e1f9d53e85b490fe79a7f0472
data/expanded_outputs/method1/Q169_method1_exp_20260413_093949.md,5529,0893aeed398320350ec6cdd4945f4a848665c73a58eac533e19a76fdaf6a2609
data/expanded_outputs/method1/Q16_method1_exp_20260412_230158.json,17076,aa32001b65115f6cfc3c003a93f49c78edcc2968c34c350cae8148f26986ad76
data/expanded_outputs/method1/Q16_method1_exp_20260412_230158.md,6246,d242af5db6ccebdb88e2abb0ee4f5531378484c576793a645d35984d8b287838
data/expanded_outputs/method1/Q16_method1_exp_20260412_230306.json,17076,76ecc8d39f9c4f4d9b69f67d67f2bdf9a5e56dbbb6160fa68c8fc5ae54b7d912
data/expanded_outputs/method1/Q16_method1_exp_20260412_230306.md,7043,623693081e433016e8f382a732d3a76c31a86d4219e38bdf24b08267d4748168
data/expanded_outputs/method1/Q170_method1_exp_20260413_094610.json,38548,b6922321838936a1831cc111eee2c63f0b7260856c8b6fa958a92bf85d0f2220
data/expanded_outputs/method1/Q170_method1_exp_20260413_094610.md,5528,cf27b3557834722ec24554acc97b9662141c3160e96ad2d3883b900cbc5e90b6
data/expanded_outputs/method1/Q171_method1_exp_20260413_094755.json,23817,60d417edce02ab25b037224546350ac3149a447a25f24abfed203c33c29f5cb5
data/expanded_outputs/method1/Q171_method1_exp_20260413_094755.md,6187,4bd6444125537a7ebd05e4db45b792f8599287be54058259e378c6eacf6e4ad6
data/expanded_outputs/method1/Q172_method1_exp_20260413_095029.json,47048,498c89b4884bc1e26df8caa4c99b54bba080e59ef6157e419268fb5831c8ea80
data/expanded_outputs/method1/Q172_method1_exp_20260413_095029.md,5143,1e58f62c678f69cac0ce8d66eeb6399e934bea2b326bbe4733953b6ed03cbedf
data/expanded_outputs/method1/Q173_method1_exp_20260413_095207.json,24075,96fb0d4108337ad5d8e5a4adc5209864a885079d523aa2236f785130ac98f80b
data/expanded_outputs/method1/Q173_method1_exp_20260413_095207.md,6117,4cbcab2975411c31f950a6f38e9c00b36a583e517b00f31a64e17de44c030aca
data/expanded_outputs/method1/Q174_method1_exp_20260413_095334.json,50414,b1dfd54f6c9d2fe8f8fdcf6a064c6d12a901fd89ac5a30998f9f4866fcba6da8
data/expanded_outputs/method1/Q174_method1_exp_20260413_095334.md,4933,ffc09f94a3b4f8f95b4ab41d541265ea76184c8162ddde4bd15ea94002b8fc99
data/expanded_outputs/method1/Q175_method1_exp_20260413_095459.json,82883,7b3a0a6a5375d8e61796875291bb1f89a5013a29368f8adb7ebcd0bb3b492048
data/expanded_outputs/method1/Q175_method1_exp_20260413_095459.md,5625,d7b412c524d8273d2a23a9e85288cb7e989bbd75267b04379c919e7da212615a
data/expanded_outputs/method1/Q176_method1_exp_20260413_095626.json,54442,e76448a97145a648c665ad1456fa428917f13019c6e24f1d52813b6ac331a086
data/expanded_outputs/method1/Q176_method1_exp_20260413_095626.md,7009,90625f55c885b7f9a49c528d2ce267bdbc27b25eab90484b7814dc33fdba5fa8
data/expanded_outputs/method1/Q177_method1_exp_20260413_095746.json,77186,2c5567a9b197d446358c12491c6f3fb7cb01d65c19e09703e2000f869810a066
data/expanded_outputs/method1/Q177_method1_exp_20260413_095746.md,5654,1236a065dfebace0a4add7ca7a273fdbc431acaef084175f8b5c97a25ee0b288
data/expanded_outputs/method1/Q178_method1_exp_20260413_095914.json,31878,67ea90c249ebcc683c62ee13e52c0a3c20c9d245567b7000943fe2df9fb35df5
data/expanded_outputs/method1/Q178_method1_exp_20260413_095914.md,5528,94933442734396a9434f8f01af005797ddb290b3ac27534c036c5359001aea18
data/expanded_outputs/method1/Q179_method1_exp_20260413_100107.json,81359,3ae3a3763ac821170a081bf98b1a4682214cc8c0e56cdb7a49d8de8ecbfca0f1
data/expanded_outputs/method1/Q179_method1_exp_20260413_100107.md,6213,16215b37a653cb6443a4ab707a6cf9f5fcabcf87ce3608d79104aaf10b5aa469
data/expanded_outputs/method1/Q17_method1_exp_20260412_230326.json,17070,b54212e2bccd432956208152a689c94b05f7b7aff59dc1c9664947309fea457f
data/expanded_outputs/method1/Q17_method1_exp_20260412_230326.md,5112,2c85ff6047a8b2669d6579809dfb877d4acf1a01d1590539f1cf81ab30c621cc
data/expanded_outputs/method1/Q17_method1_exp_20260412_230443.json,17070,abf789afbd31ca1c829b4c4fb59c21d2239aa3530fd469b02deb107bf34cc067
data/expanded_outputs/method1/Q17_method1_exp_20260412_230443.md,6457,eb37ba48047af4ed1b3a6147eb21fca2188371dcefeae54db1adb340e054edbc
data/expanded_outputs/method1/Q180_method1_exp_20260413_100243.json,20157,d0cf4209b6d22f8e79dbffe44ce11f8c651636d6dd1cf81fb03a44bd5ee7803f
data/expanded_outputs/method1/Q180_method1_exp_20260413_100243.md,6250,7a4a708f8690557488e979df3d99f2daf764ec8a035fe68f6276dfc687417649
data/expanded_outputs/method1/Q181_method1_exp_20260413_100401.json,39104,4321172b7af1dd235d76af042163587fe0ebcb2941e353454c9d964203869105
data/expanded_outputs/method1/Q181_method1_exp_20260413_100401.md,5162,b0dd91c29dab36e7b9a25817278ac1cd3ec4cf925bf6230178d9e4181c541801
data/expanded_outputs/method1/Q182_method1_exp_20260413_100532.json,67676,28c7f48c79120f41615c11c7932dc0531ba2ba23f5ac9ab1d725e9bf738f410d
data/expanded_outputs/method1/Q182_method1_exp_20260413_100532.md,5531,ca2b3c6ad58e7e0c9144fa923469ddec6fd1a6147f52c5041d0dee271be36bb1
data/expanded_outputs/method1/Q183_method1_exp_20260413_100719.json,93353,57744d8892a6298a1c770ef0a081c30fcacf3d89a4063259296c6257159ed4fa
data/expanded_outputs/method1/Q183_method1_exp_20260413_100719.md,6364,b4edcce7e0f8fe0c20c408e54249fd2c085024eab5ff3de932bed403fb1da18b
data/expanded_outputs/method1/Q184_method1_exp_20260413_100918.json,185369,2cda67b146ec0854d94bec6f956297893af0c3ea530c1dd8cdfcdfd73f395952
data/expanded_outputs/method1/Q184_method1_exp_20260413_100918.md,6729,cc9a410a725212f120e0e87e74cc460ed6340e802899247fc9f9b24a24cb1677
data/expanded_outputs/method1/Q185_method1_exp_20260413_101101.json,50629,e3dd9d6b338c28631dd5a95370e218fe62a5fb5e86b9d3c87c054dac75ac0f58
data/expanded_outputs/method1/Q185_method1_exp_20260413_101101.md,6113,35af520a9c0f682df6334fe96e4a25f2e467f2c04b4fa2ab730cfb9615d5c476
data/expanded_outputs/method1/Q186_method1_exp_20260413_101258.json,39377,83d3b0e5259818659ea47210612ecd808e963511d44f1841f28608264993a4a4
data/expanded_outputs/method1/Q186_method1_exp_20260413_101258.md,7738,204e93de1e4e77361614abd8d7b37486ae4d1e63e07e3634deabf15c8a30f3bb
data/expanded_outputs/method1/Q187_method1_exp_20260413_101439.json,26507,9b1103b75ab3b8cfde0c3ba3ab63d14dd2400610e48f263eb2f1a57f195dc255
data/expanded_outputs/method1/Q187_method1_exp_20260413_101439.md,5923,2f12ef09d9f53f653844b8192f0c8a31840e9163a1739456d7e3dc57da9f97e4
data/expanded_outputs/method1/Q188_method1_exp_20260413_101604.json,35422,a102ee2b775980bb1276c702e416f71bcd3e81bb1d73d8ef033db89e5c3c96d3
data/expanded_outputs/method1/Q188_method1_exp_20260413_101604.md,4880,5215194856e32e99340d6d668ed570d6f2aa0ae43d4531c471e22e709ee10ead
data/expanded_outputs/method1/Q189_method1_exp_20260413_101739.json,43388,1509344d3495daa52dbb3b9750ed2e29052706e50cabae72b609a253a2a543a8
data/expanded_outputs/method1/Q189_method1_exp_20260413_101739.md,5680,85f19b93316399622b28538a08ac72b87e368c30b211b8f555cd9cefe20a8d04
data/expanded_outputs/method1/Q18_method1_exp_20260412_230513.json,14369,304b7f193720a025705e0e2e96bb04c63c03d9bb89c7438f5acb07ee28833c0b
data/expanded_outputs/method1/Q18_method1_exp_20260412_230513.md,6399,58c5d363f9e223a3fbdb2bb008b758803e85bcca184abb7f983cc4b7dd7157db
data/expanded_outputs/method1/Q18_method1_exp_20260412_230634.json,14369,009f61da4e22299df5f0fb7908e8d450c0ad40a88c52f2689cf434090517ba9e
data/expanded_outputs/method1/Q18_method1_exp_20260412_230634.md,6044,616445691e728bb6fc1d0a236fee715d88cc2333850c06b274b9aa42543e9da5
data/expanded_outputs/method1/Q190_method1_exp_20260413_101910.json,35645,fc22153e5fa3e3ff51a44be8a15411b5186e1ed95fbc60afd7ad0d4b7133cc9e
data/expanded_outputs/method1/Q190_method1_exp_20260413_101910.md,5707,3cc99f7352a76fe44dd43c3d98be8add78435c77af934c95728f079b738ca142
data/expanded_outputs/method1/Q191_method1_exp_20260413_102044.json,34452,bb8557b99c18cc2199a249f0094190e5ce0b6ea05bb32edba97616ad4106f1e3
data/expanded_outputs/method1/Q191_method1_exp_20260413_102044.md,6761,47fb8babd03f70f2175ff3f504afbcbd20dca511c91af04ea114dad74af296eb
data/expanded_outputs/method1/Q192_method1_exp_20260413_102222.json,37120,28372651ca91d4573d05dbbfac6230701d90c2cc0415d608f900f7a9d35e4b92
data/expanded_outputs/method1/Q192_method1_exp_20260413_102222.md,6811,e5167ef9c3d3da34a02c5435e712e6e504102f37f72afa63e32716e22bae36dd
data/expanded_outputs/method1/Q193_method1_exp_20260413_102350.json,20370,87d5e0cce0c7c74633f55b05b9f99911eacac83877cdbcc92e39b475e840a4c6
data/expanded_outputs/method1/Q193_method1_exp_20260413_102350.md,5828,eb682ffac907bbe8d8590235bb49333eb7a980676515655bd84ad5990e2b529c
data/expanded_outputs/method1/Q194_method1_exp_20260413_102522.json,25965,a9502c12a487829eb61a374381f9a0991e57c6821f9e43645510329f691eed5d
data/expanded_outputs/method1/Q194_method1_exp_20260413_102522.md,5976,f93a7cb3b972380f7c9cd6d6bbe38300b38cab0292cfe050f8d32a6a13f49a9e
data/expanded_outputs/method1/Q195_method1_exp_20260413_102701.json,28734,368f488ac2fd77d2f3201ff985d8bc44af8c11f7923887eb4bbbb1f00526fc65
data/expanded_outputs/method1/Q195_method1_exp_20260413_102701.md,5763,dd8b217bd959bd71b73df910536ae457f4b5ce000a06773ba7127d05189f4c98
data/expanded_outputs/method1/Q196_method1_exp_20260413_102837.json,47654,4b44010468289ced8fcde1cb8c65864145c3540a705cbe71b9e0056ca557dc73
data/expanded_outputs/method1/Q196_method1_exp_20260413_102837.md,5654,df53354dfd3c20eb362205ce92096ee8da625bc30012e5681fe712dfdfc58f4f
data/expanded_outputs/method1/Q197_method1_exp_20260413_103020.json,20870,6eb36f453f98dba55a20abf9439feab6afc592f87a3737eb6aa39f1dca1dd465
data/expanded_outputs/method1/Q197_method1_exp_20260413_103020.md,7146,cda48ceedaf56813409eef2c329b79d40bbb2f887c04ffacf6aa296e1482cd63
data/expanded_outputs/method1/Q198_method1_exp_20260413_103219.json,39040,aa4248b3a5864ba16abd30f8e1c1fd1d5e4364998394d5f370c34d6871ebef97
data/expanded_outputs/method1/Q198_method1_exp_20260413_103219.md,6794,da678fe1d2df6e33bf80fe5c9a1f40da9b4eff40aa63430dd69e7370775ff47d
data/expanded_outputs/method1/Q199_method1_exp_20260413_103415.json,42147,fbe13bb670b7382dd540f54773d352a6f960782a294008dd185dd35bee9f0020
data/expanded_outputs/method1/Q199_method1_exp_20260413_103415.md,5957,16e36d2e6d8043053d8c9e3f164a1cc2888fba6a2c5b767ffc765511c552b8d8
data/expanded_outputs/method1/Q19_method1_exp_20260412_230659.json,17058,619d994b4a2270de3e633fa26683ba479088e24c7004ce6e24d2421e00b44663
data/expanded_outputs/method1/Q19_method1_exp_20260412_230659.md,6486,1936bcf6e43b6ee4d733c9c617891b5edbf971d58dbad05cdeb7b2c42a627d7f
data/expanded_outputs/method1/Q19_method1_exp_20260412_230824.json,17058,56c2cadf3aaffb316b66700275c1d00e7e2b6741d4365e27a9be60502b381d6f
data/expanded_outputs/method1/Q19_method1_exp_20260412_230824.md,5690,f5adbfe7be667d3eccf24df40bd1d31ed5cc83c4ae6d3993638213106696c921
data/expanded_outputs/method1/Q200_method1_exp_20260413_103616.json,89159,d15935e0ab4d47560ee55f22f1b34283809f9fb2c2999fdf06a7cd3b25d2488c
data/expanded_outputs/method1/Q200_method1_exp_20260413_103616.md,6274,da92a66c13704b5c722fa61c873c132bd9c947682c4309dbc68e7b6d83fb8fbd
data/expanded_outputs/method1/Q201_method1_exp_20260413_103814.json,62267,14a8f9e84faf284adacf047b90a6462e73509102e8419430bb326bb6d7a4c265
data/expanded_outputs/method1/Q201_method1_exp_20260413_103814.md,6682,0ada9efe604b1e14a5135fba69b83318a93b650babe80971b9fafc58f2b5c723
data/expanded_outputs/method1/Q202_method1_exp_20260413_104011.json,48136,d1677154902fe3a4da74727dbe43a4cea60e81a5facbf87474979551fa3a22b3
data/expanded_outputs/method1/Q202_method1_exp_20260413_104011.md,6389,bc2700b37210aa242687095b51e6217effd77bb69c240463dca2953600ace737
data/expanded_outputs/method1/Q203_method1_exp_20260413_104146.json,35750,6a4922be4a9bad65d19ef0611f21cae7039d53124ebf58c030e0e42236fc906b
data/expanded_outputs/method1/Q203_method1_exp_20260413_104146.md,5277,3f41fa8c210b33781ccec180a550dbee0f167a128dc3ce00ffa13ef1563fd4e7
data/expanded_outputs/method1/Q204_method1_exp_20260413_104341.json,39149,4be43bb5c710e74c60c9923d79a2bd5fbad64cde466ff7753c4abda5f85140fe
data/expanded_outputs/method1/Q204_method1_exp_20260413_104341.md,7167,dac2e52a6ec08ddbd0e50254428a9dbf30bafa50723c1dba88cee9747d3474e5
data/expanded_outputs/method1/Q205_method1_exp_20260413_104529.json,43414,250439644ab6ee27666cad1c471d40c6d2d2a3866778ea23a18b1fa42571b4c6
data/expanded_outputs/method1/Q205_method1_exp_20260413_104529.md,6213,603fb2914c14652fe1e50bab78a46a1b9dbb21f694b2625f2377a56989efcb3f
data/expanded_outputs/method1/Q206_method1_exp_20260413_104815.json,36888,7fbb7e10dc64dec9c1964e05f80a363fb757fea9aca3b75dd2e557a685ded314
data/expanded_outputs/method1/Q206_method1_exp_20260413_104815.md,6157,49c890d67dcc4ca972704d88ce8b4799cf6512fac2e119108965e17434168353
data/expanded_outputs/method1/Q207_method1_exp_20260413_104957.json,93522,705dd4bde800f5c8f4456739fe8d57270287c06feefa6dc7f2f3be1acfe1be68
data/expanded_outputs/method1/Q207_method1_exp_20260413_104957.md,5646,6f504bda3ea192b5a261635239e48a62ce4239d151677526171bb19baa14da65
data/expanded_outputs/method1/Q208_method1_exp_20260413_105134.json,34118,0e9257ac4e05cfe7636f191ab5f143befde91844b81d0c21f8d8563277286e06
data/expanded_outputs/method1/Q208_method1_exp_20260413_105134.md,5991,c49af8248067cdb0597b47c143bf986cebb927a399d76e2617953fead0b95be2
data/expanded_outputs/method1/Q209_method1_exp_20260413_105310.json,19367,105a87c6ef926329d34a0d18988d147ddaa3d39c2663e30efc58fa69f130f960
data/expanded_outputs/method1/Q209_method1_exp_20260413_105310.md,6626,62924df20c6ce29d2d33ef2ccf83656c7e1eb99ec4a7168813540344c0a294a9
data/expanded_outputs/method1/Q20_method1_exp_20260412_230858.json,17064,2a7b7f4b7dc2ae5599f68902fd832e5a61d008e851a43a3223c9614eb4242570
data/expanded_outputs/method1/Q20_method1_exp_20260412_230858.md,6819,ab2f7982dcf033182f53a8a5e366cc664e084655f188ab3cc6125292b9c47731
data/expanded_outputs/method1/Q20_method1_exp_20260412_231020.json,17064,e7748d4c1e4c1c54ae5902d442998d8ff616a86bfa995c925d55658169b68fc2
data/expanded_outputs/method1/Q20_method1_exp_20260412_231020.md,6804,43c4349f97f8ca3a868db148d2e561cf833c810877d45bcecdd3890cb87b8893
data/expanded_outputs/method1/Q210_method1_exp_20260413_105447.json,47178,5d78b45d6b0752fd5c0fab69825b6c42dcada8eaf8bfb3d895aa8a09860ccbfb
data/expanded_outputs/method1/Q210_method1_exp_20260413_105447.md,6593,9fb95e7a3f1b4dc615c4c5beb98f1c3dd8fa656a549a136a71dea08894cf1a5f
data/expanded_outputs/method1/Q211_method1_exp_20260413_105632.json,38761,2ae3e8e53a77ef4416855f5957c1696aa736f03ccaa6349240d076f605f2f92d
data/expanded_outputs/method1/Q211_method1_exp_20260413_105632.md,7082,565eb7b3c4a2c652477fcc8c3cb61e34764f53cf62409033ca56b20bd88fdbcd
data/expanded_outputs/method1/Q212_method1_exp_20260413_105802.json,79243,942a624759c92a9ab2e585532085b5fd285e695c883f6b947f2047f5efc615c2
data/expanded_outputs/method1/Q212_method1_exp_20260413_105802.md,5273,1947fb61715685c0e5832597fe58780c5c79e1109db1dad731361ec5d2a30b48
data/expanded_outputs/method1/Q213_method1_exp_20260413_105930.json,33289,bbff0450faa8e24b779d3b73e02548c48362979574c18ec98cacd040a7dbf1c9
data/expanded_outputs/method1/Q213_method1_exp_20260413_105930.md,5170,9648276ca91a57e80fc078061c3e1d0cde1fd09674f082dcea395dac18503e7d
data/expanded_outputs/method1/Q214_method1_exp_20260413_110119.json,58939,d4efa79d3426179665041a29f141f11398464f5839ba79f456a06bacb76be6a8
data/expanded_outputs/method1/Q214_method1_exp_20260413_110119.md,5869,b07a1515695c8a58a9078cef5534ee7656c44254387c0daf0fdc604447e7c873
data/expanded_outputs/method1/Q215_method1_exp_20260413_110311.json,62759,896fb894c2e0847e868203ce83daf2635b623693c0ce8a469e6e64a838a8438b
data/expanded_outputs/method1/Q215_method1_exp_20260413_110311.md,6821,8b4b51419a605d1266f619bb74922f50bab63e95e6f9fbfa1ebda5a7655b4223
data/expanded_outputs/method1/Q216_method1_exp_20260413_110446.json,75695,90b038605cb76f2d8d9752d111a214bd9e1649b089ad9ad4ca3e5baf126a5910
data/expanded_outputs/method1/Q216_method1_exp_20260413_110446.md,5586,0d7fef3e91a884cd8d3bbccf9cc91f6cc7115ac4b6dc76d21fadde9947b2a01f
data/expanded_outputs/method1/Q217_method1_exp_20260413_110624.json,39692,882206fed58eb4f87a0accbb34904c33a6073f742f9b765cbaee9c1b56922a67
data/expanded_outputs/method1/Q217_method1_exp_20260413_110624.md,5128,f141ed14497b253122577c49a552c3357492cde6f66c3d51e65584f9da7319e1
data/expanded_outputs/method1/Q218_method1_exp_20260413_110810.json,25127,dfbaa0743a05e55ade156bbc850542315494f032e1e098987b1de1d2ffd68a15
data/expanded_outputs/method1/Q218_method1_exp_20260413_110810.md,5810,25f177ff3e512b5922ae9d7f18051a4935aeb9073d83eb5242b6cf412a1fdf55
data/expanded_outputs/method1/Q219_method1_exp_20260413_110948.json,42357,158e01f50e6becc11352670304816d3c498efd356d8ddba16941163bbed0c1aa
data/expanded_outputs/method1/Q219_method1_exp_20260413_110948.md,5492,96f089e22910251aae3018489d8a5012318f9cd9140a89fdd646b09c87db5967
data/expanded_outputs/method1/Q21_method1_exp_20260412_231047.json,8825,fe6b4356eefa6b63d43c32a2b3b3b38663100960393a49f7f33ec7d24935febf
data/expanded_outputs/method1/Q21_method1_exp_20260412_231047.md,6757,e4d1a3ce49f5afbeeee35c01f6a36610f586dd5fa01e4cfc33791b62955f0a57
data/expanded_outputs/method1/Q21_method1_exp_20260412_231205.json,8825,9dd7b207fc541cf635fdaddebe8a3474b2c85f2e6b02339713e25f8cc4a94c11
data/expanded_outputs/method1/Q21_method1_exp_20260412_231205.md,6701,1321717211a18e5268ae1b99935e7f6c06c3171f385d7fcf43dd27ebf45f6006
data/expanded_outputs/method1/Q220_method1_exp_20260413_111136.json,84792,889260de087d995f35639d3969f709370237913d6bfafd40df4b52fd4f56363d
data/expanded_outputs/method1/Q220_method1_exp_20260413_111136.md,5764,695a2e22e2fd1c5e3119865cc27f7a4447ff15648307d1d91ed81056c79ac0b7
data/expanded_outputs/method1/Q221_method1_exp_20260413_111331.json,101417,2f800fa4553025ed89cbd05182a0adb5b5e3a52ab4fd10e42d8c15c415ada7fc
data/expanded_outputs/method1/Q221_method1_exp_20260413_111331.md,6586,45ea975463ff95da2168020c3663b821a8c363c17b74bc8ba4765964d12b6a08
data/expanded_outputs/method1/Q222_method1_exp_20260413_111529.json,72771,77006bc80a4605f7482ee09bf778f8a9b4578cfbe98f0ecb9c25c54e8e3f481d
data/expanded_outputs/method1/Q222_method1_exp_20260413_111529.md,7322,0cfb91d314fb596e8a116845534f0a4ae900bf90e8edff073ee233ea65ab022a
data/expanded_outputs/method1/Q223_method1_exp_20260413_111707.json,76155,f60e869c44667e0839aa32233ab1cf4a2c4fea79582e721e056c4d6c136116fa
data/expanded_outputs/method1/Q223_method1_exp_20260413_111707.md,5220,708613a95d214d58c975e50a6421486378b288e6d30d4e30d514d68e90f83590
data/expanded_outputs/method1/Q224_method1_exp_20260413_111857.json,64774,0ddd91e206126c16f282081e4ea5128d6c3d73ee6a46830d6a7ab014c6f3021c
data/expanded_outputs/method1/Q224_method1_exp_20260413_111857.md,6496,290e3cce117eeedcd790703de45d865acb565a958d6dccc89e8a2dea2e32114d
data/expanded_outputs/method1/Q225_method1_exp_20260413_112042.json,69227,748f8bb4b9d7a3b44b0589574850a530aaa1bc9043e883693d5257c84dcf2cd6
data/expanded_outputs/method1/Q225_method1_exp_20260413_112042.md,5821,2cdf2b305f580fd86778a47df25fc097139de415228b6a2bc6b7aeaac9e99bd7
data/expanded_outputs/method1/Q226_method1_exp_20260413_112225.json,80694,7346778c90ab68868452de96e0c79195bc31c77a93dac4f1e05f1c61028c48dd
data/expanded_outputs/method1/Q226_method1_exp_20260413_112225.md,5670,3ad53ab3b9d9697f7cb850339ed85898d4991a5b1ba309df44e945f966e6fee1
data/expanded_outputs/method1/Q227_method1_exp_20260413_112407.json,62652,5a5771fcab014b3445869d290cd5552ab49f104768b0891bec46d3366595122e
data/expanded_outputs/method1/Q227_method1_exp_20260413_112407.md,5808,e029db87a5a25c8f30588e0aa9b44db7c634e19f15b438b4a4bc719cfcc5fc42
data/expanded_outputs/method1/Q228_method1_exp_20260413_112550.json,64100,dd89dfc072a4c99c1216fa794a38eea73ba9842912baed78ad5b8668402de921
data/expanded_outputs/method1/Q228_method1_exp_20260413_112550.md,6588,89d9ed3117a28808c91dccd984ab78bfb186a14b08688a3fdac43b77a7d6cc82
data/expanded_outputs/method1/Q229_method1_exp_20260413_112724.json,33518,3fab8713694f219c3248e62f1d0ff3a154e6d0779a68b5854bdf155d392cff35
data/expanded_outputs/method1/Q229_method1_exp_20260413_112724.md,5895,3acaf4240db380e67f73737d2eecc162fdf0e7168850b6a22a0c1078aebcddda
data/expanded_outputs/method1/Q22_method1_exp_20260412_231247.json,19191,a95b731447f07c3645bfde4f1e975a66e41682e34dff6aa374bc243c198f782c
data/expanded_outputs/method1/Q22_method1_exp_20260412_231247.md,6337,25132358599c8746f7cd8bae372f408e90025b0f0b21053136efb222c9e466bd
data/expanded_outputs/method1/Q22_method1_exp_20260412_231356.json,19191,cb5f1df611453b6d5e3736863c4fc264e0612d787d5602b71b0434289e9e2548
data/expanded_outputs/method1/Q22_method1_exp_20260412_231356.md,6034,91607677dbe1320fd68a2eb81c062a5f09a15c176b16799292545166b0619d26
data/expanded_outputs/method1/Q230_method1_exp_20260413_112916.json,54775,70a706d2e290baf9867b3e74ce7d3a87955d3c271bad6f88dd0ec9ec8c4a3ca2
data/expanded_outputs/method1/Q230_method1_exp_20260413_112916.md,7603,754a558e4da46f1a6f90d8bc071b9eaa78e25fbce85542a5339ab721cf36141e
data/expanded_outputs/method1/Q231_method1_exp_20260413_113057.json,101656,db47ea43bb8f2f6da5fdd90dcb5e9dd40f94534593be76f713ee0d8f4226212d
data/expanded_outputs/method1/Q231_method1_exp_20260413_113057.md,5968,ad8400779e2a5d5c199d9605895f3058d1c85adb106b7b76c844df86db24cef1
data/expanded_outputs/method1/Q232_method1_exp_20260413_113241.json,31718,7b4bd79d570000ce5a88094a0a858f96e6133b1310af9a08208a66192bb0c1c7
data/expanded_outputs/method1/Q232_method1_exp_20260413_113241.md,5769,6294ac3dc079acd59eb02e052bcac2e1741f0fa9fa782506d09e37dcb6a2d07c
data/expanded_outputs/method1/Q233_method1_exp_20260413_113421.json,27539,f82982828438370956a9d5360dc77725eb6d92e9d3091ee6b44845679d26b994
data/expanded_outputs/method1/Q233_method1_exp_20260413_113421.md,6276,3443700713f5071a39a3aaf4ffb2a622595f9b56008ff518f4d9a08640a21580
data/expanded_outputs/method1/Q234_method1_exp_20260413_113606.json,51760,c3e5a55d77d7819a492ca395bc10ff5c98217a9633b944ed1343798606e8304b
data/expanded_outputs/method1/Q234_method1_exp_20260413_113606.md,6456,150075d86b087626f7baa743462181c59364a183a0e904390548bbde49b531e9
data/expanded_outputs/method1/Q235_method1_exp_20260413_113750.json,91290,6c524d0b2c3653207a0624a6123e8875f9d1378689765ea4fb9e549782da6113
data/expanded_outputs/method1/Q235_method1_exp_20260413_113750.md,6444,dbaa05ccfd74c6dedc20b91929bcd6a028e0f9da8034dbab28e54f73e916bfe9
data/expanded_outputs/method1/Q236_method1_exp_20260413_113948.json,100377,5bab76fc5dfbcf6580344797a5e43425418ae89c00ad52233c2406242ba16bf4
data/expanded_outputs/method1/Q236_method1_exp_20260413_113948.md,7366,d163b65b5017ae1a79e5ce3c56bdd54b53f8b5a0485d7ff69f19f1a8b2b226d0
data/expanded_outputs/method1/Q237_method1_exp_20260413_123248.json,34758,67a5fa5eb1b05f2f6e4645399d5a435fada9d3e207ec42d951deeca83f73a2a4
data/expanded_outputs/method1/Q237_method1_exp_20260413_123248.md,4635,b41f6ad592109e2cfff806f81bb0e26f888f9f817ee03052c810a98db66b398f
data/expanded_outputs/method1/Q238_method1_exp_20260413_115415.json,77708,4891748de497466424c127e8a9844226b37a7935f1ee48a7a196c39a8d1b52bd
data/expanded_outputs/method1/Q238_method1_exp_20260413_115415.md,5573,2d2d5a1a46d85a9b063786996a6cc1b70087850ca9da994dc53a1ca58b023925
data/expanded_outputs/method1/Q239_method1_exp_20260413_115544.json,31780,cd6fe6d6b9cae6f6896544065162bbf498de1eae2ba14e41dd5df9161e72fe04
data/expanded_outputs/method1/Q239_method1_exp_20260413_115544.md,4829,6ca7685b6fe4c9ea10f14a6b8db68f38fe61e546739b833c68f7669f1124aeb3
data/expanded_outputs/method1/Q23_method1_exp_20260412_231407.json,8837,545ec2632d26be0b96a92331c7049e82e457e615dff09b28ef2363f728a877d5
data/expanded_outputs/method1/Q23_method1_exp_20260412_231407.md,5267,0455b4c1f95163ffa81722ca7a94a6a2af47fea440bb4c86471b38e83b56c9a8
data/expanded_outputs/method1/Q23_method1_exp_20260412_231520.json,8837,b89af87e91ee83a46a8df906f4b4775d91f2974494a63cbd9af3d18486c1b695
data/expanded_outputs/method1/Q23_method1_exp_20260412_231520.md,6062,6964edbe0f34a1badbb985638db8d47f661af81c60dea474f8730ad5d8428fff
data/expanded_outputs/method1/Q240_method1_exp_20260413_115723.json,63319,7174499c44a4896b1ea94c4134d3010ba55666524c609b6b07894ad821a26045
data/expanded_outputs/method1/Q240_method1_exp_20260413_115723.md,5314,0333460292c6d832d9350a2d325d3b9e34b027dccb53b832abda0447890b4650
data/expanded_outputs/method1/Q241_method1_exp_20260413_115908.json,37465,65dc76c00914b8fe865e747136263d3276710249ef2b884dedbd7cfc3c95a73f
data/expanded_outputs/method1/Q241_method1_exp_20260413_115908.md,6660,d819c165819e21de70d76b05dc05e748d630e93e9411612065dbb9a01338ae07
data/expanded_outputs/method1/Q242_method1_exp_20260413_120107.json,208821,6d01fe5e228deaf258b67f3fed44d67f3a26c4237d86bd28111785abfd45ad5f
data/expanded_outputs/method1/Q242_method1_exp_20260413_120107.md,5480,fd630b9f37087decd958420984ea516cd7cb735ff9dcd5940138e89e1c8194e1
data/expanded_outputs/method1/Q243_method1_exp_20260413_120246.json,81270,40bcffb235fce64cdad552bce9e8277e2cb0e1d9d0cd273d0d28f5186449d906
data/expanded_outputs/method1/Q243_method1_exp_20260413_120246.md,5402,c4b4fa59817a04a864af04a065bd474943ada56d2ae02d5bdcc4c060544df62c
data/expanded_outputs/method1/Q244_method1_exp_20260413_120426.json,48317,b21041b7ec1c2cc5b5574e301fcaad525c2598b6b43b343458b3f88e827a3158
data/expanded_outputs/method1/Q244_method1_exp_20260413_120426.md,5472,cab4a8dae3902564bf45545581504ceeff6d594e3a180fb21f61c204b7c8b17e
data/expanded_outputs/method1/Q245_method1_exp_20260413_120612.json,23017,0918101aa16ac9663df73e77b4d396a4585db484eb12b7f45c045e92398055ce
data/expanded_outputs/method1/Q245_method1_exp_20260413_120612.md,6129,86b4b1aa8062451d4775e3884c908b217d671b4ea9e4609fa12a88a1449de6fd
data/expanded_outputs/method1/Q246_method1_exp_20260413_120800.json,74774,54c5526b9a2205af1ca3dc2de24383a7a229045451b63d6bff6222d3a71676c0
data/expanded_outputs/method1/Q246_method1_exp_20260413_120800.md,6604,de98c1b8d198132661e2308a683a2cfaee9c7a13ccb6612d58cdbdd284064975
data/expanded_outputs/method1/Q247_method1_exp_20260413_120952.json,20456,c836d5f15fb37a9d6c10a6c3128e515cb8dd259c199f5f9c4741ec512c64cff5
data/expanded_outputs/method1/Q247_method1_exp_20260413_120952.md,7333,e7074dd51cb5e474396dce6f76f74fc7355a7fcd2cf518185ba5912cafe928aa
data/expanded_outputs/method1/Q248_method1_exp_20260413_121138.json,33526,50b31f139222d857697ba99c23bdf5a9b5fa9d11bef114a529e1960c02047163
data/expanded_outputs/method1/Q248_method1_exp_20260413_121138.md,6193,e0f3d5d9669e8aa847671a0f5fe6185043fb4a042f4b133056fab145ea705bb2
data/expanded_outputs/method1/Q249_method1_exp_20260413_121342.json,50671,6276eabf907b91a97ab8fff8d7c6d7f9fdf2a51179f4437a0a50788429945d46
data/expanded_outputs/method1/Q249_method1_exp_20260413_121342.md,6646,fa3ab0d4225b8606e0e2bdadd19717f87a566666a9bb44be5c99f79d37971f24
data/expanded_outputs/method1/Q24_method1_exp_20260412_231550.json,14333,a3588a07e0493a61df641e0daa307547722feda33473ed2b7b4fff02f673404a
data/expanded_outputs/method1/Q24_method1_exp_20260412_231550.md,6438,26ae06eff272a67958d40bebb5d8ad6948c6978192a1e6e36f89e3b0a7452fd9
data/expanded_outputs/method1/Q24_method1_exp_20260412_231654.json,14333,8642042728b1c8a0b4762844cc3fe9c82948d6910d14c0e51db652f6034828e2
data/expanded_outputs/method1/Q24_method1_exp_20260412_231654.md,6139,9f404739d1d9693ffd35502f0231515933b9157f8ccfec6eaa03d02c57a3df31
data/expanded_outputs/method1/Q250_method1_exp_20260413_121543.json,50255,b5d28dcb59f06fbe2d36a9ca1e1663128466ed2d0defd57843bf15add01467a1
data/expanded_outputs/method1/Q250_method1_exp_20260413_121543.md,6910,3a32a7550b5b40fa0661025bf0a2a0ddadf4485bbd5026dac02def63ec30c09b
data/expanded_outputs/method1/Q251_method1_exp_20260413_121731.json,56341,f88e42c4da07a9b7ab83163ab10ce7b074a82310098789e93ebe7f602d212ac6
data/expanded_outputs/method1/Q251_method1_exp_20260413_121731.md,5853,7ccc614b4dbe152573c3ed39ce11632703556c0437cfbfb6d9698c9b899513fd
data/expanded_outputs/method1/Q25_method1_exp_20260412_231737.json,17073,fb87f1bde5cd2eddfc13de895da9fa98e2cb6bf413b81f9f97265712a71b5fc3
data/expanded_outputs/method1/Q25_method1_exp_20260412_231737.md,6587,6b3c782b775c19beef0b946699f68affb71669b8a38650d6df70b11e71bba95a
data/expanded_outputs/method1/Q25_method1_exp_20260412_231839.json,17073,5a9ed74395cc1b3f894dd7e50029bde969f42141a324fb5b79d8ff9208cf0606
data/expanded_outputs/method1/Q25_method1_exp_20260412_231839.md,6415,6ba5b1713821a159eca6625dfccea8bf2c9f9b9920b93736aee91c00903bb80a
data/expanded_outputs/method1/Q26_method1_exp_20260412_231919.json,13951,18d7bb139150bc118a9c1a0adb8bb91eb60fd624dd26200692c11e479c996021
data/expanded_outputs/method1/Q26_method1_exp_20260412_231919.md,6700,2d268bcadd5d0ca130ffaaa26c681afd7df2bcd10c75b6c4ca4ded51142efedf
data/expanded_outputs/method1/Q26_method1_exp_20260412_232010.json,13951,afd9edcf3a2246e88ac6a9f5beaac3fd431aff98b0412ac03a0eda1b58f58467
data/expanded_outputs/method1/Q26_method1_exp_20260412_232010.md,5423,5f958a3729bc6efd153ac92c691c0111be0a022a03be0c042419b0609436c0ca
data/expanded_outputs/method1/Q27_method1_exp_20260412_232116.json,21088,baac613a813fba9a99bed1034ad25d65280ebf1899e80bee901592e98d43e81d
data/expanded_outputs/method1/Q27_method1_exp_20260412_232116.md,7690,c1cab6233b3bcdecddb06c3bc1cb2423fa7bc330eeb182ad1b6461ba0bec75bc
data/expanded_outputs/method1/Q27_method1_exp_20260412_232206.json,21088,c1b3b43c30fffa641d15924e6eb7f70f81946939ca1ee8cf7e351745cae17484
data/expanded_outputs/method1/Q27_method1_exp_20260412_232206.md,6897,000aa0dc32d0a8e56592d278ff6c75931617c45443ea6ca5ed07d3352f3bc9fe
data/expanded_outputs/method1/Q28_method1_exp_20260412_232305.json,18781,c0a64bbb70236d2e978c5c433d13751db21dc57d925d122d0305e28d5967928a
data/expanded_outputs/method1/Q28_method1_exp_20260412_232305.md,7104,d97c72c49ce3ba2524d9735b0cff098a6b23fbb561ba27eb153d63441ed672c3
data/expanded_outputs/method1/Q28_method1_exp_20260412_232349.json,18781,9ec4c9dbf620d5364f26315aa3c9ae09b0337fa9b0d00dd8b76389a6a16e9242
data/expanded_outputs/method1/Q28_method1_exp_20260412_232349.md,6355,81030ccdb5ec02a939e8ffe2625b9e516717e0c2b64cfafe7a7c969bd94ae9d2
data/expanded_outputs/method1/Q29_method1_exp_20260412_232441.json,17052,b3f605fe73b5967ad14f3d392d910f40107c2a0538dd0c179ad5b7546f832cdf
data/expanded_outputs/method1/Q29_method1_exp_20260412_232441.md,5070,c676f798b992152315a6317b7eab346aa8b8e7b8f01661ffefd569d74a74a4e8
data/expanded_outputs/method1/Q29_method1_exp_20260412_232525.json,17052,8d87c29d586ed38e5782a500945c2be29798a099071c63b403f69504d1c782f8
data/expanded_outputs/method1/Q29_method1_exp_20260412_232525.md,5381,aee8ed06caacd4dca7511d892e5f677a301373f3befc47ea735a34c6dbf0bf5a
data/expanded_outputs/method1/Q30_method1_exp_20260412_232636.json,19393,15d89f7df8abdedafadd641e5ff417e9f5c6d2efe82d4598fb5ecbca8597676d
data/expanded_outputs/method1/Q30_method1_exp_20260412_232636.md,6800,8cfcf897acd3b6fbe1043fb5020ff2689e5de10dd726f02ff1bf6aeebd83b724
data/expanded_outputs/method1/Q30_method1_exp_20260412_232725.json,19393,66bbbaf37255d8be0b3afdfb7022e5c2915ca3c4a01dd5c0ad6c3e04bbf1c3fa
data/expanded_outputs/method1/Q30_method1_exp_20260412_232725.md,7983,258d813c1666096788cdf3b23ed47da8e95b2be59deac3612373dc6d190c9a27
data/expanded_outputs/method1/Q31_method1_exp_20260412_232819.json,17094,e0130faf08b3becf1a5049629f47c166637fa2b25d730d5a1ab24880a7c22c6a
data/expanded_outputs/method1/Q31_method1_exp_20260412_232819.md,6285,b8a366919c32d8ae082ac58fbd9e05154ca204f2f6d000fceeb0ff71f38f7648
data/expanded_outputs/method1/Q31_method1_exp_20260412_232907.json,17094,3ca563d6dfc32193ed4f70208674b855af94647d016db3c0efab4f81867e6be7
data/expanded_outputs/method1/Q31_method1_exp_20260412_232907.md,6859,9ddb93eec8fde715a09ae87cc278e1f50cd407e59ede1612198e2522449d6bf2
data/expanded_outputs/method1/Q32_method1_exp_20260412_232948.json,17094,1b2892850c52fef1d6141c914a2bc1439bee1a9119fdc006a6d331d99d2ba601
data/expanded_outputs/method1/Q32_method1_exp_20260412_232948.md,5046,33464aee35f0cb87a569845213a0ac58e46287df5726ff8bb24a835690104f32
data/expanded_outputs/method1/Q32_method1_exp_20260412_233038.json,17094,535ba70a1658cd7f23772418a7b260609a0768de97aa5f5cb6d4c5b56736f3e2
data/expanded_outputs/method1/Q32_method1_exp_20260412_233038.md,5678,9e385308b44e6d097d82f0d9a027e13263c711c898493070f13844cfe783171d
data/expanded_outputs/method1/Q33_method1_exp_20260412_233114.json,14009,97b10c90883fba22d954886378cc1c9c01fe4f21eb33df1770da9549ac8f6091
data/expanded_outputs/method1/Q33_method1_exp_20260412_233114.md,5448,9ffb531aa621236ff5c3fb33948e1d5d228cf82672367b13e5c28e4dccdf1b1b
data/expanded_outputs/method1/Q33_method1_exp_20260412_233209.json,14009,25f90d4127c24c46ccbf774c33e51202518712b6c7d380caa0421f6a10823499
data/expanded_outputs/method1/Q33_method1_exp_20260412_233209.md,6101,f5b4bae72f00b3f08a63221f0b189189b97ef292dbd7d91c3e9e8cdaf5ab09e7
data/expanded_outputs/method1/Q34_method1_exp_20260412_233259.json,17091,b92cc2691cbece0835b1f9d31534ac31f2b81b03861355e8f56356e88a57554b
data/expanded_outputs/method1/Q34_method1_exp_20260412_233259.md,7282,48a198201a56c0d2544df049bd82667f3de03696f7e85823e6b1271cc9f11638
data/expanded_outputs/method1/Q34_method1_exp_20260412_233347.json,17091,23a107a2a2864e448e5d6287e458ab21bc5c4ce6e2906af62bdec73bf593957f
data/expanded_outputs/method1/Q34_method1_exp_20260412_233347.md,6264,d4c5a82105797067a579588645906b20d5c580a56b11857ad1bbb56647a38bfb
data/expanded_outputs/method1/Q35_method1_exp_20260412_233436.json,17088,83deef96b861b13345d8f524226ccc7df40d814927c17e5c775acc0c52faa23d
data/expanded_outputs/method1/Q35_method1_exp_20260412_233436.md,5657,defeb7234da6967945a573d884c5829a00de67797b3d3a24a2d1694afc5e63ec
data/expanded_outputs/method1/Q35_method1_exp_20260412_233531.json,17088,2d25969898ab66bdb503178ed2397caa485edd361ea35fc1d066ab76535ac649
data/expanded_outputs/method1/Q35_method1_exp_20260412_233531.md,7214,d2aa34017bd7f321a444f31c311ce37cb32bd9dbbb858e68492f74a1d8a878e7
data/expanded_outputs/method1/Q36_method1_exp_20260412_233607.json,18309,817f2eb289edbffec9f1b56a23391d29b498de55721b385a7c49337ef275b823
data/expanded_outputs/method1/Q36_method1_exp_20260412_233607.md,5081,21da3c6289f7f83ef8d3c6a05a8614ffe4e47d00ba9e4318faeca4d167eb97bd
data/expanded_outputs/method1/Q36_method1_exp_20260412_233706.json,18309,828f83fce0923c860f2e00682b00b80df86b255dcaa135464c0c3e726baaa888
data/expanded_outputs/method1/Q36_method1_exp_20260412_233706.md,5780,1497f6658a4c743c3273f36da34a25428ace0274f83b50a3fe35cc4f87485424
data/expanded_outputs/method1/Q37_method1_exp_20260412_233741.json,30877,b3a4e9490f56346cd3e32aeb067354062adf92c86e755fbe80227f8ac64b1224
data/expanded_outputs/method1/Q37_method1_exp_20260412_233741.md,5814,2e6fe635f117030f79e74411361d44ac0376a22660a12a5a36a38b06cdc89797
data/expanded_outputs/method1/Q37_method1_exp_20260412_233858.json,30877,7be1fe59ba22571468c17e615a8695a7cffc7da3964cd9ad8115a0258dcd73b5
data/expanded_outputs/method1/Q37_method1_exp_20260412_233858.md,6623,a2f3ce1a52ea4fd79abdde8b708773cb7763d751c70e97cf164667a4d72d28d8
data/expanded_outputs/method1/Q38_method1_exp_20260412_233938.json,23392,22b3377489ddfb87f8dc9d7956245ad73799a5546c1513f11c4c4789bac3ae5b
data/expanded_outputs/method1/Q38_method1_exp_20260412_233938.md,5397,9861e43d32f4850bfb793c561df15d6047c46c088ca5a2cb76a9d734dc86a4ae
data/expanded_outputs/method1/Q38_method1_exp_20260412_234058.json,23392,2ee7f89cbb45fd0df90dc690b7285466fbcfd9435dd5581c6a90493cce8e648b
data/expanded_outputs/method1/Q38_method1_exp_20260412_234058.md,5983,0756f428581cfbe6df0bb8db863fdea74ae66dc7ce72f8bc2f472cd211737229
data/expanded_outputs/method1/Q39_method1_exp_20260412_234147.json,19347,f1d1e8f29cfb32e47c3303f3e066b1f1cddf049cefa2e9f5d05afed2e700dbf5
data/expanded_outputs/method1/Q39_method1_exp_20260412_234147.md,6614,ef7d931fe8bd7f1f4664ab8fd759a0b6a478a8724434c6a4f225303f96c9d527
data/expanded_outputs/method1/Q39_method1_exp_20260412_234302.json,19347,fd5f5dc2736225da0247828c1c83fa05755883cbb96d34e3899d6eaa44c819ee
data/expanded_outputs/method1/Q39_method1_exp_20260412_234302.md,6519,2bedfd10339311fe71e756c4d847621aa32abc5ec61bcb393b9e68111d8d8351
data/expanded_outputs/method1/Q40_method1_exp_20260412_234345.json,45123,606965556eeb2f9ad8a3f88ed4f227c58cb52bf476133aa4fbe87186f58ccdc9
data/expanded_outputs/method1/Q40_method1_exp_20260412_234345.md,5877,7ccf34b8488d87884cb5f250c0000d7a6696eed581217d3541270d7520fdcb1b
data/expanded_outputs/method1/Q40_method1_exp_20260412_234454.json,45123,65b5c3b9f0c4a5f689731a458ded851ff2a1558fd577f221bde54ec06ad6a9e7
data/expanded_outputs/method1/Q40_method1_exp_20260412_234454.md,5384,603123c4ad260ecf699d3ba331bd6808716c73bf08eb761918c2929259de39a3
data/expanded_outputs/method1/Q41_method1_exp_20260412_234517.json,14002,8411eb2942ae6d5c870e86faa08ca6c9b938357076d2042cc958d8a2695e8acf
data/expanded_outputs/method1/Q41_method1_exp_20260412_234517.md,4613,2f99b002af1b8491e87178eeca29e68da53f6e3d2273681b21f511943594b63c
data/expanded_outputs/method1/Q41_method1_exp_20260412_234636.json,14002,252c2211df4bb93b48bb570f7e425d48baed4365da566ea8699bf383e7c69cd2
data/expanded_outputs/method1/Q41_method1_exp_20260412_234636.md,5896,016426d8483a3c89df5a8ded41af23df8132c68561221fd30392831677e662b7
data/expanded_outputs/method1/Q42_method1_exp_20260412_234712.json,19392,648e1790a8ca08634b760483539bef50bf694a052be1dfe699301f5fd9c4867d
data/expanded_outputs/method1/Q42_method1_exp_20260412_234712.md,6191,35a9cdd7c40a727ec08c84e5652a210f13d0ba832f7bef24edd7ac3a840ccd52
data/expanded_outputs/method1/Q42_method1_exp_20260412_234829.json,19392,37f523d977746a313f76faff9754a0948d08edabbde5e976c8ddbd99160c908a
data/expanded_outputs/method1/Q42_method1_exp_20260412_234829.md,6531,8321bf47883834a0b4511b73301d2109c0a9d2c97eae179d2b3693beb9da63ad
data/expanded_outputs/method1/Q43_method1_exp_20260412_234850.json,17079,f03dc1e02d8c113cb7d4469c468a7fc5bea397fc5a852439571ae2fbb82e6971
data/expanded_outputs/method1/Q43_method1_exp_20260412_234850.md,5611,ad60489d06cfc5157c4c4adad30dc78fe579f26c56671a773139db258a76dd73
data/expanded_outputs/method1/Q43_method1_exp_20260412_235018.json,17079,ce5a43f630c528a2c659628a3a4f77bd52df0166069b144b60864af851f6d6ba
data/expanded_outputs/method1/Q43_method1_exp_20260412_235018.md,6987,172c7004ea2e65c5262220078118f36d9e1ecf47a6f746642a95b00196aaa9fd
data/expanded_outputs/method1/Q44_method1_exp_20260412_235041.json,20094,a26611e8157910cdec58dcbfa504acf057858a2aa8558c7edb1d4fc09cd8a4d0
data/expanded_outputs/method1/Q44_method1_exp_20260412_235041.md,6216,ac40e54f7104dfb39552f065c8ad0970cd7d5623e958ba28de3fe1a9e19dde31
data/expanded_outputs/method1/Q44_method1_exp_20260412_235207.json,20094,8f76d8db10fcbe012aedc73450be38945d53c8f9cf7caf4776c450415569fdc3
data/expanded_outputs/method1/Q44_method1_exp_20260412_235207.md,6335,c31be8e4b4ae703b9849392f0a6468097de2c118caec13a9cf8cc417c0d87447
data/expanded_outputs/method1/Q45_method1_exp_20260412_235205.json,7599,08f12544c9ae348e32b345445918585d107db96d43ddb5574ec165975d33dd89
data/expanded_outputs/method1/Q45_method1_exp_20260412_235205.md,4979,8a6fece0b642a4ceaf1757cb648e573cd5a64bc702231e4b474ae68f5d0611bc
data/expanded_outputs/method1/Q46_method1_exp_20260412_235346.json,17085,402a733d45b7bea2865c3a5d7b1405c47e5313bca473c25d3cd67230d40ada8d
data/expanded_outputs/method1/Q46_method1_exp_20260412_235346.md,6763,64cb62041c2a03b87f67cac0473c7c9904812b41f42f839b2ffb7daadff54db6
data/expanded_outputs/method1/Q46_method1_exp_20260412_235347.json,17085,3a3ac3be23826757832700937926a7b3f9e461c83d312b1c9597f1811ee9dacd
data/expanded_outputs/method1/Q46_method1_exp_20260412_235347.md,7257,7b043b82708e932cf9fb75026d1e6e643fc72eee6682b48b6593060e6b955e9f
data/expanded_outputs/method1/Q47_method1_exp_20260412_235527.json,17085,8cf1c763a062bb6e187fad03ffdbe9706d6b4e4254c9f2c241c3d68195e4617f
data/expanded_outputs/method1/Q47_method1_exp_20260412_235527.md,6237,aa3c966e84bc5b7bf3c11c9c145915991b4c039318c7387cfdc510c9b8faa306
data/expanded_outputs/method1/Q47_method1_exp_20260412_235532.json,17085,30755429affb6e771a5e3d6e4d247356f200da6be6659a3e0bed5d843113266c
data/expanded_outputs/method1/Q47_method1_exp_20260412_235532.md,6924,39d12417881c2c2b05360ced4a8cdf86756dd073c5179e16eff94a56fbf518a6
data/expanded_outputs/method1/Q48_method1_exp_20260412_235703.json,17073,63e919d13bc0c75d5683fad93876b0b378987aeeeff581ea1387dda3ca56062c
data/expanded_outputs/method1/Q48_method1_exp_20260412_235703.md,5467,f387511ca185b387a5e79ea3a25a58242c7e1a23690ff6b5b18780c36fd0c189
data/expanded_outputs/method1/Q48_method1_exp_20260412_235710.json,17073,13dfc3b48f7943d6e7c2bc1c5ece1fab8da0c9c93353ddb8d8588aaf3908e19d
data/expanded_outputs/method1/Q48_method1_exp_20260412_235710.md,5537,1ba004e0b4cff4aed906e78a3c6755edff41c502dd8d3ab03179436317624b1a
data/expanded_outputs/method1/Q49_method1_exp_20260412_235831.json,17980,52a6449c13eafbb29c1c5519aceb6d35550cb7b59cda5d69a9f90db4b4285ca0
data/expanded_outputs/method1/Q49_method1_exp_20260412_235831.md,5041,647e8f3425d6731e15e687f7d216df885331119861c9e99bca3eb4a1ff63bdb1
data/expanded_outputs/method1/Q49_method1_exp_20260412_235849.json,17980,9a49eff252d68e9ade6c447f02ecc97586af090d075d6824c84513c1a1176469
data/expanded_outputs/method1/Q49_method1_exp_20260412_235849.md,6292,a9b14505a985631be14b5da568d016aeda36b3f49031e978f76a537be5ec9466
data/expanded_outputs/method1/Q50_method1_exp_20260413_000008.json,17082,370f881567d8bcaea4385a1b276507cbc1cc5f607d4d7635977510f4d6e2df8a
data/expanded_outputs/method1/Q50_method1_exp_20260413_000008.md,6720,a1c27687f5830aafe30a658c434750de68f6b81fc8e7861e0f1f7021e966420d
data/expanded_outputs/method1/Q50_method1_exp_20260413_000023.json,17082,f811b975c95ed3d9920240ee0f1e9b09ec258d35d51492ffa8ec8c2ca3c06270
data/expanded_outputs/method1/Q50_method1_exp_20260413_000023.md,7044,448d2c48f5d28d94d07e0693e5079bf16b14b2366ca84f3b7afb52e5f22d391c
data/expanded_outputs/method1/Q51_method1_exp_20260413_000140.json,15650,a03f695ccb4f4d7a1502c5ad97474c70448a6896bc8ede39ee35a198625c14ce
data/expanded_outputs/method1/Q51_method1_exp_20260413_000140.md,5585,9b2f3861d3dd83599aa28c90a03d3c62cd02cced3ffe4d56f4c078e686d14444
data/expanded_outputs/method1/Q51_method1_exp_20260413_000159.json,15650,4507651335e2bb05292f36790c118b7707f5588a28c4ac31d4e950d8b2901c7b
data/expanded_outputs/method1/Q51_method1_exp_20260413_000159.md,5713,5d9495fef20ace03a6d629ffd5345ded6404489968c73c09fcef86010263c6e1
data/expanded_outputs/method1/Q52_method1_exp_20260413_000303.json,10097,6ec88bb1eecde8ff2ddb222583ebc2f248199a8b930f1f37bcec7fbad1525225
data/expanded_outputs/method1/Q52_method1_exp_20260413_000303.md,4889,c9264d9751d7a5e58ac972aa6dd5039b118afba8d6ab9edd886d522c96f25dfe
data/expanded_outputs/method1/Q52_method1_exp_20260413_000333.json,10097,b1da3d4575652a7cb0e514adffb5d586b2d6efc93a45e5a62e141ac205391b52
data/expanded_outputs/method1/Q52_method1_exp_20260413_000333.md,6409,dcf3024b3e292068c3d65fe43ecbf57f2b4d545eea2e570d3d02acd8c529bdb6
data/expanded_outputs/method1/Q53_method1_exp_20260413_000430.json,10617,1d3f5e8f0305df11d6732b4c6f00e9ec192160364acbf3e1770e8e955ef2a15a
data/expanded_outputs/method1/Q53_method1_exp_20260413_000430.md,5855,c509c08bfffaee53c0262da8e761adb0f3971d0081fd570a2e670a5f7b80c607
data/expanded_outputs/method1/Q53_method1_exp_20260413_000502.json,10617,80f1fe58069229b987205cef88404106166fb6da0db3644c3f71c0e1f0b01890
data/expanded_outputs/method1/Q53_method1_exp_20260413_000502.md,6019,6139a1385009fe2d0e0e6b6bbf35e88a6c442629e75743976e92af9b486ac724
data/expanded_outputs/method1/Q54_method1_exp_20260413_000559.json,8843,671c62046e244945774672d909ae08e285c5f4b57c0cb340d79c2d992e913451
data/expanded_outputs/method1/Q54_method1_exp_20260413_000559.md,6829,210d38d20ad9ce8968c890ff33424b6b9d6e39e1dc94cb856f216ea2a11489d3
data/expanded_outputs/method1/Q54_method1_exp_20260413_000622.json,8843,d063f71618cc5ffe2096679c1462000bfac3af72c9559939907d858cfe726b6c
data/expanded_outputs/method1/Q54_method1_exp_20260413_000622.md,5732,474a550d4e3a41aa95b6e1cf92d03b21707e4d6b20961407e5f7c05634cc337f
data/expanded_outputs/method1/Q55_method1_exp_20260413_000740.json,10489,c3d8bbd8732e9e56143ce7cc3af01a2608598a90fc1d3a5a14c0a603f4c64978
data/expanded_outputs/method1/Q55_method1_exp_20260413_000740.md,5646,fc5bf482d08f53d91660e6300a7106af607d3ce9a11f430613a94a0bd246f485
data/expanded_outputs/method1/Q55_method1_exp_20260413_000801.json,10489,b8f7d20d5b43dfa55b8871ece845f0d651c5a1e7c173236e712d8161e207afef
data/expanded_outputs/method1/Q55_method1_exp_20260413_000801.md,5564,b8a7561ce8b1bc1e813003d3850e9df614634450f34a1022dc2a5bccca78aef2
data/expanded_outputs/method1/Q56_method1_exp_20260413_000928.json,31496,546e345ec7c6dba8d9ac05e39d8aadb834000da857362c1a0b563843d5da7503
data/expanded_outputs/method1/Q56_method1_exp_20260413_000928.md,6016,7f88a65ffd8f284bdc6825fd3af78a20a7efa9f05156fd7bf0d5c7a4720e2eb2
data/expanded_outputs/method1/Q56_method1_exp_20260413_000941.json,31496,f7ad22e2d664265ffa08f4b3fc97dbb8bde23e1b8972585285d9b7b8d8b98018
data/expanded_outputs/method1/Q56_method1_exp_20260413_000941.md,4791,e9639790c8dbc42a81c341c9d68f7a64fddff31244f7a45b5e4e2d987f66a8c0
data/expanded_outputs/method1/Q57_method1_exp_20260413_001127.json,16349,547c424285d40e1c226fd76b3009d21ba50aefa1e3af11b449a611d786a388db
data/expanded_outputs/method1/Q57_method1_exp_20260413_001127.md,6212,5556dc049d3321a10ac2d9d7680fc759911f017cde03108b030a92c6c04d951d
data/expanded_outputs/method1/Q57_method1_exp_20260413_001151.json,16349,d20ade49222d0277db08da59d3ffe09248b717462163ae61878a4283c9c8f159
data/expanded_outputs/method1/Q57_method1_exp_20260413_001151.md,7202,5833a19b631afdb35e5bd3ca43e33b7e9bd716213d055419aa7459ec5f256027
data/expanded_outputs/method1/Q58_method1_exp_20260413_001328.json,19377,9526a2c29132e98857b590cf04d71f8b15a09ab29fced64116e6199825ef7b4e
data/expanded_outputs/method1/Q58_method1_exp_20260413_001328.md,6454,2a8d9b6961d563543cf5f076b88386070b1a41747b102ff42bb0e01b2ae2c31d
data/expanded_outputs/method1/Q58_method1_exp_20260413_001349.json,19377,d328b495806841b23fcd5d2f040f2abb44786249a48ea64e9e23c76a6fbee097
data/expanded_outputs/method1/Q58_method1_exp_20260413_001349.md,6053,8f0c5a2e127a4d53f1b0a666af033b8b4f3bf4a60d3a9779063c18f628aff930
data/expanded_outputs/method1/Q59_method1_exp_20260413_001455.json,7597,74e0c4653ef2a0635908947b823901834b205a5ddc8556239263a209046bb5b7
data/expanded_outputs/method1/Q59_method1_exp_20260413_001455.md,5529,624bed30df8bab69dc9f68f38ea52d9de4efc238034361dea78c06fbf71a7d93
data/expanded_outputs/method1/Q59_method1_exp_20260413_001511.json,7597,6203e22b861ee6d8ccc88a67c2010b4f06bc27b0b52351d7d83fd46d35a132bd
data/expanded_outputs/method1/Q59_method1_exp_20260413_001511.md,5073,bdd7b7c85765fb23c998820d24d0ceabf4a7a9d982497d76eb76909af6ffef80
data/expanded_outputs/method1/Q60_method1_exp_20260413_001642.json,18543,936bbe9854f81580888e5f8172a66fa06de336967bd9f2417bedccf089d078c0
data/expanded_outputs/method1/Q60_method1_exp_20260413_001642.md,6123,448f6cc1fcc207cdb65b3aa70716b5889f576c04a307ba7ccef404fe995c28f2
data/expanded_outputs/method1/Q60_method1_exp_20260413_001702.json,18543,184c0b5f8d583720559b9891602fcd5b2379bfe3a94d4c413ae5ec50edba5227
data/expanded_outputs/method1/Q60_method1_exp_20260413_001702.md,6694,a62c6e332f6a1f2c1337eb639f550593d38787366adb0d1c8f372b1f1de04c2e
data/expanded_outputs/method1/errors.jsonl,293,605883dcfdb95e9c2f2763dd43ade7d6577ac0ba1587f27fc4479de25155c190
data/expanded_outputs/method1/metrics_summary.json,280,21ff629d86b836d7b6376e5bf1b6428afbe426f90732e3a25976de703af0df51
data/expanded_outputs/method2a/Q01_method2a_exp_20260412_224523.json,17231,91eb58b9d9222f6b5a0840f0ffbb4fbd6fa158c0d4243cefe27fe21046bd8ffc
data/expanded_outputs/method2a/Q01_method2a_exp_20260412_224523.md,6424,ce602669a18d0ed8ab22cb90b81a5f5b1003fb3b303f1235cb8443a068323992
data/expanded_outputs/method2a/Q02_method2a_exp_20260412_224825.json,17225,2b37c50701a969a8a88f44d857157ec4ab16d47cd1829bdeae285417e68960a8
data/expanded_outputs/method2a/Q02_method2a_exp_20260412_224825.md,5515,2cc0492e704c2a4a577bc628aead59705d7343303a78f1254f2e4baef2e3fd9f
data/expanded_outputs/method2a/Q03_method2a_exp_20260412_225122.json,17243,80bb48865b9ded8e9a703a366d84b9c7670ac789f9270f972e8588e93e9082b1
data/expanded_outputs/method2a/Q03_method2a_exp_20260412_225122.md,5175,f5170099fda23b93d49029ea290890f4adcc736ccacd3e9baec811aa1666956f
data/expanded_outputs/method2a/Q04_method2a_exp_20260412_225402.json,15783,7710ce72a5133f0bcb3e7fa2abb8722de954a860c2b469af3ca27135e961cf3e
data/expanded_outputs/method2a/Q04_method2a_exp_20260412_225402.md,4995,ac77b1e7978dadd8abda39288cbb1d487708d19126222a1466c339d8e0eb1368
data/expanded_outputs/method2a/Q05_method2a_exp_20260412_225644.json,17207,00d9e2c9aa12d7270988a4d44f0003f1107af3324af25bebafb80fb3ded8218c
data/expanded_outputs/method2a/Q05_method2a_exp_20260412_225644.md,4991,e664334b170c47cf68d5a3896f9573c41d1e9089041fc49f686a84887640038d
data/expanded_outputs/method2a/Q061_method2a_exp_20260413_082512.json,17238,cd961ece3daaa7d1b35b57a106b011e29ecb464c694918d570c3ac8714271037
data/expanded_outputs/method2a/Q061_method2a_exp_20260413_082512.md,6412,5943c18acb023f35d18d4d383c729fcd36007285cff6eaf6a9d02b9e34363e1e
data/expanded_outputs/method2a/Q062_method2a_exp_20260413_082720.json,17232,8f6660d0387ad9d85540d0c2c584b5d8ad7d42eca352a00da7c1f9ae9a66e8d1
data/expanded_outputs/method2a/Q062_method2a_exp_20260413_082720.md,4600,c97773e7c65ec15f4f09c87dee77d897d6c89db21255c1931a5539465076d3ea
data/expanded_outputs/method2a/Q063_method2a_exp_20260413_082933.json,17241,61783147e7527622bfdc5b3773d57f2bfc62513096dba346280071f4ae97a9fa
data/expanded_outputs/method2a/Q063_method2a_exp_20260413_082933.md,4640,49bf412d9469617cac4f82dcca70f971db6a4d7c07423f7590725161c0cb1e63
data/expanded_outputs/method2a/Q064_method2a_exp_20260413_083202.json,15957,a6753bb4ad2a66ae7974c058fb481e8f6c28755d0431100852d583cfa4a0ebe7
data/expanded_outputs/method2a/Q064_method2a_exp_20260413_083202.md,6700,87b685eff273f0df3f978a6e5c8864374b7681fc8a18cf7cfff4c9f8f61f63cc
data/expanded_outputs/method2a/Q065_method2a_exp_20260413_083438.json,17005,2b8e3b4ae8f1fc1f1be59ffcad5e7177abed8380230758eeb63f1ebc8d3a07a9
data/expanded_outputs/method2a/Q065_method2a_exp_20260413_083438.md,6828,be3656f3ca53084f91ad00b95d204a964cf0c00863c375f2ac4dda19979ee850
data/expanded_outputs/method2a/Q066_method2a_exp_20260413_083702.json,17241,65affc9650e8fac86911207fac10ec2ce74801b116b877de058182baea8aae10
data/expanded_outputs/method2a/Q066_method2a_exp_20260413_083702.md,6071,0d2b6a7bc6f4f26a89c3536e798a886786ead85bdefa58825ddc9e60beaf5b16
data/expanded_outputs/method2a/Q067_method2a_exp_20260413_083903.json,18192,13dbb9a6d5d40a895a34edc9eebf96ff7732d5d51467640c868b22360f12576f
data/expanded_outputs/method2a/Q067_method2a_exp_20260413_083903.md,4517,a7c7c9ef87e274b4ebe67085828120ed8d24773ed92c9aded40156d3376db642
data/expanded_outputs/method2a/Q068_method2a_exp_20260413_084110.json,17247,58bcb2a9e5988961b446412942b21cfb534d8bad363af43d6801d92fd5fb8f1d
data/expanded_outputs/method2a/Q068_method2a_exp_20260413_084110.md,4583,5c1bbeec2c41db9efa109088de5cdf1dca1773867504c151d56933ec2946391b
data/expanded_outputs/method2a/Q069_method2a_exp_20260413_084312.json,17238,9eac100dff2c5f3bce56bf3b9996ed960d62f2623983a8f1797bc22415dfa827
data/expanded_outputs/method2a/Q069_method2a_exp_20260413_084312.md,3891,d0e6e46a8bd6b4710d1c7f26d77b6d9d48afaca96306c946f0d73d791d61b802
data/expanded_outputs/method2a/Q06_method2a_exp_20260412_225938.json,21467,4afdab7b398c232c57fbe1aa8402d960523fc8fcde5a518dd90c4408b865d01a
data/expanded_outputs/method2a/Q06_method2a_exp_20260412_225938.md,5624,0e46b4a44dfa9e6614fb4056528dd6be3956817841f7e801c02f5079bade5f85
data/expanded_outputs/method2a/Q070_method2a_exp_20260413_084455.json,71229,db996f418bd7a9e99b5587571936fb58c08f03a9e611338accd9aa6cbb3cab0c
data/expanded_outputs/method2a/Q070_method2a_exp_20260413_084455.md,4684,b879c5a5aa591c95885a3deb92a80a6dedf2d5b843608d25cc495284c2fea654
data/expanded_outputs/method2a/Q071_method2a_exp_20260413_084712.json,46813,70c91e315d45d7e76144f446c622fd5301dc0868de9fc5e27cb3ff22dc98046b
data/expanded_outputs/method2a/Q071_method2a_exp_20260413_084712.md,5366,65adb4ad206da633f3f3e8299db587a90369a61954993a2bd6bcb7108bb1268b
data/expanded_outputs/method2a/Q072_method2a_exp_20260413_084953.json,10749,e2877ac31b127e1635c204c40d3d91ccd7da3a019251b9b8e1cf89c918a80017
data/expanded_outputs/method2a/Q072_method2a_exp_20260413_084953.md,5030,72852633eceb809717075758c922d8aabdc880fd1d696754e89fe10e53e31dd7
data/expanded_outputs/method2a/Q073_method2a_exp_20260413_085205.json,17274,22b9a126d17bcdac912d0ff7cd1a796058858a726ec4ae62574ac299620754e9
data/expanded_outputs/method2a/Q073_method2a_exp_20260413_085205.md,4464,e5511402d421e177f37d4ad8e5ebdbaa1ee0d8258c9c5889a1e78b8bb88739cb
data/expanded_outputs/method2a/Q074_method2a_exp_20260413_085409.json,158343,0586bf514916973e2a480ce2e1aff9e85196554530092abd7e89a6cd66ef3a86
data/expanded_outputs/method2a/Q074_method2a_exp_20260413_085409.md,4385,399ba83b3aa235ee0e45f32fc6f7b7d5e729173c923a928afda24e9f4bb78f15
data/expanded_outputs/method2a/Q075_method2a_exp_20260413_085615.json,20887,1a37ecc0d223c860da5f03610be96fd2bffae696929d0e82bb72f36eb48613e3
data/expanded_outputs/method2a/Q075_method2a_exp_20260413_085615.md,4363,a3da67ccbcafaf1005d2533ec250fd6367c14db33dfde397d7aae5e9126aae5c
data/expanded_outputs/method2a/Q076_method2a_exp_20260413_085839.json,25277,ec237e24cb0345ed6399790a08024d28f87dc8354083e0c9f64e968a67672eb6
data/expanded_outputs/method2a/Q076_method2a_exp_20260413_085839.md,4271,27b619e6a1588d8d1c2dedb55413d3fbbdf3405373d843a95e52ddc921b38be8
data/expanded_outputs/method2a/Q077_method2a_exp_20260413_090101.json,17243,795090b93772c6d7708807c68e624d165f77423b675de1aadb4c6f25aee3feda
data/expanded_outputs/method2a/Q077_method2a_exp_20260413_090101.md,4007,7dffa7f325ddd4f747ac908547410827adfafc232f75ef0119acd2adad1027ea
data/expanded_outputs/method2a/Q078_method2a_exp_20260413_090340.json,18251,bef89fc5cc0bd1ad1b4a24241bb7486fc960ef13be89347f60cd976eaf3e153e
data/expanded_outputs/method2a/Q078_method2a_exp_20260413_090340.md,5148,6f92686f0d70e82a2ed43092b5d69403440c33231ea1eacdc9aef6c5c23cbf06
data/expanded_outputs/method2a/Q079_method2a_exp_20260413_090609.json,17265,f7b211ffa1a201963e2b4fc2d36039a6c4cfbdcafda4546a7758f5442b6e3cf9
data/expanded_outputs/method2a/Q079_method2a_exp_20260413_090609.md,5633,9170b36047c4e051820037bdbf225da12d9f28ea8d59e5072485f42b71f2e007
data/expanded_outputs/method2a/Q07_method2a_exp_20260412_230219.json,7752,d529c66710fc101a89de5b901cd1f1ae18552aff45eee1beb7e8b42e80e93c33
data/expanded_outputs/method2a/Q07_method2a_exp_20260412_230219.md,5812,3d04c034be50084a360b2c62b56cbf22a196a3b9f69d5e9a7238cbc80d981503
data/expanded_outputs/method2a/Q080_method2a_exp_20260413_090831.json,17247,6d888eab37f21c47b4e219c6af5aaf74d0e52ec209981c66d1a3313363f5b538
data/expanded_outputs/method2a/Q080_method2a_exp_20260413_090831.md,4161,4c5c8bab89ff0ae5c275b7d5d3d01263b90e824c221d7dfea64fefe4041b90fd
data/expanded_outputs/method2a/Q081_method2a_exp_20260413_091049.json,17247,763a59775b88d6f80ad7f669474fdc12f1178665db0decf6594d8708e279cbda
data/expanded_outputs/method2a/Q081_method2a_exp_20260413_091049.md,4960,5e760b1555094f2f5d20bbcfe2d66d5f3964046f52311a79d3bed46a5355f87b
data/expanded_outputs/method2a/Q082_method2a_exp_20260413_091320.json,35339,d4bbf9054e8be834f2d0fdac23822b309642d87a7d3ef70c94576ffcb4638eb9
data/expanded_outputs/method2a/Q082_method2a_exp_20260413_091320.md,6143,e2680103ba8dd4ca2d7a77cead0d80b9d5372d948c6a5a95432bb92fb68d184f
data/expanded_outputs/method2a/Q083_method2a_exp_20260413_091551.json,15342,1f3b0c9a4d10d0d39a7caf38d6a136cf336fe5dc24ae31052f972da9105e6370
data/expanded_outputs/method2a/Q083_method2a_exp_20260413_091551.md,4339,a51ea8a0b2af0803b98881a2b6c4c55ba76508b813516a22b38bea66730ae7a7
data/expanded_outputs/method2a/Q084_method2a_exp_20260413_091825.json,17274,efc5d15ada3cea8d3fb48d174c5471248c2fff8142ead1852135dddc42f6d7ba
data/expanded_outputs/method2a/Q084_method2a_exp_20260413_091825.md,4100,c1fa06fb8613bb9159242883f380b9cc7ba92e570a5c7821640a6948c1d915a9
data/expanded_outputs/method2a/Q085_method2a_exp_20260413_092102.json,17259,c67f346b67252333b9c8795d750b5d9a6fe9e7f4c33bfbecd12c3036065e0c8c
data/expanded_outputs/method2a/Q085_method2a_exp_20260413_092102.md,3835,5bdc7ca603e93a59bdc63010633245d9e174f12dc81cc68da76d6b7e7a95bed1
data/expanded_outputs/method2a/Q086_method2a_exp_20260413_092331.json,17247,a910c7be7dd4b8699d219149fcb544d34d1e6458d06f29ff9b335c758805fe70
data/expanded_outputs/method2a/Q086_method2a_exp_20260413_092331.md,3644,679be0fdfcdba55bfac02ac2cf9652d06d3012c2d8f3da2bc9b5cdd39d8bd079
data/expanded_outputs/method2a/Q087_method2a_exp_20260413_092603.json,17257,397b0735c6dab6f036acf03bc3d37b3c4b1cdda472fb21f301e438813df13eb0
data/expanded_outputs/method2a/Q087_method2a_exp_20260413_092603.md,4836,df3df4413ddf6df01a2b4d378c2d35d0db2b7a2c770fe26d906d4911e187e356
data/expanded_outputs/method2a/Q088_method2a_exp_20260413_092819.json,19192,9d74dd6fb5116b0591bacdfe9b2e2f9733f774e049a5c4c0e33f59c1faab8377
data/expanded_outputs/method2a/Q088_method2a_exp_20260413_092819.md,5681,33f1324b5f668b4abd95386fce603dd901121de859b08cd562c6a4891f300e7d
data/expanded_outputs/method2a/Q089_method2a_exp_20260413_093041.json,20947,63adfba1d98c7c5d31c5c42c8cf13d00cbaeb26a5e60c85e2022b279b4dce8dd
data/expanded_outputs/method2a/Q089_method2a_exp_20260413_093041.md,4891,0986a50a61cb3e5b793f236b1e773a20f0b1a0e35b002bb14c0d2501bb36c55e
data/expanded_outputs/method2a/Q08_method2a_exp_20260412_230522.json,14469,6bb970e50d36cd3c5d17bc740710c1d99511c172feb93d448a4457efecfe7015
data/expanded_outputs/method2a/Q08_method2a_exp_20260412_230522.md,5433,4dcfe605f8910c17308c3581fb01541bff47a85365114ca09f4076df16b356c6
data/expanded_outputs/method2a/Q090_method2a_exp_20260413_093318.json,9030,eb41de0c71e889373d92a6a8bed377e9ab5d309af8a6087fccbe5bfbdb77734c
data/expanded_outputs/method2a/Q090_method2a_exp_20260413_093318.md,5740,bb98da5ecbe110750d7b24f80c999e09f13bc00b3b27c770bb1d765f18cbe4d9
data/expanded_outputs/method2a/Q091_method2a_exp_20260413_093525.json,9014,c2f51e5b7a4ca0c473682a890e9986fdc515ff7717b2bd4dc775f279a477a250
data/expanded_outputs/method2a/Q091_method2a_exp_20260413_093525.md,5247,11f542979c4e39886dca86b795e998e5f88a817b87ba3f520005962ec7e2c92a
data/expanded_outputs/method2a/Q092_method2a_exp_20260413_093744.json,18357,93f42a0e72aa4df7492ee02ba0839ff4a48475fc5a2dc7d10c6c658a77d1faee
data/expanded_outputs/method2a/Q092_method2a_exp_20260413_093744.md,4609,fe707a906ff1f8a84ee5acbc16d34db6fea38bd6b73803d801bf83c826b69be0
data/expanded_outputs/method2a/Q093_method2a_exp_20260413_094100.json,20433,a847b9c1efa66a042a76bf0ced042bef066dfd1a915675d3bb8616d9d85c8ccf
data/expanded_outputs/method2a/Q093_method2a_exp_20260413_094100.md,5213,addc636b5249b4fcb367b325b7598374de1fd7c2dd56b23a115c5276a1f735ec
data/expanded_outputs/method2a/Q094_method2a_exp_20260413_094349.json,17253,de7eb405ea7fc42f253c14d57cdc94cee9ba4dd7c67ee3a76158cc9b07c5f849
data/expanded_outputs/method2a/Q094_method2a_exp_20260413_094349.md,4498,c6f0f886f6135767283bcbda921dea34d171ac0a160a052e6a1c56d7fedae0c4
data/expanded_outputs/method2a/Q095_method2a_exp_20260413_094642.json,18712,ef9a66bf4507f58cce0e77be2f04d8f6e5d10de32648d6e2bb1f0db84c64f25b
data/expanded_outputs/method2a/Q095_method2a_exp_20260413_094642.md,5105,854ad6d84eeb5e5430c2217b281a8950723e5f5c6ad60b91cc4e3834e410bf69
data/expanded_outputs/method2a/Q096_method2a_exp_20260413_121411.json,19184,256a6d091c2db32c7951e3176c6803c6bf100b1db6adfc104d1db5ec059c1f20
data/expanded_outputs/method2a/Q096_method2a_exp_20260413_121411.md,5216,ed27ca99abcd7141636aac40ebaff8b3d002a97d6fb6507cb27b5935893dae77
data/expanded_outputs/method2a/Q096_method2a_exp_20260413_121456.json,19184,ebb150411250c57241e9205308cbb923d2fb6beb1996dd2b52ae4d11459ae260
data/expanded_outputs/method2a/Q096_method2a_exp_20260413_121456.md,5081,80b1fb2fcdbd7dae472a1b1968b1fd1cfd30de4ea333d71fe0e3c5a46a7491c6
data/expanded_outputs/method2a/Q097_method2a_exp_20260413_095231.json,19201,913b19c98b6459442eed9bb2dbaa3b756d7c9c521e5586ad7f8e0c26b4c473ae
data/expanded_outputs/method2a/Q097_method2a_exp_20260413_095231.md,5041,9ff7cb9251875543f948332870d93a98a99c15054bdc150c62ded7389fd0e475
data/expanded_outputs/method2a/Q097_method2a_exp_20260413_095300.json,19201,4994a3bfdbc762f834e31890e9fb339f10ee63093b82d81638e61b004112ed17
data/expanded_outputs/method2a/Q097_method2a_exp_20260413_095300.md,6616,9a13503d2f2c971b36c9555c025f718eae076a941e77c925eacb1205265ce027
data/expanded_outputs/method2a/Q098_method2a_exp_20260413_095512.json,19191,c37c024b98110b89189eb9798b86389be03f2d6f3ccacc8cd08e153e09491488
data/expanded_outputs/method2a/Q098_method2a_exp_20260413_095512.md,3771,a78c4d07b6da5fd6a41e5f29d8a1691f76a5e82b400afc1cd26246396775f3d5
data/expanded_outputs/method2a/Q098_method2a_exp_20260413_095557.json,19191,4ed4f99151b1edda830cdcc9cc7f6a372248f373c365819e34a62b8285837e42
data/expanded_outputs/method2a/Q098_method2a_exp_20260413_095557.md,4702,0bb0b5b0896486d1c7ca0287c2554b1f6105d0d7d600f80a47ddf9b60f37076b
data/expanded_outputs/method2a/Q099_method2a_exp_20260413_095750.json,19549,fd407ba20000aaaf2053ee9f7be44b5eedfed5e36659d98b45c5b3ab623db3b4
data/expanded_outputs/method2a/Q099_method2a_exp_20260413_095750.md,4726,3faa10e5f4b18dd38d5c68094dcbaf7f6ae1b9321610ca7cf4afbe207bc3683c
data/expanded_outputs/method2a/Q099_method2a_exp_20260413_095845.json,19549,2ad8adb5cb0fd330e872db9a4141e650446d8f9042532f3716e1bd73eb88a0ba
data/expanded_outputs/method2a/Q099_method2a_exp_20260413_095845.md,6006,e1f3046283ffdc5b9838a92c0835dc3f73cf9a0a4ce09cc161196f8c143ff501
data/expanded_outputs/method2a/Q09_method2a_exp_20260412_230907.json,17231,d29cfe33f94fd7d2f3e84bca44af6116b6c11c53418cacc2a5fe0722b3de9848
data/expanded_outputs/method2a/Q09_method2a_exp_20260412_230907.md,5504,5df205f009a3192e663bcd598f4f29cc8dd297a1545e2ae3e141ed7f9f296aaf
data/expanded_outputs/method2a/Q100_method2a_exp_20260413_100007.json,17247,bbbf6bc520969f8ea5105ecd5a09a295986b0ea5694222011bfd4882277d93ab
data/expanded_outputs/method2a/Q100_method2a_exp_20260413_100007.md,3712,07302843232ca6589d22f8adcc719bcf2eefad9f16bd566f64e9061959221556
data/expanded_outputs/method2a/Q100_method2a_exp_20260413_100119.json,17247,126c4cb452e39733dc8fc6b5f170a28abbbe4aa4412b496a0c3dee4d3bb78b0e
data/expanded_outputs/method2a/Q100_method2a_exp_20260413_100119.md,4399,b3734e1ba37e3a135fbff61c6b1aa60b00ccbe971e822aaca3cd475031c16969
data/expanded_outputs/method2a/Q101_method2a_exp_20260413_100257.json,20892,af3a2f6e3c00a66035b156558a1553f59806ee34f975caf9cc545b61775fc909
data/expanded_outputs/method2a/Q101_method2a_exp_20260413_100257.md,4877,530acc8e3d3d9a4d5018b9c82603ccf936a08e0cdf2a17c8d7f3c8e491caf0c4
data/expanded_outputs/method2a/Q101_method2a_exp_20260413_100409.json,20892,440ffc86bbf587e0b4f5feaa4c528f9d3226f5f7a85c55792a05ad633bd87dd7
data/expanded_outputs/method2a/Q101_method2a_exp_20260413_100409.md,5464,79d678301ab7e9c6af0ab30f4ed9ad6e904411d274bc1405f7b23e60eec5037e
data/expanded_outputs/method2a/Q102_method2a_exp_20260413_100539.json,19839,ac83a18713432c3e2dc072b762626546d69770a8ff1de7b241f9dd800ab8f6f3
data/expanded_outputs/method2a/Q102_method2a_exp_20260413_100539.md,4082,886c19782e7a7baec4574d68c4dd675b430267d00bc1acc07f504b1a60cc8aad
data/expanded_outputs/method2a/Q102_method2a_exp_20260413_100718.json,19839,9816ca4394bfac349414e79df7eebaff674cf4a953e2d01b4b89337dff73e6ff
data/expanded_outputs/method2a/Q102_method2a_exp_20260413_100718.md,5485,40c8c09c0f48545e4fa6e0eb3cc61cd16bfbc641f2d2917b6f78c63f0cab9f3e
data/expanded_outputs/method2a/Q103_method2a_exp_20260413_100854.json,17241,9a17cc237e4936695a12d2541de921f25503a7726a3915a88782785ba41733f8
data/expanded_outputs/method2a/Q103_method2a_exp_20260413_100854.md,5319,46ccfeb5da227822a91c8beb9a4b287b94394f830a644b879bea62e0125e467d
data/expanded_outputs/method2a/Q103_method2a_exp_20260413_101028.json,17241,5f260a52ecacb51633c1efff7625cf82ac5780015520597849f78d2e2daf9008
data/expanded_outputs/method2a/Q103_method2a_exp_20260413_101028.md,4984,55a21659c74638b91b13984362a9163bd324cf2bf6bc678859eebaf8ca89b996
data/expanded_outputs/method2a/Q104_method2a_exp_20260413_101201.json,23486,6b9bd9bca2d91e60f8a6a61e4f869891fe68c62742af57691b199a8c5d137eb9
data/expanded_outputs/method2a/Q104_method2a_exp_20260413_101201.md,5275,14a4a8d1a31f2e4051e86b7b4ab592013fb77f384edf4bc3f3ec3efc722f1171
data/expanded_outputs/method2a/Q104_method2a_exp_20260413_101306.json,23486,2042125d18dd3d0f798e3f058a0e55babb88acc8a9ec39fec0d7a4210659c17b
data/expanded_outputs/method2a/Q104_method2a_exp_20260413_101306.md,4576,3af4ea854562a1f995e0c292b5215046899efde26d2f03352322c9479bed7d03
data/expanded_outputs/method2a/Q105_method2a_exp_20260413_101501.json,158337,2347b9a6772733da6461a7671b83f4e7eaa2b89c7f69a888cfe2e6e3869f3245
data/expanded_outputs/method2a/Q105_method2a_exp_20260413_101501.md,4356,e058ea67e54928cb3e9613c1d67ca5451edd4b9c9c2dc3c9679628855b500ce3
data/expanded_outputs/method2a/Q105_method2a_exp_20260413_101559.json,158337,4a56805f261c7dd2d45d47e3ddde4bcb46e6974aeca9082ea79aaf98984b1f6d
data/expanded_outputs/method2a/Q105_method2a_exp_20260413_101559.md,4573,717a579376863774b1471c317b6ac09a39e44fbcf057aabff1fb7d114a306c5e
data/expanded_outputs/method2a/Q106_method2a_exp_20260413_101805.json,17259,10af65129af46da1ca398d75449ee28a49a8128bbe41b8c834a751a2d830940d
data/expanded_outputs/method2a/Q106_method2a_exp_20260413_101805.md,6072,12dff881b2436e34f90b87c11bfada7e18c0045520e229ef5c40987a2d6db447
data/expanded_outputs/method2a/Q106_method2a_exp_20260413_101841.json,17259,2fb50bce1bcd802339d623bcc680f61b469786bb23ef6372ce82e1ba322c2e03
data/expanded_outputs/method2a/Q106_method2a_exp_20260413_101841.md,4762,5d7b6e31ad16a6c89392e8b2351f08c2f3c1a8b7df199231ed90c5c5cb1bb665
data/expanded_outputs/method2a/Q107_method2a_exp_20260413_102107.json,17256,383802ddc730c3cc7396f96ff685ecffc7d9d56980b55b4e9f0b9aae9ab17c32
data/expanded_outputs/method2a/Q107_method2a_exp_20260413_102107.md,6143,1fbd9da4bcbaa0c4bc9ae58c5bca7834515d9a8a5eb2f1c43c20d54d3518faed
data/expanded_outputs/method2a/Q107_method2a_exp_20260413_102123.json,17256,29e64e6140aa667cd460c89988098aaef5717ec3f4347097f0b6ebebd224d9e2
data/expanded_outputs/method2a/Q107_method2a_exp_20260413_102123.md,5645,0887bd89d1d482e61c7dc495065a29dfd9246a83e03f901f9fb8b4b9f4d1c7f6
data/expanded_outputs/method2a/Q108_method2a_exp_20260413_102340.json,18163,780c139135c25bbec8ee46c9aee14485af8bdd9e4bd9369af1454a02fef8bbe1
data/expanded_outputs/method2a/Q108_method2a_exp_20260413_102340.md,4630,193f9637a3dea8f1ed34b5f0779ef302de5d1856075b5d1fc13742d7c8b20970
data/expanded_outputs/method2a/Q108_method2a_exp_20260413_102355.json,18163,d596df0dc5dd1b1c19111b2843b163e5608af607b21500cd82b6cfa98c4bfe2b
data/expanded_outputs/method2a/Q108_method2a_exp_20260413_102355.md,5164,28e19ef5eb5fdafe36936087e811c1c504ede7fc98a0c91dbe2d8464a535e238
data/expanded_outputs/method2a/Q109_method2a_exp_20260413_102711.json,18389,4766b070c5e30a3e908edb75fbd0eabdd182bf68e7e5816b296d1e5cd2126af9
data/expanded_outputs/method2a/Q109_method2a_exp_20260413_102711.md,7229,9763b3f973925e38868a5c5cb6b1e6f30846544cda2145fcdb64ac85f6f03bf8
data/expanded_outputs/method2a/Q109_method2a_exp_20260413_102730.json,18389,f2b449babcf8b1bd08a64a18c061b03008cd329bf6d2b8ac6d96bbe856b43996
data/expanded_outputs/method2a/Q109_method2a_exp_20260413_102730.md,8113,fa35a323217192432ff8577326e5876c1c3a079e950789c9f9ead8ac893326da
data/expanded_outputs/method2a/Q10_method2a_exp_20260412_231251.json,17605,4122e3ee5409f05ecf7326956d090bfb754fe593c67bfba854f62b4b52b960ff
data/expanded_outputs/method2a/Q10_method2a_exp_20260412_231251.md,6303,9a556deccf16c13a5937b91bcd4578eac69b8ec91c37b3d0d284464d0092f6e9
data/expanded_outputs/method2a/Q110_method2a_exp_20260413_102945.json,25960,48144be4767e74885f0e6921e3b9bb935925613b9eed3d3f828672befe9edab9
data/expanded_outputs/method2a/Q110_method2a_exp_20260413_102945.md,4043,6d1adef928b8fbfc9a5da02f938b8244fd0a971b8ddaa7e7e553d583bfe0231d
data/expanded_outputs/method2a/Q110_method2a_exp_20260413_103027.json,25960,4288502daa01c33863e03d71ea599f3d5e201f1eed031d1c998f335f2e804693
data/expanded_outputs/method2a/Q110_method2a_exp_20260413_103027.md,4451,e3ce2a91ce6235e7b705fc0d7d53b188245f667b8623215d8121dc5e62650cb4
data/expanded_outputs/method2a/Q111_method2a_exp_20260413_103309.json,41088,3e091037a19eef0366519f32a1618024d0c4950d9bdf2c65bff13997f77f65b6
data/expanded_outputs/method2a/Q111_method2a_exp_20260413_103309.md,5997,a12b7506562ef2beeb393366641855ab2944fce0552ec13778b572516dfb1857
data/expanded_outputs/method2a/Q111_method2a_exp_20260413_103355.json,41088,02e4ac7dd5a1c5e3b7b8f2539933e4b920428a82446fd74a42012593127c6fa2
data/expanded_outputs/method2a/Q111_method2a_exp_20260413_103355.md,5897,718986e6134ff3bc8d4a819748f57d835ae37a0abb538df5f1650bdc7feb5b60
data/expanded_outputs/method2a/Q112_method2a_exp_20260413_103648.json,65231,d9cb4ee6564da6383b5e155aa42b1db463a555fed201ced96c0c555b650f05f9
data/expanded_outputs/method2a/Q112_method2a_exp_20260413_103648.md,5199,754e81f398f3eef14d3b0198d315c0752a473b4691d896eb5e994e8e684054e3
data/expanded_outputs/method2a/Q112_method2a_exp_20260413_103653.json,65231,90336772538345812a5f4eda8ca8857bbb2d8e0558c9bc51570c7f2feb699693
data/expanded_outputs/method2a/Q112_method2a_exp_20260413_103653.md,5627,1c9e118293c3f2b998cef5ba2616b30a0538604536d024b4095c14f9c0085057
data/expanded_outputs/method2a/Q113_method2a_exp_20260413_104006.json,63797,13e32d66942ee77d739b43df3eda4f4c434ee8ec9878553e3960dbc59372b980
data/expanded_outputs/method2a/Q113_method2a_exp_20260413_104006.md,5099,36a258784321c7b995969789548f3737c019611a48932a2443ac120a73b5897e
data/expanded_outputs/method2a/Q113_method2a_exp_20260413_104028.json,63797,1492c0c14c5b376cbc74bebe512699c75ab446732f634f05e1cc03f4a2cd46af
data/expanded_outputs/method2a/Q113_method2a_exp_20260413_104028.md,4694,6e4aa916eaa8acc399e428eab6b21feb8f9da204625ffdbfda7b6df6260f59e9
data/expanded_outputs/method2a/Q114_method2a_exp_20260413_104259.json,75144,23cf63cbe8e05649856ef2b1490754ff4e0cf02ece2a1b94f317a09f1cf4f9a3
data/expanded_outputs/method2a/Q114_method2a_exp_20260413_104259.md,5455,aff33c02f4ab7832c29f65ebd300c4a8c19d4abb641c21e7f30a0c459ec4f4f2
data/expanded_outputs/method2a/Q114_method2a_exp_20260413_104316.json,75144,6679ef996030f4bfa98d70cac59f56992e00fab20df05f0d3962358a9aa0dc45
data/expanded_outputs/method2a/Q114_method2a_exp_20260413_104316.md,4281,999b15573eb813028b68643799b217bfb52ff3b39b0513f1988d7157c88b82ef
data/expanded_outputs/method2a/Q115_method2a_exp_20260413_104600.json,20852,4bb4d3b93945777f9548f55c6228fc09178261354bef88943b83f53e1d9b61ed
data/expanded_outputs/method2a/Q115_method2a_exp_20260413_104600.md,5525,facf6795f9315a9ca4ed38d4de69f872163821760a66a0933e974a00e6f672a8
data/expanded_outputs/method2a/Q116_method2a_exp_20260413_104948.json,36670,6fc49a35aa70c69c88a440c0724ad042456767c075236f87b47a5ceb97bd554b
data/expanded_outputs/method2a/Q116_method2a_exp_20260413_104948.md,5410,e3e010fac317c7c4c659e590d4bde7d23408f69e7ca16a31a1f4e415c5da254f
data/expanded_outputs/method2a/Q116_method2a_exp_20260413_104952.json,36670,bb9222fa9d89f3cf5590a58692f171571f9e5daac1134738fb3b2e58ee32527d
data/expanded_outputs/method2a/Q116_method2a_exp_20260413_104952.md,4843,b991120b4464d9552d33d46833aace078664b5d33a37222ec28b8bed8e45080e
data/expanded_outputs/method2a/Q117_method2a_exp_20260413_105247.json,26131,2bbc409c83491e4f8615f53044c6e861af06a3afd567d094bbf33b08efba8c82
data/expanded_outputs/method2a/Q117_method2a_exp_20260413_105247.md,4431,c0e602b1962237e0f4563a6618a033cff8755c14a6910c1d28a7e064a6c77858
data/expanded_outputs/method2a/Q117_method2a_exp_20260413_105304.json,26131,e80d404e7d389c06406ef3f1bb9d3645b499e9ee804ff65257db2ed70b7b7abc
data/expanded_outputs/method2a/Q117_method2a_exp_20260413_105304.md,6507,fac5f128153b58d39b12c0d7e3a863228121e6a4d3ddcb2a90d7c9b9082d4da5
data/expanded_outputs/method2a/Q118_method2a_exp_20260413_105525.json,80757,5078f80e8d72d5263b190acbf632bb1b7cd23796c7b0315728c5ab17403fc17b
data/expanded_outputs/method2a/Q118_method2a_exp_20260413_105525.md,3841,339929a9a92abed093897085ee46297cb26b1bc325ad30f20e6c3abacac14bf5
data/expanded_outputs/method2a/Q118_method2a_exp_20260413_105529.json,80757,633e57094b811f27b58639db0e0c94cacb29677f848198bf7947c4886c3d04e2
data/expanded_outputs/method2a/Q118_method2a_exp_20260413_105529.md,4864,d5ded3f28e88e5ab920546b5ddb0e1e5d3f671f8d92940d1e62577543a071058
data/expanded_outputs/method2a/Q119_method2a_exp_20260413_105830.json,55735,98078cc6f05df57c909e2e6b2985149ee63fe8af664711a6ff687f9eebcc0ae8
data/expanded_outputs/method2a/Q119_method2a_exp_20260413_105830.md,4270,21591e5c2c3a954494da09657e082f65d7e8c53205931586820ef2fdebb4df13
data/expanded_outputs/method2a/Q119_method2a_exp_20260413_105832.json,55735,ecb23143a1897f1ce1df5b4b8673271ff7bc220540e176d1d377143051ec4248
data/expanded_outputs/method2a/Q119_method2a_exp_20260413_105832.md,5659,7873745ab2e0342a49c1b0f1d50ed0a1cf699901146d46f4bb9be12d7fee3049
data/expanded_outputs/method2a/Q11_method2a_exp_20260412_231540.json,17210,8604d1b6637f5c9f1b947e82801c63dcee42b50dd7d8d382a6d0e701daf93606
data/expanded_outputs/method2a/Q11_method2a_exp_20260412_231540.md,4464,4e1885cdf8855d4188b6b45b877e55621cdff47c69bcd0f631c1744c22df1ae8
data/expanded_outputs/method2a/Q120_method2a_exp_20260413_110145.json,63901,7badfdc2c0d4f62a26ce168a985aefcdf275a130d842d1e35001b528d266b4c7
data/expanded_outputs/method2a/Q120_method2a_exp_20260413_110145.md,4902,b590e86eb7b6e2e9c6550763ae16e1333f8b076d449131679d4c445395d9639f
data/expanded_outputs/method2a/Q120_method2a_exp_20260413_110153.json,63901,ee80216090994ed0b8be99fd9dbbdee45f0bd6ac6cc2ecb720e9193c36d41a34
data/expanded_outputs/method2a/Q120_method2a_exp_20260413_110153.md,5988,a3bf11f7354fe3402c633f62aed2a5f5b0f477095ce25936a83abbc3b6f4fcbb
data/expanded_outputs/method2a/Q121_method2a_exp_20260413_110449.json,20574,fd9e02ae2cf5d7ccdaecbedcb6918097ecb5c21ccce8d490b1e0f19a4ee5817c
data/expanded_outputs/method2a/Q121_method2a_exp_20260413_110449.md,4744,09a7995103efd80557c9170fd070143df34774494c10c2a85f1bd7f708e8957e
data/expanded_outputs/method2a/Q121_method2a_exp_20260413_110451.json,20574,76f2d039f82e88cd6299ea67f23ca595b58ca43b27a5439dc569bde588c03608
data/expanded_outputs/method2a/Q121_method2a_exp_20260413_110451.md,4936,6da0d42109c9fbfa23558c507751be90ba4d9bce4d3f5c8693eae464b4c2527c
data/expanded_outputs/method2a/Q122_method2a_exp_20260413_110732.json,47833,4f63a64ac5601a5734fdd9605546258e884a1077e1130157406187b83d9da238
data/expanded_outputs/method2a/Q122_method2a_exp_20260413_110732.md,4558,9b58653bd1b87b871ef79b7321e4810e304f5e8ddd78dc0ad31c5966b9e8d1fc
data/expanded_outputs/method2a/Q122_method2a_exp_20260413_110801.json,47833,7953a49ee53fab3dfd5f2a9244f3cc22a7ead8a54ceac983aef9ee37a57a274f
data/expanded_outputs/method2a/Q122_method2a_exp_20260413_110801.md,5587,61c6525545bcef985116af2fd82ca259fc2f0117bf11abd0c158dfca375d6617
data/expanded_outputs/method2a/Q123_method2a_exp_20260413_111013.json,53402,c9778de523f900be162f1209526ff93803b885ba5d45633cc9a3e48138e91393
data/expanded_outputs/method2a/Q123_method2a_exp_20260413_111013.md,3939,1db5649b69b70b0e4edbab9c597a5c9ab703690d7a2e45b077253c8c906a4828
data/expanded_outputs/method2a/Q123_method2a_exp_20260413_111045.json,53402,5b471aee54b7e324811fe4c53814ca0195de0d4f5b4825a0998c3e6932dd5ab7
data/expanded_outputs/method2a/Q123_method2a_exp_20260413_111045.md,4491,9cba5a84ac35f3d21c1d840b54e73700f7ca08c72f91e00d1cc83893e5b07bb5
data/expanded_outputs/method2a/Q124_method2a_exp_20260413_111310.json,48809,42231be38f81bcb2e7f74fdefbb1c060d89d404904b98f34cdf77c3c8618ad38
data/expanded_outputs/method2a/Q124_method2a_exp_20260413_111310.md,4352,d1f1bcf89d24d1a48a081d5306ec3110685aaeb4c12265b3c357260aedd01326
data/expanded_outputs/method2a/Q124_method2a_exp_20260413_111357.json,48809,1dc73b4630a5155d3ac7304e9f7c32525ae15135232b209792474fc2d1aa5bae
data/expanded_outputs/method2a/Q124_method2a_exp_20260413_111357.md,4712,fedfa4b0e5a99689515b38e2340f36f63a194037fb6d23a5171febefeadfbf6b
data/expanded_outputs/method2a/Q125_method2a_exp_20260413_111607.json,48464,4fbfcee0465d59de419e6fd072965edf48224d494a293d530ee134a67f49e308
data/expanded_outputs/method2a/Q125_method2a_exp_20260413_111607.md,5598,2f6f2ca1e099c12a7cc7ce2873b740e90f6f5e3a3551a89fbaa04f8ddd31402c
data/expanded_outputs/method2a/Q125_method2a_exp_20260413_111643.json,48464,756c382b0c196c2b6cc1d4b224d0b3649b746adfa7b8f4f512770bbbae37faf6
data/expanded_outputs/method2a/Q125_method2a_exp_20260413_111643.md,4690,3b7f6596add15d91279762a1a53f29ec3b5a034a8b4bfd0eeb827620a4339741
data/expanded_outputs/method2a/Q126_method2a_exp_20260413_111904.json,36170,e64c5f583ca81e8fc0743a24f191b6f9902afcbe41508b4aa4c5d24cd263c786
data/expanded_outputs/method2a/Q126_method2a_exp_20260413_111904.md,5154,2014ad8c5672345014d7162f7d482b58966a23bade1188989a8d0baefbffd773
data/expanded_outputs/method2a/Q126_method2a_exp_20260413_111940.json,36170,85619df91d9497c021f31055ada14d2a5bd5a9e4c8a138cf92891547b567867b
data/expanded_outputs/method2a/Q126_method2a_exp_20260413_111940.md,4384,54796b5c4172282cecc33c3426586ce57efd159b91486afab09a70c930ae1822
data/expanded_outputs/method2a/Q127_method2a_exp_20260413_112220.json,39751,3217d3fa890adedc97fdb8ed3912aa008411f19821b78c142ef7b9eff24b63a2
data/expanded_outputs/method2a/Q127_method2a_exp_20260413_112220.md,5539,5b50c6a6fa7e4cfae8925ee22be63ae6e22cab3e4674f8991b4ed8f85ea019f6
data/expanded_outputs/method2a/Q127_method2a_exp_20260413_112247.json,39751,066a8e1b20909ce732d1cd3ac4f82da0cf49c3a80a63c28141ac6c1f14940a65
data/expanded_outputs/method2a/Q127_method2a_exp_20260413_112247.md,5417,fcadc13378b40c80e4b80f6a68aec7843594f0d4ac1c1dcb55fcc7b20c007ee2
data/expanded_outputs/method2a/Q128_method2a_exp_20260413_112541.json,26699,7c955f9c1b279beaa4a5a1231a5b1a58e36d6b2df6d35a22e4b9bcd217de120b
data/expanded_outputs/method2a/Q128_method2a_exp_20260413_112541.md,6246,d33490f075960718ee59774507a1f03b22f3800d9fa4df58d7ca32f550ae1dc4
data/expanded_outputs/method2a/Q128_method2a_exp_20260413_112554.json,26699,0c22af1ab9eb1b961b714720edefef35118c827251f73bc5de0ae2a1a4c5bab2
data/expanded_outputs/method2a/Q128_method2a_exp_20260413_112554.md,3870,ca8a3116a221a0dc7e50fc58465294fd98e4def5e4a18eabf13625b4a5ecbcdf
data/expanded_outputs/method2a/Q129_method2a_exp_20260413_112836.json,65176,25530223378d8e97393bbfc13b87173bd018f55efe174969caad2ca4af7ac8cc
data/expanded_outputs/method2a/Q129_method2a_exp_20260413_112836.md,4625,98e645a4df8b8e26020a03a36fb1d31588614b63d39c044198b1bf6be1a41734
data/expanded_outputs/method2a/Q129_method2a_exp_20260413_112850.json,65176,3a0dffc0f39a57001c31042b1e1d75a763a5fe4ea270713d32c9c6c9226bfc3c
data/expanded_outputs/method2a/Q129_method2a_exp_20260413_112850.md,4415,08d1161ad27282fb97a3060d4a9feb31f533eaacc488dae0b94f0d0dd7affa12
data/expanded_outputs/method2a/Q12_method2a_exp_20260412_231841.json,56030,98b0e987d5dcf2f30599266f4cae969691d2cb71ffe2c2de9719175f209183cb
data/expanded_outputs/method2a/Q12_method2a_exp_20260412_231841.md,5978,af1873db272f51625144ae51d3f2c959fc8cc390cddfd96fc00caa2863dd1225
data/expanded_outputs/method2a/Q130_method2a_exp_20260413_113127.json,48027,1c97b38d204dcc2475fa294d3cd539a086d1c541ab325e3c46db560ee67ff9c2
data/expanded_outputs/method2a/Q130_method2a_exp_20260413_113127.md,5097,4d0f62a67220fc2091c0a611fb4813c5dac9c172000c5e84e2119d069c787754
data/expanded_outputs/method2a/Q130_method2a_exp_20260413_113201.json,48027,0a5fcc8604a817b35090212b272d23c02909752f993c9fe2f2794de531e129c8
data/expanded_outputs/method2a/Q130_method2a_exp_20260413_113201.md,6183,ea8d8855236c90bc61a72c03ac1dc9c38172f4dcd9cb9a372a3b816200e4c572
data/expanded_outputs/method2a/Q131_method2a_exp_20260413_113415.json,30276,e40ebffcb9200dbba5fa2ccf7f0c37cc0e44deec11e76b5ee465b4c0c63b3417
data/expanded_outputs/method2a/Q131_method2a_exp_20260413_113415.md,3967,15f171b5a8fcb5cf47cc940ba3deacc9b5031b53d6d66abd04d48ff9c516e555
data/expanded_outputs/method2a/Q131_method2a_exp_20260413_113511.json,30276,5207c056db5eec3d79b6dcd15cbb4b4dd28605960a475e261896cb6fe64e4a46
data/expanded_outputs/method2a/Q131_method2a_exp_20260413_113511.md,4406,bf6617dd286cb9a084e4206d9c8fb11a34095a769830bc313ef8b3013246f7fc
data/expanded_outputs/method2a/Q132_method2a_exp_20260413_113713.json,26577,36879ad634da888ed9754a1b0cee40ad78f03569b6a09f5fe5c602a22b692cc6
data/expanded_outputs/method2a/Q132_method2a_exp_20260413_113713.md,5204,0d4b94260fbbcd0cda251887d2143425db37fa9140307c42689c20f546ec6d0a
data/expanded_outputs/method2a/Q132_method2a_exp_20260413_113820.json,26577,fa9891447f50f212fc89d468ebe78a6f8dc3fa1657b0f529c5d1542d12f49fd1
data/expanded_outputs/method2a/Q132_method2a_exp_20260413_113820.md,4368,1b7f45b5ce233cd137bb86151dbe370d67c1fba50edf150cf26c3da82656117c
data/expanded_outputs/method2a/Q133_method2a_exp_20260413_114032.json,201744,e954b3112b86fcaaf1208b5f2f9a4a8789e1020f4eb335b9440b35e75ca81240
data/expanded_outputs/method2a/Q133_method2a_exp_20260413_114032.md,5577,764a2144ad195cc61bff58b951bc976ce575eacd6b2890c19485d537ac2bef1c
data/expanded_outputs/method2a/Q133_method2a_exp_20260413_114122.json,201744,836f0cb716be102b4669189957076e93528739c40f0bd3ca4b8bf543398c11b7
data/expanded_outputs/method2a/Q133_method2a_exp_20260413_114122.md,4820,2a8bf72f0f41a0444e5bbd71295686161f886c24c0e59aab01df0a0260f1af92
data/expanded_outputs/method2a/Q134_method2a_exp_20260413_115521.json,24995,7eefddcc957c886d0cb541b7ad1f10498254078e5782527929b391fc862588e9
data/expanded_outputs/method2a/Q134_method2a_exp_20260413_115521.md,5305,411f580bde88432a7f2693a2fae737d28da79a86c14917a7cd03cccbe702a1f0
data/expanded_outputs/method2a/Q135_method2a_exp_20260413_115548.json,71847,b40cef979b239bbedabe1d99f11610fc476fbaee862cc2985815ffcfe92a240c
data/expanded_outputs/method2a/Q135_method2a_exp_20260413_115548.md,5030,34f4a90cfc1ec08348c1b093c4b4e2e8831fe7f184ac78c03d4de4c66f8bb006
data/expanded_outputs/method2a/Q135_method2a_exp_20260413_115833.json,71847,0399e22cd1ccf1cfeca17525f3c410d686cc73556fbae173b05a022b8511d902
data/expanded_outputs/method2a/Q135_method2a_exp_20260413_115833.md,5652,0cf297f22c2c3f8f0269f35e1c32c133e7fbc0d7dae14fdad07ded0cfa04b19c
data/expanded_outputs/method2a/Q136_method2a_exp_20260413_115850.json,87808,f51d2bf26228b9ce6f3cedcf1b9750e9ffa0c882ea307a1cb2df73c3db8ea4ea
data/expanded_outputs/method2a/Q136_method2a_exp_20260413_115850.md,4952,783893bf8e659e4afb12b3995412a740c68420429fd6a457434ff565eac57e32
data/expanded_outputs/method2a/Q136_method2a_exp_20260413_120220.json,87808,0d5f2b20e1825584068da40e63bbb9a6379b290b6b6161a5ef73b0db5ecb592d
data/expanded_outputs/method2a/Q136_method2a_exp_20260413_120220.md,5209,508810e8501e7ee473222770c1f397f22ac3657444151689306a3f2ffe72b031
data/expanded_outputs/method2a/Q137_method2a_exp_20260413_120148.json,78896,ab6bb78cea718529f2c5ffff07db7d69eb8379e9b619be19fc21c6bd11c02acc
data/expanded_outputs/method2a/Q137_method2a_exp_20260413_120148.md,4482,f627915fe7e6c7f1dc6721873c2c51f1bd81268ff2d899640cde2cf3bd83abcc
data/expanded_outputs/method2a/Q138_method2a_exp_20260413_120529.json,28752,0d5ead5bfb9773a8f0a6b0407a5313767ad7c6f52d44d21e0de60e63441da5cc
data/expanded_outputs/method2a/Q138_method2a_exp_20260413_120529.md,6657,a70c8d140ead41983783bf1aed8cb191b4c28726f669094b105a81bf04f0752e
data/expanded_outputs/method2a/Q138_method2a_exp_20260413_120557.json,28752,9884c383d9e695c0d688a66f2e70d9f4d771f99f3c0ec1b4886e4f7fa59b7ffb
data/expanded_outputs/method2a/Q138_method2a_exp_20260413_120557.md,6787,7020b1c8cabc3962a2265bd2a564f49bce730f08871c6f4184a2c38e36ecec0b
data/expanded_outputs/method2a/Q139_method2a_exp_20260413_120813.json,40589,7f5b5acf6146a712c02844f26dee7450f8939e4ee2763027a51d609bc6af7ff1
data/expanded_outputs/method2a/Q139_method2a_exp_20260413_120813.md,4330,1bc9c42ac83c4db183bf507edb2fd8abde4e0e5126d3b2f50a9d5ef2b1f8def8
data/expanded_outputs/method2a/Q139_method2a_exp_20260413_120842.json,40589,5b34ba480d2cb65dc626159bc82bd45e7f114acf3b922369e4bccd8d7ff56660
data/expanded_outputs/method2a/Q139_method2a_exp_20260413_120842.md,3987,153b95eb24b9f44fcec7d38aa479d82bbd1e6defc9d1a709c4eab0992e019cde
data/expanded_outputs/method2a/Q13_method2a_exp_20260412_232121.json,17231,e0fb51c7bd019578c3c72ff5fcbfe5b7f3b8129d5f7803aa5e431b2675e82a1b
data/expanded_outputs/method2a/Q13_method2a_exp_20260412_232121.md,4541,d224dbb89c6c9418b8432a73bd592fde8084dfd59a1de3bad6a8804494472dd9
data/expanded_outputs/method2a/Q140_method2a_exp_20260413_121106.json,187052,19f18fca2a9a8c4beded030c1ef42dd0246fb096b67a169da7ff68bac0e813af
data/expanded_outputs/method2a/Q140_method2a_exp_20260413_121106.md,5273,b3237baf24eb5f7424cbdbb9b2a959d3b292045b0a1f86ff00b39f31304a1171
data/expanded_outputs/method2a/Q140_method2a_exp_20260413_121159.json,187052,03a44bdf64ce297036b9f483a33e77c34d21c6417ffe37b203106c8b6c09ebf4
data/expanded_outputs/method2a/Q140_method2a_exp_20260413_121159.md,5779,f6f9a9ccfcf5db4bfde05bb3435829902728830b80e50f47bd9f977e509860be
data/expanded_outputs/method2a/Q141_method2a_exp_20260413_121434.json,93055,7114fd04996b089f45939ea929d55582dd581467651df47a84a262033c86f5f3
data/expanded_outputs/method2a/Q141_method2a_exp_20260413_121434.md,5405,679f483c4bf8e17fc01027f0f75e36c58299ec2dca3e3a67cf432cd22c81a05f
data/expanded_outputs/method2a/Q141_method2a_exp_20260413_121517.json,93055,f92dac6a3cf353ef6cd3ac31077287468d9e6cecb13519d393b037b3b0844d8c
data/expanded_outputs/method2a/Q141_method2a_exp_20260413_121517.md,4104,e5b88dda472ec255413b62ee4fb24bb0c9f8e5427a50904246e0e2215c429378
data/expanded_outputs/method2a/Q141_method2a_exp_20260413_121727.json,93055,00158ade98622806b19d74d68d2466d6c40a2fb95db1c6c2bb346ae16ea31341
data/expanded_outputs/method2a/Q141_method2a_exp_20260413_121727.md,4939,8e67a9d405c6a48579702ba8cde8bf3a6ca7d493a33fc3394d0526501b6b703a
data/expanded_outputs/method2a/Q142_method2a_exp_20260413_121752.json,91530,81c15180e764bb0dae137613dcae4eb85236de7ed1c0cd7bc2ac8f53c2b747f9
data/expanded_outputs/method2a/Q142_method2a_exp_20260413_121752.md,5787,a40f4b43e4fcea3d52a97a5775fd583c9017b298df43a175d1ea7fa3b8faf323
data/expanded_outputs/method2a/Q142_method2a_exp_20260413_121803.json,91530,912825398da7542ada7234e88130f42178706604bf0e8b132be542115cec8f1a
data/expanded_outputs/method2a/Q142_method2a_exp_20260413_121803.md,4752,a543738dbddf1ef42eb44fdbf0ac8a680aae3dcfa7bcd07de41ce666c5a0a59a
data/expanded_outputs/method2a/Q142_method2a_exp_20260413_121820.json,91530,4cf802d119880bccf7d07dbac711e74b19de99b80e85cd007f9b6c5b380bcfba
data/expanded_outputs/method2a/Q142_method2a_exp_20260413_121820.md,4517,bef3a4c6864da79a4f9103d0a73f6f171fdbe4c0f1b5534420e1c5e0766c5742
data/expanded_outputs/method2a/Q142_method2a_exp_20260413_122015.json,91530,61537bdceec02d4c7ac34370e8dc9e7fda5f502a437501864fe81d1e2416a754
data/expanded_outputs/method2a/Q142_method2a_exp_20260413_122015.md,4402,94b92537cf81281f0485931562859d69f94b276b02db80ba187e7f1b2a5744d5
data/expanded_outputs/method2a/Q143_method2a_exp_20260413_122101.json,50512,69ae8d4b05d4da03b53bf87a1492172c568f19f229fe0468181838769967b097
data/expanded_outputs/method2a/Q143_method2a_exp_20260413_122101.md,5152,afe70119a1ea7e9cd3a0f61d55606ef63629f133495be851f8cdd0403cd1fe3c
data/expanded_outputs/method2a/Q143_method2a_exp_20260413_122105.json,50512,22a7859d5034eca30b8a9d9950e351b3d7b0938ef7506c0342245632c4064d88
data/expanded_outputs/method2a/Q143_method2a_exp_20260413_122105.md,5191,03ad8f6471320dec1e16a6121f110cc78f9dbb861a7c123a3d4be1cbea8407d4
data/expanded_outputs/method2a/Q143_method2a_exp_20260413_122115.json,50512,1401a00b2c6033a814cc14a732318a5c601cb89e19f06e6d137c09708d8b7448
data/expanded_outputs/method2a/Q143_method2a_exp_20260413_122115.md,4955,e750a7c12ccf9d2d2c0e97a194f33c5380b4a9bf5bc1b21bb2b2c4577d7f5180
data/expanded_outputs/method2a/Q143_method2a_exp_20260413_122300.json,50512,0aea7f3e6bea61da83995b829844dd546246142b7956972944b5e816e35721b3
data/expanded_outputs/method2a/Q143_method2a_exp_20260413_122300.md,4999,d551344e8f4f3e9a07dad8802ba661f3cfa4a03b492fed9a1bb227c6096a2406
data/expanded_outputs/method2a/Q144_method2a_exp_20260413_122346.json,73333,00e9acebfdf7ed800955e4781b3f7ec8b1f7559a0bd50b120b87030de5f9feaf
data/expanded_outputs/method2a/Q144_method2a_exp_20260413_122346.md,4446,66269bf655d8ca7e78cb053f54aab0e3438e1484789eb83932b880b2c9bbd83d
data/expanded_outputs/method2a/Q144_method2a_exp_20260413_122354.json,73333,354af34c4b580d2fd231a9ffe23340e25bc79b1067089bdfd1b7a03c2cd0eeb0
data/expanded_outputs/method2a/Q144_method2a_exp_20260413_122354.md,4428,6fc34022cec1b376dc05798ac618d7abd326e9e3ac3e3fde4cb5948f268cb981
data/expanded_outputs/method2a/Q144_method2a_exp_20260413_122355.json,73333,fda68f4817daf6f12f87e2031c9cae9844f55bd2acfb01f3506ae33a675d8f9f
data/expanded_outputs/method2a/Q144_method2a_exp_20260413_122355.md,4847,785cac1a7e26e639f063f805c63297dce912a404b56a73bbfbd8fcecd24b8351
data/expanded_outputs/method2a/Q144_method2a_exp_20260413_122538.json,73333,e8b875c655d7724c1e1e437516bb222669472211c4caf256aa96d1a6c8ea36b5
data/expanded_outputs/method2a/Q144_method2a_exp_20260413_122538.md,4236,980621604a472bd7b43b34e11f5666ee44fcce3574fc9255011c730049ba86ee
data/expanded_outputs/method2a/Q145_method2a_exp_20260413_122632.json,81310,dc42d137b19a42e37aca5332f4a3c2b42e7bfe1c88a1c5873dbd08eccc8904e2
data/expanded_outputs/method2a/Q145_method2a_exp_20260413_122632.md,5012,b6c27d90a3d18a096db75919fccb29b050f89cebe2c58bb11ee7d46dc3c9fc79
data/expanded_outputs/method2a/Q145_method2a_exp_20260413_122652.json,81310,d2c9499eaf2196ee7081b81d584ee12088ba5923acb16d22a7ffe36dc586fb81
data/expanded_outputs/method2a/Q145_method2a_exp_20260413_122652.md,5267,6fb91e8ab6cf55b70561e4def69af405d9b745f2a8ecf4cfdd970dcee4b07ef6
data/expanded_outputs/method2a/Q145_method2a_exp_20260413_122706.json,81310,14e6831bcf7b0e39f4d65cdee04dd0fc4cf22e8bf24b8e011864fc1262d11de0
data/expanded_outputs/method2a/Q145_method2a_exp_20260413_122706.md,6451,987ef70852d3a0730f79f9a0d291301138ce95ddad9d3ad0abb4f10814cf4b7a
data/expanded_outputs/method2a/Q145_method2a_exp_20260413_122821.json,81310,8ec2b9765986700b98a31035263fd8ff3fdebfbf2ac17b319f46a8db721355ec
data/expanded_outputs/method2a/Q145_method2a_exp_20260413_122821.md,4653,139e480917894fcea3fdb0c83e3a279d4b2e83925441b16e79ad29ebeb2326e3
data/expanded_outputs/method2a/Q146_method2a_exp_20260413_122910.json,73377,e4cc3c3a3f3c462349cb1f35713885ab2b98d464f09dd595d82b93adeca78c19
data/expanded_outputs/method2a/Q146_method2a_exp_20260413_122910.md,4107,44a6768a0e5aaaa3aadcf2871ed388e750a57876cf9f28e02ebabde0f981361e
data/expanded_outputs/method2a/Q146_method2a_exp_20260413_122950.json,73377,96db08ba75d8cb1dc14b82e582e4d1b0a7c4c4f854d49a9c6ba8325e79b543df
data/expanded_outputs/method2a/Q146_method2a_exp_20260413_122950.md,4564,f18b4fe7cf53a8e08d6858b449d6eecbbfe8ef52396f97817a44a90b37076dd5
data/expanded_outputs/method2a/Q146_method2a_exp_20260413_122953.json,73377,3d1fd72e444d38b606b1cc19094ef2f6aba87f4441b86c17eeeeb988177a5bab
data/expanded_outputs/method2a/Q146_method2a_exp_20260413_122953.md,6245,3e7367c6eff71b7d940ea5d408ff727b7e88d83edef2cfcc74388e4803d45ea1
data/expanded_outputs/method2a/Q146_method2a_exp_20260413_123123.json,73377,9c28b83f07e9c67967d8b8efd5dc9d7d7befe4d261d93c12e8c087115df313d5
data/expanded_outputs/method2a/Q146_method2a_exp_20260413_123123.md,5700,3daf066c4623bd0196aaaf02d01033b942e4f23fdf344f92b89b142ed8f0d495
data/expanded_outputs/method2a/Q147_method2a_exp_20260413_123252.json,59127,3567f07a9602b183deafe7cdb1d8ecbc03e432fc281cb6b292ad664dc955bee7
data/expanded_outputs/method2a/Q147_method2a_exp_20260413_123252.md,6158,6e0f1e10f6937df269b88b763c487732bbb0d2e617e9803bc661817ebf51c670
data/expanded_outputs/method2a/Q147_method2a_exp_20260413_123255.json,59127,b00d2c7487f16fef90b173ec6d0a4d4643549fa6c02191a8d2aba388c5b540a7
data/expanded_outputs/method2a/Q147_method2a_exp_20260413_123255.md,4172,260c430566e90f39326d0567f2a3a357ffa2867a7b8df35327f2151c122bd252
data/expanded_outputs/method2a/Q147_method2a_exp_20260413_123305.json,59127,16cc0541fb36063ffcef0d9ccee72065e7171d7570ca59b153e002279dc71d27
data/expanded_outputs/method2a/Q147_method2a_exp_20260413_123305.md,5652,da657c7709b6d7c51759f925bbd8964ff16e4d92edf88eada6e441f61b440cd9
data/expanded_outputs/method2a/Q147_method2a_exp_20260413_123425.json,59127,2be8f53fbe048bfe3c2fee89cfeaf94244d9b55b7d358c39454e42e265166e56
data/expanded_outputs/method2a/Q147_method2a_exp_20260413_123425.md,5625,4c4777f2d91fc1532ab61c8d652902f56e21d537dd6fa6c86ea908ba59652010
data/expanded_outputs/method2a/Q148_method2a_exp_20260413_123549.json,92282,abdd20496aba0cad3f63a3d02008ace69704ad07d4bec11f4fe5b3e322ac7fe1
data/expanded_outputs/method2a/Q148_method2a_exp_20260413_123549.md,5467,059199463de1164524ca4298f32b9d858faec5aaea2e33284c3da73c44aebcef
data/expanded_outputs/method2a/Q148_method2a_exp_20260413_123601.json,92282,4844c88f95f2ee66fa187faf5c0e0abf283b35afa86c1dc4d270e0ec393c8894
data/expanded_outputs/method2a/Q148_method2a_exp_20260413_123601.md,6440,0a54ad57c34fd31f1cf650c72876e6590dddc7e5a00e9100a0c89b7473a488ac
data/expanded_outputs/method2a/Q148_method2a_exp_20260413_123602.json,92282,513487a08ee5e0012b6c91a4e20baf5aae8934522b98a8295dd1be892489826c
data/expanded_outputs/method2a/Q148_method2a_exp_20260413_123602.md,6179,eb80be50646f732741af5a1a23edb44baaf202d2fcbc1fd1dc9dc9379e4169a3
data/expanded_outputs/method2a/Q149_method2a_exp_20260413_125521.json,46739,0219c404ad0f25894938b707b05cf338d3415a6445cb0ed54ae01b75998b9450
data/expanded_outputs/method2a/Q149_method2a_exp_20260413_125521.md,4463,cfe067571cee4823bf467472884c883d242dbf19adfa7f7f7eb5047fd7b7e8fe
data/expanded_outputs/method2a/Q14_method2a_exp_20260412_232433.json,17237,afcffa90554223c2768dd75f9732e755bac8ff66afe29114e663fef598f3da28
data/expanded_outputs/method2a/Q14_method2a_exp_20260412_232433.md,5957,b748ad92e90b1434d4d84304fe8f68d4bf941c592da8da0d5b31480e999a2359
data/expanded_outputs/method2a/Q150_method2a_exp_20260413_125614.json,179407,7d9c0022119c8b8a2a4bc157266ffd62fbd25cbf0229a5a7c2af11cc326bff73
data/expanded_outputs/method2a/Q150_method2a_exp_20260413_125614.md,3345,9e81719674c091b4005f4814cdb672a81c62d28acf83af59495092dd844cca85
data/expanded_outputs/method2a/Q150_method2a_exp_20260413_125617.json,179407,d723e0c51a5545c5b13f27c549433ae9bee417f90950c77c2ee0178d25536e75
data/expanded_outputs/method2a/Q150_method2a_exp_20260413_125617.md,4469,577920e82d4dec850d835e974d1443ee116422fb90015478bdedd30d98d6f034
data/expanded_outputs/method2a/Q150_method2a_exp_20260413_125639.json,179407,30ddcd9d1d205ddbe8e15410e3a64e7fb1cff5ca1b2c3ba0bb2d0b3dbb4d7419
data/expanded_outputs/method2a/Q150_method2a_exp_20260413_125639.md,4751,5bb25ddd100d6547ec92a9a9dfcf3c14bb08c1dab23d7be1a923738e251705d7
data/expanded_outputs/method2a/Q150_method2a_exp_20260413_125812.json,179407,07aceb7ba0aefdb06157657701e387ed7dd6482d4bbfaa1ec9086cbe9f22f732
data/expanded_outputs/method2a/Q150_method2a_exp_20260413_125812.md,5482,99845ecfd766c0cbc3d2cdb4507a3bd82077df652cfeff83e34cfd21b6bdb9f7
data/expanded_outputs/method2a/Q151_method2a_exp_20260413_125857.json,89497,8a8e4c9bc54fe3cf7082720aa9586dc9aff619d7c77ae40b2a7a003fabe4e160
data/expanded_outputs/method2a/Q151_method2a_exp_20260413_125857.md,3889,039eb67748f0f6d6c2fcad1a7769af40776bd70f87690ff31149ea8e15068538
data/expanded_outputs/method2a/Q151_method2a_exp_20260413_125858.json,89497,737db7b2507a2d882821c8333a3b719bdee24ed6c00cd369f97f09796a18adee
data/expanded_outputs/method2a/Q151_method2a_exp_20260413_125858.md,3487,c28dbbf9a9fa540e452c997e799acadbde29ee5250c4305e7b606b6088ecd69a
data/expanded_outputs/method2a/Q151_method2a_exp_20260413_125925.json,89497,9a61ff0e13a33b440b65f26b4442428b298282e6053153fd5ba15dbc4af70f5e
data/expanded_outputs/method2a/Q151_method2a_exp_20260413_125925.md,3684,35c3d69a89d96e367cce71be2180d1ab1d9f673b8f02476cc2580a161c56696f
data/expanded_outputs/method2a/Q151_method2a_exp_20260413_130116.json,89497,ce67cb2a75729e519dc1e2da2b1b5cb7d2785bce565b722e80af52bf395e528b
data/expanded_outputs/method2a/Q151_method2a_exp_20260413_130116.md,5198,6faeda25e2987d7dc096e289cdd2f6e406c8c8a46b90890203d508345c003329
data/expanded_outputs/method2a/Q152_method2a_exp_20260413_130204.json,72991,19987c9e5a9d5887db5de5352f08f28fd35f9481f3c73bca6ecb4002d0945d91
data/expanded_outputs/method2a/Q152_method2a_exp_20260413_130204.md,4890,07c08b709b32c2e6b6ecb5a36e9b9ad92bf943ef120de646e60904c256559d91
data/expanded_outputs/method2a/Q152_method2a_exp_20260413_130205.json,72991,2a7993aaf8aa6bd677130dbcedbc07be350c83884c525ebdce8db8e7e5030e29
data/expanded_outputs/method2a/Q152_method2a_exp_20260413_130205.md,4807,b856490b9d26dd3f79c309c942e939f8163845e0b5546aeb0f58368c6e93caed
data/expanded_outputs/method2a/Q152_method2a_exp_20260413_130228.json,72991,55fcc33fa53dba369da5f10feaa59c8390cda89108aab2565698f88e2e0fa70c
data/expanded_outputs/method2a/Q152_method2a_exp_20260413_130228.md,4039,e9023d4a35c8fff18f718deeefb1f273285ab2dfcac60cca6f398449aef7c17e
data/expanded_outputs/method2a/Q152_method2a_exp_20260413_130442.json,72991,f541a452117c7bb608e5c1a0ff0e22f5334bfd42c394908da5dce64374914eef
data/expanded_outputs/method2a/Q152_method2a_exp_20260413_130442.md,5073,bab6f13d33780bc2fdf42e75b9e382b484a9075229dfe3ebcfed184c9d5cba02
data/expanded_outputs/method2a/Q153_method2a_exp_20260413_130508.json,45042,9a2236d20da63a6c9597c34a3a4c2534f09fd6ac773ff52124f207fa638748ed
data/expanded_outputs/method2a/Q153_method2a_exp_20260413_130508.md,4507,a24405a4fc8bada7a8862443db19200e95d02019e7ea77b68c8ff67119a9f798
data/expanded_outputs/method2a/Q153_method2a_exp_20260413_130532.json,45042,4cf7bad80b39eaa60be12aeff8e8f690f20645319ab94388fe550ec412353fb7
data/expanded_outputs/method2a/Q153_method2a_exp_20260413_130532.md,4574,618f6954b088d979f12b19c812a33c40a56ab41864b2fd50b4ae42afdc784445
data/expanded_outputs/method2a/Q153_method2a_exp_20260413_130744.json,45042,ffb46728a9670bee7a9237021807465367ad0ad78992715a93facdc182308a4e
data/expanded_outputs/method2a/Q153_method2a_exp_20260413_130744.md,6152,91862dd5377c83fa201b4050e96032649497ccaf42232c4a74e1da5ab80285fe
data/expanded_outputs/method2a/Q154_method2a_exp_20260413_130808.json,16470,c80b75e7eaca42ed3684ebac5c2e918881fa252adcedff8b649dafd58575fa6b
data/expanded_outputs/method2a/Q154_method2a_exp_20260413_130808.md,4985,43c8a4225ab2bb4e3d7502a88f00085a5a5004a353ffba25ff68dc4d575ddc79
data/expanded_outputs/method2a/Q154_method2a_exp_20260413_130824.json,16470,750497096c9ee5a5d82299f649a13ff4c42411c353ac0f19950d60c4518b9085
data/expanded_outputs/method2a/Q154_method2a_exp_20260413_130824.md,5484,66f290988c7ffb05e182d15eb72958df3bb5b5d619bbd8870d6ddf7688528fed
data/expanded_outputs/method2a/Q154_method2a_exp_20260413_130837.json,16470,408a554aa7d90d4819f5c087ebf1e166100d1cba4058ce837d36f2f18933a757
data/expanded_outputs/method2a/Q154_method2a_exp_20260413_130837.md,5818,92b214907f4f6774c43f4135fc2dec5d279c476e04edb42810b501058dab5a9b
data/expanded_outputs/method2a/Q154_method2a_exp_20260413_131055.json,16470,36e80d1eaaabf2bcacb8d2d4ac0b493a49587c0a0188489905963fc2ace6ec1e
data/expanded_outputs/method2a/Q154_method2a_exp_20260413_131055.md,6701,de223894b387cdc3b344146c8ffa8227403169642333a8bc4b7694f0b8231324
data/expanded_outputs/method2a/Q155_method2a_exp_20260413_131111.json,24572,af8336592f0b9d822d273e23dd43d8dd6c148df738aee58d743e84500525e151
data/expanded_outputs/method2a/Q155_method2a_exp_20260413_131111.md,4860,d36ddbcb875a10e794170a03a4f9d3f9c153cde70ab12552cf58f9eb1d8a5e3d
data/expanded_outputs/method2a/Q155_method2a_exp_20260413_131127.json,24572,5947a6dff0897e9b026e6fca969dba45858618e1426a75d62c81047f7e990e88
data/expanded_outputs/method2a/Q155_method2a_exp_20260413_131127.md,5546,cbb73a62c7abc2ec8f74969c70ba8604a19fa327f8ff6187f572620517d94757
data/expanded_outputs/method2a/Q155_method2a_exp_20260413_131129.json,24572,d766721172aca47f4e325e1227f5b07585c81d8a2c818f5e5a45618219a9ef08
data/expanded_outputs/method2a/Q155_method2a_exp_20260413_131129.md,4644,dd6e53d7da8cb9f2455bfa86736d6adc0ed1afcb4c5c8f79b32b9358c85ce459
data/expanded_outputs/method2a/Q155_method2a_exp_20260413_131358.json,24572,3e8b8d5bdb62f98650a37bd838008af02f51fdf99c40fb54066bc764fd2a9c16
data/expanded_outputs/method2a/Q155_method2a_exp_20260413_131358.md,4961,77354f4655dd3f22091fdffac25688da938ef50dc52a67906babe706e3a79f25
data/expanded_outputs/method2a/Q156_method2a_exp_20260413_131353.json,31196,e753c4ee8a75d7b0fcfafda2563de66eebe016134b6158741244328cdf0c8f50
data/expanded_outputs/method2a/Q156_method2a_exp_20260413_131353.md,4944,813dc94d9dc06232a253971b0f7b62f19cbc2fb5ed477783794ce1746f6af7b0
data/expanded_outputs/method2a/Q156_method2a_exp_20260413_131415.json,31196,e2ecb046c72a6570c5d9ce120b9fc2016c21affe273f8a8c11b3d766489989dc
data/expanded_outputs/method2a/Q156_method2a_exp_20260413_131415.md,4481,4dd0d700ec19500731aa4090f5b1f66c2b3515ac4ca0a3c4ff69adeb3e40b8fd
data/expanded_outputs/method2a/Q156_method2a_exp_20260413_131430.json,31196,2d4b1c45dba5762c741ee9b924ce31a16315a08ad56737a13236f1772274f598
data/expanded_outputs/method2a/Q156_method2a_exp_20260413_131430.md,6163,b0a6fbe88bb1981b096b6116cd5da2cd71e075a989c4a35c1ecec1ab9b07438c
data/expanded_outputs/method2a/Q157_method2a_exp_20260413_131643.json,30080,5487aa8d0fb1edcd2a2095e6149a39b8f70cdec80706d927408377805ffc26e4
data/expanded_outputs/method2a/Q157_method2a_exp_20260413_131643.md,4590,5a859a473f88bc2b344c36979160f2f37942b5a1d04799c1468e23f879ee8398
data/expanded_outputs/method2a/Q157_method2a_exp_20260413_131646.json,30080,f368e85e848e01efb8c6016481e564a4ac0b36e6b1cce646a5a52ca2d94624c6
data/expanded_outputs/method2a/Q157_method2a_exp_20260413_131646.md,5033,e519311c97de3a1d0627faa9b8175f9167c85fccf17094fae1993caae28960f8
data/expanded_outputs/method2a/Q157_method2a_exp_20260413_131724.json,30080,40e504ed35940883f9ab61e89b3fbfc844da3c59d3c04680b897ed7c827ebff5
data/expanded_outputs/method2a/Q157_method2a_exp_20260413_131724.md,5749,8d5bb4ec02553305e17562b344e4e76cbf8c9e36db8083b8f9e770506adfb6ab
data/expanded_outputs/method2a/Q157_method2a_exp_20260413_131725.json,30080,d67c45098ff1d28e29d288605a39ba88dd933d8ec6d7a1b6856787065acc264e
data/expanded_outputs/method2a/Q157_method2a_exp_20260413_131725.md,4892,392d3184c2da90b3dde9fbf45ed427530cabe77e7dc7a16392ab5f5a8d438a7d
data/expanded_outputs/method2a/Q158_method2a_exp_20260413_131938.json,28926,b4203d465afec20a9164b68435c9261926255a8227f9125268be50a35b87320f
data/expanded_outputs/method2a/Q158_method2a_exp_20260413_131938.md,5610,40e1fe298010c67c65603c0040554e85b9fcd6213accb88b0819f3156ecd114b
data/expanded_outputs/method2a/Q158_method2a_exp_20260413_131945.json,28926,7e6d2c9e64740e8fa80acb148712494fd94357665540d654ee204e5ac6ef40d2
data/expanded_outputs/method2a/Q158_method2a_exp_20260413_131945.md,6324,936c42bc6e882a9c77f8adcd64ba88a722eff04c542ab86cbe058765ae368320
data/expanded_outputs/method2a/Q158_method2a_exp_20260413_132011.json,28926,2df59b719f9165c635ef411ddd7e65e575b0f395a664b17a7d88016252c15ef7
data/expanded_outputs/method2a/Q158_method2a_exp_20260413_132011.md,5256,b0dfef3e69a1a602d2ae4a56a5380e3a1fbc37582812b114f6b09ea5285404a9
data/expanded_outputs/method2a/Q158_method2a_exp_20260413_132019.json,28926,b882cb577f8508063f20b9ec4a96fadd447eaa8e88dec238d48a7e61e31b7b80
data/expanded_outputs/method2a/Q158_method2a_exp_20260413_132019.md,5742,0b950a846adae1e3a18e97a4aaf6218d17351812079e479c6572e8219491fcb7
data/expanded_outputs/method2a/Q159_method2a_exp_20260413_132242.json,33355,a1d48bfdfaf6ce82131d25b920d6d6446c3e6151216fca69e332d6a0266f5439
data/expanded_outputs/method2a/Q159_method2a_exp_20260413_132242.md,5636,745158da42ff16ec1e1fb8090428042d840be3cbb6a5c582ee0a1787bc7e3132
data/expanded_outputs/method2a/Q159_method2a_exp_20260413_132256.json,33355,0be313e9a9dc1cf8d11bf1693cc0d180e593594ac4c1c011efae3b0cb66563aa
data/expanded_outputs/method2a/Q159_method2a_exp_20260413_132256.md,5827,92bd9fcf1f24d2916e93b6a1b7bf4e3c99ce0f0aead2e464b50edea0121ebfaa
data/expanded_outputs/method2a/Q159_method2a_exp_20260413_132317.json,33355,d9ce006d8bc3fb799f1046651e357c97ce4a9f0c64a2a60d36fb4447db357c44
data/expanded_outputs/method2a/Q159_method2a_exp_20260413_132317.md,4874,7dcedf54835bdf4891cd67b302095646f1af95fac4285af6dc5ec10e2949c468
data/expanded_outputs/method2a/Q159_method2a_exp_20260413_132328.json,33355,8a540132e7b9db81dcc31e9bbb43a6c892987f52b5c37a918876e699df406721
data/expanded_outputs/method2a/Q159_method2a_exp_20260413_132328.md,5483,0459515c61234a108ed5ec67e8bce441c8cb4174be38f2e2e75309d79cb11901
data/expanded_outputs/method2a/Q15_method2a_exp_20260412_232727.json,17213,8f74fd54c6e4e2353accb7cad11d8ebf9371c2992edb5fd98daca3ae62bf7cd3
data/expanded_outputs/method2a/Q15_method2a_exp_20260412_232727.md,5118,cb89637b5af6bcbffc27c92d811c10d336cffef99605d92378b9d737af37a9a0
data/expanded_outputs/method2a/Q160_method2a_exp_20260413_132602.json,41143,b7d4f7b7531acdf53408158f18adc451f38444810c4a2f223d48e58a693f28ac
data/expanded_outputs/method2a/Q160_method2a_exp_20260413_132602.md,4533,394ae9b1f63fafe5565bd95f460f78f16fa3097a9686401142aeaca94e56e052
data/expanded_outputs/method2a/Q160_method2a_exp_20260413_132614.json,41143,7b43567c43798760e0f25c6aa327c735d4bc586fa43ff1ff656e688d161990bc
data/expanded_outputs/method2a/Q160_method2a_exp_20260413_132614.md,6003,167d119ec7b595b6884fb092143326ff0f2024abc8ae03e84afdcc714b1a63a6
data/expanded_outputs/method2a/Q160_method2a_exp_20260413_132636.json,41143,8175c62c571a5bde55d485117e6d99bcd91db1998cc5d971d0d8621cd99ff912
data/expanded_outputs/method2a/Q160_method2a_exp_20260413_132636.md,4268,ccf227d59f5c3bf005f2a3f11ca225967fe18e70d328eac6412df71a8ab51155
data/expanded_outputs/method2a/Q160_method2a_exp_20260413_132638.json,41143,a7c56fe2de9af139e05620742aa11975a2387ee9c1e08ce8b95d6f251369c5ca
data/expanded_outputs/method2a/Q160_method2a_exp_20260413_132638.md,4747,fc91675fa58166690e7465793b2b63cdb49386ea5feef40240607194af2dd1c3
data/expanded_outputs/method2a/Q161_method2a_exp_20260413_132925.json,90571,799ef0e75a9c104a67228f159658bbaddd36fa5c948468290f22bf0c0c73a3bd
data/expanded_outputs/method2a/Q161_method2a_exp_20260413_132925.md,4703,b4f4878c5e1fca192b64d8852183b68035c887cf29ddf7bea375d383f7388afb
data/expanded_outputs/method2a/Q161_method2a_exp_20260413_132929.json,90571,f54a10c54d1c908085f9db32b38c119c4ba7da985aeae3345b1c06f5ad6fa199
data/expanded_outputs/method2a/Q161_method2a_exp_20260413_132929.md,5559,b8385ae52bc389823c3bb6b35daeeaf2d213a086a1dc298a2a97e3d42920f605
data/expanded_outputs/method2a/Q161_method2a_exp_20260413_132943.json,90571,6a94a329bfe51d14073a9957272c848e0f1326dd956184c1d85341ff1fc26c03
data/expanded_outputs/method2a/Q161_method2a_exp_20260413_132943.md,4288,bc5de6582767281555e893b874c9df02fd1fa16efc5849da1357d91d0b8e2d33
data/expanded_outputs/method2a/Q161_method2a_exp_20260413_132945.json,90571,446b4c9d4de640c45adb0100f4912a490e04561a0799e9278a3d3e839673dff5
data/expanded_outputs/method2a/Q161_method2a_exp_20260413_132945.md,4482,0d9b017ae228792ae53989de540100fd709f8dfef9f0b5c10ed31a86de14f898
data/expanded_outputs/method2a/Q162_method2a_exp_20260413_133230.json,27395,f674c4789d17aac5d58dfd5c3adf59af24fb6c029681a2055f31e3019b082fae
data/expanded_outputs/method2a/Q162_method2a_exp_20260413_133230.md,4950,f46b59a6ea5520f3d8eb9c17dca03676f2679ae695909088deaf78c07864e900
data/expanded_outputs/method2a/Q162_method2a_exp_20260413_133235.json,27395,b09f88c2d623a3514f726cfa7323f7d34321e81500e325a1ed23ed23315d4be6
data/expanded_outputs/method2a/Q162_method2a_exp_20260413_133235.md,5823,db33273d2e22413a86b863e5699e09ba83471192ee9d27b5a76aa1e1eb9b792a
data/expanded_outputs/method2a/Q162_method2a_exp_20260413_133244.json,27395,9498bd944b0266ed658fa62628b5620490034317a37dfcf4bcb3cead7f449df0
data/expanded_outputs/method2a/Q162_method2a_exp_20260413_133244.md,4668,e3e0a593105106d17ab90b7e38b60caa57e970c2d855ce9a2a0cdf9cf499b375
data/expanded_outputs/method2a/Q162_method2a_exp_20260413_133253.json,27395,970242950272364d1a4f982cf28298d7942dedc381b7b56663e4488f913dfe2d
data/expanded_outputs/method2a/Q162_method2a_exp_20260413_133253.md,5603,9d5ef6efa26bbfbce79c4c2465af12c2c9f248732205e463bd8049e70bab72a4
data/expanded_outputs/method2a/Q163_method2a_exp_20260413_133533.json,46466,b8e46c0a04bac6df73bff8ec6490fc17adc857835d370330821327ace539d615
data/expanded_outputs/method2a/Q163_method2a_exp_20260413_133533.md,4518,01ce6da41858ab04a8f4a8f79e3423571b071635541a06412b36af0a30bc02b0
data/expanded_outputs/method2a/Q163_method2a_exp_20260413_133534.json,46466,af333353ee8befaea0408a8c7a3fac3b8f01404d45ebed6dc49bd299a351dc14
data/expanded_outputs/method2a/Q163_method2a_exp_20260413_133534.md,5123,9a59bd79cf8748a84a16f3e97644337b79334bef935e758357a9a6c2958f8940
data/expanded_outputs/method2a/Q163_method2a_exp_20260413_133535.json,46466,2b5b144e74099ddfa6bf0cc224d270c608c19f5cd86dcf2febe358fec8240001
data/expanded_outputs/method2a/Q163_method2a_exp_20260413_133535.md,5352,52f2abfab93de4e406e566f730a02d552ecc124e1803bb4c447fee81c44f80f2
data/expanded_outputs/method2a/Q163_method2a_exp_20260413_133544.json,46466,e39eef47094f313877eecd346d7f7d961d557e6611836dc198ed7ec284e0fc13
data/expanded_outputs/method2a/Q163_method2a_exp_20260413_133544.md,4428,1d5c583ca6f027daac00d702fe0d6cb6ccc13d4d7801779b55b51848494fc601
data/expanded_outputs/method2a/Q164_method2a_exp_20260413_133817.json,47325,e07bc9909c12c97348334b75699b70fa25a515f55ffb10bc2b8da0df5c292d8e
data/expanded_outputs/method2a/Q164_method2a_exp_20260413_133817.md,3926,46fb1581949cb036281f0f45fea2930b3158f5a8d4e78944f26cba0d3662a164
data/expanded_outputs/method2a/Q164_method2a_exp_20260413_133823.json,47325,33ea0208f0f9b85a09dc4166c906559397e53eb78d1f7772894212bf82f44b44
data/expanded_outputs/method2a/Q164_method2a_exp_20260413_133823.md,4741,fe41f4980921aa6356c82559131178702d60eb8cbe9b3762bf44155cf23bb60d
data/expanded_outputs/method2a/Q164_method2a_exp_20260413_133832.json,47325,b030d1fc5b382b99bd88668adec37167cf4aadee666db55ac3b4fcddf0d5bca2
data/expanded_outputs/method2a/Q164_method2a_exp_20260413_133832.md,4983,8eae927e555d9553d0b7361b650898e6ef921bd443aecbe373cd4a9e91c4fcd8
data/expanded_outputs/method2a/Q164_method2a_exp_20260413_133853.json,47325,50ce38794d6e929b11f164fd08bcc3c365dd85233ae54f48bf545b89dd9694a5
data/expanded_outputs/method2a/Q164_method2a_exp_20260413_133853.md,5435,4c7926e1311ebf3d6fa4110c3ee93d15cc84102fe2155c7c74d9ad5e8a39121a
data/expanded_outputs/method2a/Q165_method2a_exp_20260413_134101.json,180169,012682a5b7fc9f7cb73cb155fe042f3d3fe84f7450233b7b1786db4d9b158756
data/expanded_outputs/method2a/Q165_method2a_exp_20260413_134101.md,4283,0b1610799df3397aa2fce2f036300e73e7baf2c94a536bfec2ccdebc57cbced5
data/expanded_outputs/method2a/Q165_method2a_exp_20260413_134106.json,180169,ca3a7abf56d095aac8394e808068a812fadcd04f34ffb61342a142f95474f692
data/expanded_outputs/method2a/Q165_method2a_exp_20260413_134106.md,4767,77fb6d45932e1777ac876b4fe45d914593688c02bfe08c1322fa0ba965f7419d
data/expanded_outputs/method2a/Q165_method2a_exp_20260413_134118.json,180169,9df0a26ce5bf9e22be5e9ad3256202d6b47f9e8c84849ab7f0ff91dbfb3d9835
data/expanded_outputs/method2a/Q165_method2a_exp_20260413_134118.md,4930,beb0c0cb2d64abe8896183d47d53e29337c10482e788342bf447460a39a78fc6
data/expanded_outputs/method2a/Q165_method2a_exp_20260413_134154.json,180169,a91ee820c6989d5339842ad84fb8d5372c6f9d082161cfafdf718c40e6b7aae9
data/expanded_outputs/method2a/Q165_method2a_exp_20260413_134154.md,5425,156b6d4d5ba0387d5e64e89c21d8efbe5a1c6f13833b749d70655317026669f4
data/expanded_outputs/method2a/Q166_method2a_exp_20260413_134342.json,87532,db9ce82a08d29609df5544872e7019c3f89f97f99aaf72cda4956cfb767eb035
data/expanded_outputs/method2a/Q166_method2a_exp_20260413_134342.md,4669,5949950c7ceda213705158a52b749d0f8ec94733158490a8dcbcc250c7e4d9c0
data/expanded_outputs/method2a/Q166_method2a_exp_20260413_134345.json,87532,bd226e08f8e5fd71cfa8063a4617873ec8104577495a7aaea02e76e010cc531e
data/expanded_outputs/method2a/Q166_method2a_exp_20260413_134345.md,3693,4ddb7bd25be9597802c935b7e67b60daeb1f21bf5157c563f8d95386ff2b0853
data/expanded_outputs/method2a/Q166_method2a_exp_20260413_134357.json,87532,d63f960dc48e21f0d9bae6280cb54499898ccd0831bea1b1c13042561529d32b
data/expanded_outputs/method2a/Q166_method2a_exp_20260413_134357.md,3858,4107276302b3df8fd31f3807146ba62766cd985f85fd7da51a206435d505deda
data/expanded_outputs/method2a/Q166_method2a_exp_20260413_134430.json,87532,14d2f470312adb63c716a05cc543418334fd276f6db3865b15327ef8ea6145ea
data/expanded_outputs/method2a/Q166_method2a_exp_20260413_134430.md,4019,70e689634f2a8de158dc57ca6338f2c6dcc1fc6a8909bde96ac6a7c6819a9473
data/expanded_outputs/method2a/Q167_method2a_exp_20260413_134621.json,66086,18cfda333c07b7cf0fa8e03f14db1b35fac49277e576c286578567ae5331467a
data/expanded_outputs/method2a/Q167_method2a_exp_20260413_134621.md,4705,f9a9c1c6d9ba1ceba7716327c77d7055c6670f6f0974fb7fbd0ee5f259ac1136
data/expanded_outputs/method2a/Q167_method2a_exp_20260413_134649.json,66086,a00a5aeaf4b73984cc7174944309649385cac5a35f17f24408d60fb02bc599ed
data/expanded_outputs/method2a/Q167_method2a_exp_20260413_134649.md,4834,bff95e46deeb3e8190ffeaa8a9ed6b27bbed873d7ebaa820037e50e276d63e9c
data/expanded_outputs/method2a/Q167_method2a_exp_20260413_134657.json,66086,ed3d6210ecd82d8a9ae38d8eb219a2a881c12d7a482eec23aaa5291f8d9c079c
data/expanded_outputs/method2a/Q167_method2a_exp_20260413_134657.md,5543,c102563c1061c0e28a45a19d8ca160597db1a9b103aee3d30c01ffbf41c0797e
data/expanded_outputs/method2a/Q167_method2a_exp_20260413_134722.json,66086,ed8ec85dd9ea7277d633dae1a182e8641b91fb96be932929513626ebf9b22f87
data/expanded_outputs/method2a/Q167_method2a_exp_20260413_134722.md,4747,76fb06363e83a4bf7e92526c7dfb559325e0fb1a06e573e4fb32af65117668bb
data/expanded_outputs/method2a/Q168_method2a_exp_20260413_134919.json,45606,ae3556e38e5a353d62bef476376d65f9f945215004727d1983ed850ee1424509
data/expanded_outputs/method2a/Q168_method2a_exp_20260413_134919.md,5771,47480ba400dce1fcd4cca7029717cfe6b95f9b611070364216eae8df3a658041
data/expanded_outputs/method2a/Q168_method2a_exp_20260413_134928.json,45606,75ea7ca80d8b248f5d8a0971f20933156f8dfef43d24bb5fb704e29a431940eb
data/expanded_outputs/method2a/Q168_method2a_exp_20260413_134928.md,5318,d8cda0cf30f21e19e23ae8a1a810afb2d88635b0cfedba839b6a057c1b4991a5
data/expanded_outputs/method2a/Q168_method2a_exp_20260413_135002.json,45606,6b64a50605dae68640bb7fe4cb5f4cb7f7ada9eed0758c92680025863a698856
data/expanded_outputs/method2a/Q168_method2a_exp_20260413_135002.md,6511,32d20861aa380a44154fbedb48618653a045d703cf7071cab5515a3456225f97
data/expanded_outputs/method2a/Q168_method2a_exp_20260413_135019.json,45606,782f7fe9986330a3039cc90a36de9ff1856f3d7a88fabda7b67e8adaad5ba926
data/expanded_outputs/method2a/Q168_method2a_exp_20260413_135019.md,6261,459588ceda4619351ec4a41cbe943f5d468eca5ba4a536f42e2d77394e2a8b64
data/expanded_outputs/method2a/Q169_method2a_exp_20260413_135207.json,66148,4ffaed4b6368d13c367f8a0a4f88bf75ed192f3270c0feb661a4fe7bd609ea1c
data/expanded_outputs/method2a/Q169_method2a_exp_20260413_135207.md,5331,51aeb7a53b66679bc1f282c8f55c982b04e4eab62d38b12e9f05aceb695215c5
data/expanded_outputs/method2a/Q169_method2a_exp_20260413_135218.json,66148,9dba5f18a2ab1298eb2e7b5100dfe179132185bfa99603c6e421f521169cd00b
data/expanded_outputs/method2a/Q169_method2a_exp_20260413_135218.md,5151,d47854c12cb2f57707576359f47c67355766ff03d510a0236e0913a43a1b7573
data/expanded_outputs/method2a/Q169_method2a_exp_20260413_135253.json,66148,9053d0e6f58718bed3fee6ea0120ced2d92b4628bb5fd010822f3856de0a6d66
data/expanded_outputs/method2a/Q169_method2a_exp_20260413_135253.md,5392,221c10febdb418f9618a6022d2d76c85edeaa87bf6a09654c265c1dc7f7d65b1
data/expanded_outputs/method2a/Q169_method2a_exp_20260413_135305.json,66148,c4255e24d7dc212c2c0b1ad1e5773bfe4922d3f85f84d3beacd51f7554b6c610
data/expanded_outputs/method2a/Q169_method2a_exp_20260413_135305.md,4640,dcb5dce6ecb04f08c821f35cbd389eebc7bc85862fd5493d01ea84edce8e43ce
data/expanded_outputs/method2a/Q16_method2a_exp_20260412_233023.json,17234,a40a4e2158e8403e59c6a867086eec73fa82c9c1ac3290049e71e877c1f9d89e
data/expanded_outputs/method2a/Q16_method2a_exp_20260412_233023.md,5725,e7914b658cf9b8835d5c7ad1e9cc6e3b2a7567d619be3c7c1f3c069176150010
data/expanded_outputs/method2a/Q170_method2a_exp_20260413_135445.json,38706,a846e93c409ecd528cde1d71d4886a6fa29a11e198e35449b36afc572d24993d
data/expanded_outputs/method2a/Q170_method2a_exp_20260413_135445.md,3829,95206e08e204cef9873597bdc3ff30caa3a5632ca5468753c58f91c5d59c324e
data/expanded_outputs/method2a/Q170_method2a_exp_20260413_135512.json,38706,6281e31f93259e842f38ed75678aa25277375b08d6c9d9afdef85fc150484642
data/expanded_outputs/method2a/Q170_method2a_exp_20260413_135512.md,4373,be1359601f030de1b4cda6ca196b113ecea789f2692c31b9c563c00cb364d127
data/expanded_outputs/method2a/Q170_method2a_exp_20260413_135532.json,38706,27cefc3cb1b89b0bd1e85fff233d1bae1d6d4326e90692afc7d4a7ca3165d038
data/expanded_outputs/method2a/Q170_method2a_exp_20260413_135532.md,4109,84019860e6974e7474268d340c8b2daf59f1f49d891ca61c7d3517407e256086
data/expanded_outputs/method2a/Q171_method2a_exp_20260413_135741.json,23975,10ab8c2a81eb0edcfe594e1b8acd8d651e56774ced9cadb0fc37ea8c30b71a18
data/expanded_outputs/method2a/Q171_method2a_exp_20260413_135741.md,5235,eb0f66bb928cb3104639163e864c9347113bee9b78490c42775e8af5e4fef8f3
data/expanded_outputs/method2a/Q171_method2a_exp_20260413_135805.json,23975,12e971be3cbad3eb72666967690ac0de6c0500a47459434237fcd1ad21f36c90
data/expanded_outputs/method2a/Q171_method2a_exp_20260413_135805.md,4688,b95743f74c3603bebfd88ce2d8a20e64e82daf8cb2bd458a38a8797075e721f1
data/expanded_outputs/method2a/Q171_method2a_exp_20260413_135817.json,23975,f3d3a6fe5e82d44578638acdc693d4ac998df030881d637a3b34d539c8f30807
data/expanded_outputs/method2a/Q171_method2a_exp_20260413_135817.md,4448,ba93c5663ad59d63438f872d3965e1993386caced8adae9a2c38ba0f81daf021
data/expanded_outputs/method2a/Q172_method2a_exp_20260413_140043.json,47206,cdab75cb48639581b0fc751b420e11207995de09c19e1f602c1bd3087bcd5564
data/expanded_outputs/method2a/Q172_method2a_exp_20260413_140043.md,4799,b22dc5150ca85178d50e5e4444d59a5707e9910fca2c86df730db0b113cd6f1a
data/expanded_outputs/method2a/Q172_method2a_exp_20260413_140102.json,47206,89d06ea1844a6664cead83745bba70c3ed9478be38d310ea57a706c9f75a67a8
data/expanded_outputs/method2a/Q172_method2a_exp_20260413_140102.md,4590,a53e9201135a9492d9d6f08a0d757e1dc4cfeb05c3cd1a2c746b0ffd9ec0daf6
data/expanded_outputs/method2a/Q172_method2a_exp_20260413_140104.json,47206,b65c1cbb01dc7166cfba7a7d68ac077fe107bf62ef747b8b6c93c096edd94821
data/expanded_outputs/method2a/Q172_method2a_exp_20260413_140104.md,4687,ae7499622bd4ce05ca83ee500ca4be24b9d7edd37cef13e3a534c001fccff2d4
data/expanded_outputs/method2a/Q173_method2a_exp_20260413_140352.json,24233,a4f2a249c1d0cab121675499258be86bfb9d4a143bbe8895a3f84b5aac947db3
data/expanded_outputs/method2a/Q173_method2a_exp_20260413_140352.md,5565,843d6510ed2ec419e0333e1ab25fa8a212378f78abdefb1cc2f9a69c247ea4d7
data/expanded_outputs/method2a/Q173_method2a_exp_20260413_140403.json,24233,d0331fabbc7e9c820689641acd89be236a11d56f79d8b6345fdb565f9742bbaf
data/expanded_outputs/method2a/Q173_method2a_exp_20260413_140403.md,4360,91ddb7948e53797d66df066aad1d8ae8993578d7548d1e916199fb205b05b282
data/expanded_outputs/method2a/Q173_method2a_exp_20260413_140428.json,24233,f30a30a7028af0a90537cccf0070e840dee24a4a0999008f5684ea1d6b8c1c2c
data/expanded_outputs/method2a/Q173_method2a_exp_20260413_140428.md,5026,257d7230b9bc01dc1d71e94748f63d60b6f5501e7aa2897966a569b57b7452a9
data/expanded_outputs/method2a/Q174_method2a_exp_20260413_140707.json,50572,4e5734b00c686c359def55527150dfd4bb0c0875bd7beb8307ac3e2c1da7e231
data/expanded_outputs/method2a/Q174_method2a_exp_20260413_140707.md,5116,5ac35cd2249febb8a1ed9b6871e80d880aa657970a4474a17182c4d2fe54ddb7
data/expanded_outputs/method2a/Q174_method2a_exp_20260413_140721.json,50572,050fbff10a730d317a2318fbf9279ca3227a82111166cba89c88b600482ff11c
data/expanded_outputs/method2a/Q174_method2a_exp_20260413_140721.md,4249,2868f45b2c625de81ca64c484e01fca0f3db025bdb38b8dfc11668aad664f49b
data/expanded_outputs/method2a/Q174_method2a_exp_20260413_140723.json,50572,98678a64d4959bc370775beef88892918e19b1a848a501299629efb0c2b8032f
data/expanded_outputs/method2a/Q174_method2a_exp_20260413_140723.md,6207,e03c6e66d5995ec1640016966ff6f506b9cf603c6a157dc7cdcc21a9f38c9201
data/expanded_outputs/method2a/Q175_method2a_exp_20260413_141025.json,83041,cd5eda186bd444915f9336bc6c91bdf56077a5853fde7af20a30e168fa1c74bd
data/expanded_outputs/method2a/Q175_method2a_exp_20260413_141025.md,5695,75980579339753dcfa76d0d2fc62f03b9d5be189dd77c076712cf7c5a739146f
data/expanded_outputs/method2a/Q175_method2a_exp_20260413_141049.json,83041,962ce5b41821e19df7dadb373e5793cdb02fa1c069807ffc3f5ab6fef9fd802a
data/expanded_outputs/method2a/Q175_method2a_exp_20260413_141049.md,5386,fba91e18e5f27bf2c2d21b0a0ee27eba5be8e358670ccdad5566c6050bd941ae
data/expanded_outputs/method2a/Q175_method2a_exp_20260413_141101.json,83041,31d7c6464cbc68b6b4efddd01a39a94bb2a099db48433bc0d332fa4018c646a2
data/expanded_outputs/method2a/Q175_method2a_exp_20260413_141101.md,5679,7b9118a2085e73dfe3de594a049a9ee40167394d1a0a91234ba0976b76af01c0
data/expanded_outputs/method2a/Q176_method2a_exp_20260413_141343.json,54600,cf49205b534e62bc6f05bad6478e83952282e8840a88fb2acb6e6c59811426b6
data/expanded_outputs/method2a/Q176_method2a_exp_20260413_141343.md,4001,aeb156d043b66ae008f7c7a1faaf8f2e841959f32f74ce9b90b6825480b40980
data/expanded_outputs/method2a/Q176_method2a_exp_20260413_141422.json,54600,94062caaccfddc82235eb1c623ea5f1820c5172547cf4046682709d4339e9717
data/expanded_outputs/method2a/Q176_method2a_exp_20260413_141422.md,5149,9dba630fe467dbbebf608ebbd7739c9a5d18ccf63eb1c4f54dff1914e265f42c
data/expanded_outputs/method2a/Q176_method2a_exp_20260413_141427.json,54600,81f6eec36415059a716ef7ba653fed2c72f43f9e7cc544b73ddec9b519eae3d3
data/expanded_outputs/method2a/Q176_method2a_exp_20260413_141427.md,5450,75fca56e0a144d8e7280192b857a790362b267c50819aa2b62da88d48fea65e8
data/expanded_outputs/method2a/Q177_method2a_exp_20260413_141703.json,77344,e6bd13b2fc7d65eb24e3fa8613f0a16bfc27f8a7ed081f0845739ddff2efe8b0
data/expanded_outputs/method2a/Q177_method2a_exp_20260413_141703.md,5151,d6ffd4bc6cab4a97ff7ea6c213f60805b5e14fecc3a0cca49454f00c9c6b45b2
data/expanded_outputs/method2a/Q177_method2a_exp_20260413_141712.json,77344,86a47c29b0bb5d478e37a90dce075eee40d1e2535323f2431d60b8a21510180e
data/expanded_outputs/method2a/Q177_method2a_exp_20260413_141712.md,5611,5b474a0f749ebb32f96c10643ff5fec1914b0aefc178bd6fa160d298ecbfdf6a
data/expanded_outputs/method2a/Q177_method2a_exp_20260413_141738.json,77344,ed8515c2dd1b4624867e93feead83efae1661bf65b86e081b46930360cd6b44f
data/expanded_outputs/method2a/Q177_method2a_exp_20260413_141738.md,4405,e04dc78c9be8d54e6507878eaaea98bb678b6f9f14469b9f5f1d4d3605fe1e80
data/expanded_outputs/method2a/Q178_method2a_exp_20260413_141945.json,32036,5ff75828e7b2d1c3b1deee882c9c8ed201a4faab651d4625a319210f2dc0610b
data/expanded_outputs/method2a/Q178_method2a_exp_20260413_141945.md,5180,1b94d9dc6a614e6255e06b0d22d566d88d6df2bf74661d0d5a87bf16a8e9dda2
data/expanded_outputs/method2a/Q178_method2a_exp_20260413_141955.json,32036,96719efbad45af8ddb0084b13c1c880f8008e183eda22e765ff039173ae8d95c
data/expanded_outputs/method2a/Q178_method2a_exp_20260413_141955.md,5535,66672b27a50fed58f3a69ad0dfb0f7f0306499688cfac61551f0bdde40d76873
data/expanded_outputs/method2a/Q178_method2a_exp_20260413_142018.json,32036,088e872a8544acf98c303e5f940a011ff9d89b914e82facea4a42f0d8d66a5bc
data/expanded_outputs/method2a/Q178_method2a_exp_20260413_142018.md,5281,bac8c711a5d08b4098081efefb57f85b514862eed3bf2c15ca97c7455b5278cc
data/expanded_outputs/method2a/Q179_method2a_exp_20260413_142231.json,81517,15586561a9371aadb875a905c0e67979c8310bdd68d66d46bab8e75f04af04ea
data/expanded_outputs/method2a/Q179_method2a_exp_20260413_142231.md,5804,cb204117780efebc374265f6ade7e1d6ede43030267b1c50039a877350fc3181
data/expanded_outputs/method2a/Q179_method2a_exp_20260413_142244.json,81517,7d1f7dcf36858c4c9dab3dc55d68a930a3365096cf3ad8c44f16ff0ba8f97782
data/expanded_outputs/method2a/Q179_method2a_exp_20260413_142244.md,6179,ab4a92da7a13455d12e92988d03ff5248f3823ac74eabf44942b35c8b6f63676
data/expanded_outputs/method2a/Q179_method2a_exp_20260413_142302.json,81517,6377e59e404341c7eabe6e81a3dcb211699d07018768e4dd09ff4ae65f4496e3
data/expanded_outputs/method2a/Q179_method2a_exp_20260413_142302.md,5969,6151cbfd3598557bcb9eac73cd2ca88708b9288f5f00aeae7044eb73be1dd59c
data/expanded_outputs/method2a/Q17_method2a_exp_20260412_233308.json,17228,459509a1ab9d752472a28f22a6bb502a4f62849698435afbc51e3dbecab5eede
data/expanded_outputs/method2a/Q17_method2a_exp_20260412_233308.md,5994,f56e6208b7237c5ab76a14f19f3d0ce3bbed3fbd0210d73dcb158d8ce146b17c
data/expanded_outputs/method2a/Q180_method2a_exp_20260413_142508.json,20315,3710585485e5ca7395f75048c958bbe2fa898a973fa23516e449d2e43e82d806
data/expanded_outputs/method2a/Q180_method2a_exp_20260413_142508.md,6302,91c63e1d8175d840627a6069ff7e68743fe1948234036a2d79b70bf9c25b0da4
data/expanded_outputs/method2a/Q180_method2a_exp_20260413_142526.json,20315,0805c54735423b05b24c3fa45bc01bb294d53b2c765d224ae660af6fec8bf1cb
data/expanded_outputs/method2a/Q180_method2a_exp_20260413_142526.md,6805,02aff9e1aa17c2f7d6609d4257ea8815c754d43cef0bec0dad170a93e6d374f1
data/expanded_outputs/method2a/Q180_method2a_exp_20260413_142532.json,20315,a038693dde665ef95bce47ebbec4d8488f618a7ae9ee43622b9d806c51c5a28b
data/expanded_outputs/method2a/Q180_method2a_exp_20260413_142532.md,5658,a7d1e0dc1873e3f9b87a9ca82aff347b11a33335f41272e460e8707558321e2a
data/expanded_outputs/method2a/Q181_method2a_exp_20260413_142737.json,39262,084211d44c346413202834e012d98fcfc2713f3cb42398f6ffed96510faedc7f
data/expanded_outputs/method2a/Q181_method2a_exp_20260413_142737.md,5959,e7fc249197afccf24441740d2ab130f61084891d7fde28c7f5360d67b5b2a139
data/expanded_outputs/method2a/Q181_method2a_exp_20260413_142801.json,39262,70517eb7d745e6b9b573a26cf31afef5387c356fb020daf054edbb217617130e
data/expanded_outputs/method2a/Q181_method2a_exp_20260413_142801.md,6425,3d2174607f4c5ee5e4b4de760e8ba7316b39878209c230934cb1644a72f6c7c8
data/expanded_outputs/method2a/Q181_method2a_exp_20260413_142841.json,39262,73abcbfdb12becd86aed6a338381b912ea32f6bd08007ed4efe1a2567535033d
data/expanded_outputs/method2a/Q181_method2a_exp_20260413_142841.md,4861,a007c10e2e6b32ba866101b0fe4ba558386b74fabf4a6dd571cedc99a4534995
data/expanded_outputs/method2a/Q182_method2a_exp_20260413_143011.json,67834,78704ee2e9365ea877d9ce34e059abffd31e988a2eb8ada1ef6e6a9edee65d7e
data/expanded_outputs/method2a/Q182_method2a_exp_20260413_143011.md,5469,03523b2d16b47f511690924ac2639b30c90bb8e9d4b1a98f46c61ba65384ae5b
data/expanded_outputs/method2a/Q182_method2a_exp_20260413_143027.json,67834,387cc84afbb2a075e6b4838f72db73a57d46d0f9f00e43ec85e2f8af583be84e
data/expanded_outputs/method2a/Q182_method2a_exp_20260413_143027.md,3966,e9ffdfd6e633529b5c73c44b213069ed1c9d2df2287322b07bf8d8a6b5c585b2
data/expanded_outputs/method2a/Q182_method2a_exp_20260413_143116.json,67834,bb8b62d4338031805a0aedb25a584cc267cfe333f35cce1c7047a28930e8b0c7
data/expanded_outputs/method2a/Q182_method2a_exp_20260413_143116.md,4855,26e974cff0caaabed96b656fc287be336bed1c0831a2bc2534e23cbe4b5f4e9c
data/expanded_outputs/method2a/Q183_method2a_exp_20260413_143258.json,93511,d041322aaf5839cd9dccf7c9a19ea54a9d200591619b9d7c0f65e247b3638609
data/expanded_outputs/method2a/Q183_method2a_exp_20260413_143258.md,5521,3c31e2b04f7d210e619fba340504601d30152eb87dc7a74e020fb33219010e52
data/expanded_outputs/method2a/Q183_method2a_exp_20260413_143318.json,93511,f21eed03d3fd33d4b2929f74f115d9cd5f35c0fef18cd7df26b03cc28a0903f0
data/expanded_outputs/method2a/Q183_method2a_exp_20260413_143318.md,5645,f9a9a47f7ce5d25a3ddede00083e7ce4e313752648c97dc70dd2853e29cc9c17
data/expanded_outputs/method2a/Q183_method2a_exp_20260413_143412.json,93511,1051fa3a1a6b486d5d97af773fbeaa7f6453a52bdc4b29e9090f72aa4f2a918a
data/expanded_outputs/method2a/Q183_method2a_exp_20260413_143412.md,7249,fe11dea47bfae062ff85fc8717f8db8d908e0585dfe5965484283960535fcd41
data/expanded_outputs/method2a/Q184_method2a_exp_20260413_143547.json,185527,3c553a5daf64776a3e209ebf6f2c596e823bc509287af9db2cdadc736141cc2c
data/expanded_outputs/method2a/Q184_method2a_exp_20260413_143547.md,6674,b37dc9ba0c2953ca870553d63a02c4be1bce5bbe94b638efd7f62e0770a7c165
data/expanded_outputs/method2a/Q184_method2a_exp_20260413_143607.json,185527,33097e985afa3987dad2b134362e91d9b11510182e90d9b448c674e95f22fffc
data/expanded_outputs/method2a/Q184_method2a_exp_20260413_143607.md,6280,79752a6a41a5e65ff777bc7a9caf110a233363bac177e6ad3b8542da9652c970
data/expanded_outputs/method2a/Q184_method2a_exp_20260413_143701.json,185527,efdc6504ebbbaeab006dc0cf620a831781ebb1488a88bffc94c71277d7f49817
data/expanded_outputs/method2a/Q184_method2a_exp_20260413_143701.md,6421,e6de8c0ea8a098bb4de2c73ff20a3bbee04f6d4c75f4053206062347c23939cc
data/expanded_outputs/method2a/Q185_method2a_exp_20260413_143844.json,50787,3a4274bf919cfb7add53ef27d545945970d83505e55678f7be55dae349f7f2c7
data/expanded_outputs/method2a/Q185_method2a_exp_20260413_143844.md,6845,93a1abb3cf79a8eea65c4239f4b5f2b2ee00dbf1a8c06eb9af15cda75ea34dc9
data/expanded_outputs/method2a/Q185_method2a_exp_20260413_143945.json,50787,160a311cf7b220c854d333d16839dc093c117c159d2950e9756ef4fedbaa2dd6
data/expanded_outputs/method2a/Q185_method2a_exp_20260413_143945.md,6996,9e13b7206fca583370b120cc972ace58b830a0d8609ff53ced4d51f60604e74a
data/expanded_outputs/method2a/Q186_method2a_exp_20260413_144141.json,39535,0f759cd361866b7ca503e0fc64ac9f8332ac919f166f05c1ed4859d07d5da09b
data/expanded_outputs/method2a/Q186_method2a_exp_20260413_144141.md,6237,c487f0211a6d20ef90fbede08325b185e7a88131ee05a32ab37198c627936068
data/expanded_outputs/method2a/Q186_method2a_exp_20260413_144251.json,39535,32b1738d955d7f160e46cd736b3760700b64d344eae7cbc512b80caa77f64cf5
data/expanded_outputs/method2a/Q186_method2a_exp_20260413_144251.md,6795,b30cd4537991be507d019e053048184a0d5c4934072390055ecc2bb7f6398a60
data/expanded_outputs/method2a/Q187_method2a_exp_20260413_144426.json,26665,dd2df64917f53e354256b9a487fe4f58ee1fa4c05d410572d12e450101aeeb91
data/expanded_outputs/method2a/Q187_method2a_exp_20260413_144426.md,6038,69b52f238e44a0f02f7ffcfda333d3eaccb0dd388e89771cbd532ed950586f53
data/expanded_outputs/method2a/Q187_method2a_exp_20260413_144524.json,26665,902b9cccb5b6aea0763fc14f5c68f803d0f5542d361375b3a7c5012821bc0104
data/expanded_outputs/method2a/Q187_method2a_exp_20260413_144524.md,5726,38fb4056c4f347efd5c3be346ef65241e25e566a722c7ad8bed89b789cd90192
data/expanded_outputs/method2a/Q188_method2a_exp_20260413_144656.json,35580,eb0ebd2a7f5ba98f498b07711331ae96697f019de620f77e9e10623114bec3a1
data/expanded_outputs/method2a/Q188_method2a_exp_20260413_144656.md,5179,faafbe597bc847f46c61548c555fb87084f834adac2b9622a257a9a963a7d24a
data/expanded_outputs/method2a/Q188_method2a_exp_20260413_144744.json,35580,66dff2166b10ee6eb7f4b4fe3e4f707e5bc6d4067b3dc5430fa6437f28869d3d
data/expanded_outputs/method2a/Q188_method2a_exp_20260413_144744.md,4292,cd6b13039422a987416c79fef58756b1b4a550be921b55aca76a05bf2598342f
data/expanded_outputs/method2a/Q189_method2a_exp_20260413_144932.json,43546,85b446acf70a96efc3d55a8dbc55d01f74efb6c99eb4d1cb42a02cb2cf7f6508
data/expanded_outputs/method2a/Q189_method2a_exp_20260413_144932.md,5854,793aaeb86b80c664e711496501bebb967361f3dfd64a903cfecc0b9d97d4ec87
data/expanded_outputs/method2a/Q189_method2a_exp_20260413_145025.json,43546,0245dc408cceff69aa9ee38a73c1c9b6f969dff441a2aea74c77c140f6933cd7
data/expanded_outputs/method2a/Q189_method2a_exp_20260413_145025.md,6239,68e4e48eaab8bf4d72b5016b2787e6c081912cfd5e00f6f5e3498f81b725acab
data/expanded_outputs/method2a/Q18_method2a_exp_20260412_233619.json,14527,4adbb7a452748994406cdeeb3d3898366ba6ddc1c14078fa92050f72d5d0612c
data/expanded_outputs/method2a/Q18_method2a_exp_20260412_233619.md,6645,d03e50937437e62d3ad441397e2a54fc7f452167ffac4e16fecaf92cb79297a9
data/expanded_outputs/method2a/Q190_method2a_exp_20260413_145214.json,35803,d39d9a98aabaae7413b0eebe3a21a9e74263bcfe0894de1730397a795a473882
data/expanded_outputs/method2a/Q190_method2a_exp_20260413_145214.md,5764,65e8457bd21d1be050b02308cc96e7a89c378c4a730bbdcc801040a4cc394e89
data/expanded_outputs/method2a/Q190_method2a_exp_20260413_145307.json,35803,e470fa77b2e5e63cc35791843c5bed7a3b4268661168356e03d8ebadbb2606af
data/expanded_outputs/method2a/Q190_method2a_exp_20260413_145307.md,6576,9b0edd1cd64f91909fe0ccba80ce3d41b014bbbda1a2ba12426a2acc5dae591d
data/expanded_outputs/method2a/Q191_method2a_exp_20260413_145458.json,34610,bce1d0b24428ad23faa0c27557856fe2eb7bc5409595982de7408d01ab46f7c0
data/expanded_outputs/method2a/Q191_method2a_exp_20260413_145458.md,6642,536bf79ca1207385561dbbd73bdc7d088c8abf9e0e64e73107cb11aa16b96cad
data/expanded_outputs/method2a/Q191_method2a_exp_20260413_145544.json,34610,d043b42205b9efc537a7c4e0fb7d60e31a76266fb9d1bf590c99041382e1c1d4
data/expanded_outputs/method2a/Q191_method2a_exp_20260413_145544.md,6006,bea4e969a0acd581b97292f2c6fd9ceb2401080c6c6ef54a6090a67282ac24d0
data/expanded_outputs/method2a/Q192_method2a_exp_20260413_145746.json,37278,aada726b3f0df4d9a9fc1351116dd6840b72e8807af7a7f1ce01c0f4db53dcfe
data/expanded_outputs/method2a/Q192_method2a_exp_20260413_145746.md,6279,2ef02fae7afd5cd566412b7519a204d217cf8f7693784f9c7265c6e0177a63cd
data/expanded_outputs/method2a/Q192_method2a_exp_20260413_145828.json,37278,9eda4fcf657a9010d778fe7ad69ad47c76353ad3b6de2113d28aff8315c09caf
data/expanded_outputs/method2a/Q192_method2a_exp_20260413_145828.md,6193,9fe42d6b33a706863932a2f425c306a6cfc4b6463322238492fe28f0e171e92d
data/expanded_outputs/method2a/Q193_method2a_exp_20260413_150041.json,20528,35c73a6e920143d423edd7ca23029b09e612b425166a229a38d3d981ef0f3ea0
data/expanded_outputs/method2a/Q193_method2a_exp_20260413_150041.md,7544,e1b63d44fde37aa9b365d4fb40cd7bdcfb7aa0fba72e7d6c282bf68ecc3397b8
data/expanded_outputs/method2a/Q193_method2a_exp_20260413_150116.json,20528,bcb35f2fa447b2cec733179f9200fef414ac0b7fe41ce23d9a198e71548902db
data/expanded_outputs/method2a/Q193_method2a_exp_20260413_150116.md,6907,1d5c90bf853e82b2bbf3f82145f47bfccea8ca11853c063e21d57cfbedbfabc7
data/expanded_outputs/method2a/Q194_method2a_exp_20260413_150347.json,26123,2e98568187802ca9734b9cf63da0ccdadc2bdf1f7a542d6ad6c710767ce1f7e6
data/expanded_outputs/method2a/Q194_method2a_exp_20260413_150347.md,6027,cd7975b0702b0bf4ecda871f1f2964735cc8516d6e40cc2b1684af408954c3af
data/expanded_outputs/method2a/Q194_method2a_exp_20260413_150425.json,26123,bb8afa8c86d299e4695bc4dbf831758e4341c0d37e95b9ea3bcd2782e3b0b36c
data/expanded_outputs/method2a/Q194_method2a_exp_20260413_150425.md,6341,89c1d872d1c5f52542a8207ed485eec13ca333a0d95a5ea03470b8bdc3a6fd9d
data/expanded_outputs/method2a/Q195_method2a_exp_20260413_150649.json,28892,50265eac77762d19ce6d2bbdff230557136ba75b78a3d92c0f10dd8463808051
data/expanded_outputs/method2a/Q195_method2a_exp_20260413_150649.md,5638,e61119dec3ff8352e3d543dc83df5644052b8edf2565a92327dc3f0669a90741
data/expanded_outputs/method2a/Q195_method2a_exp_20260413_150728.json,28892,e3d1cbde05b37f8a1d094426c006ee3d092e106aa889d3be665c264c9f8df95e
data/expanded_outputs/method2a/Q195_method2a_exp_20260413_150728.md,5709,a3a6eac016e823afdb43f5c8010d410206c657a6344430b23e5eb6f986c41918
data/expanded_outputs/method2a/Q196_method2a_exp_20260413_152901.json,47812,b1c4fc4dfa3b5c658da086fdedbbcf324c0b3b8505a76dec3a1b8e72fb04a408
data/expanded_outputs/method2a/Q196_method2a_exp_20260413_152901.md,6232,a7c18dc4bc00e09aff0816ec11c8a8295261715229d3ab56bb16679de1efdfde
data/expanded_outputs/method2a/Q197_method2a_exp_20260413_154006.json,21028,481d88cecd1dc9cfc696c9bb278c0dc40ba08c870901bf919d2b5dd047b0d2bd
data/expanded_outputs/method2a/Q197_method2a_exp_20260413_154006.md,6723,5536e435b0872d7e77eda60f8d63656d9bf30f263b7a1fc9532678ed81db4de0
data/expanded_outputs/method2a/Q198_method2a_exp_20260413_153319.json,39198,36a5bd7983ffd9468b448c863bbc7a5d0d50ee1458a27bb9f58b18b8137b2f30
data/expanded_outputs/method2a/Q198_method2a_exp_20260413_153319.md,6470,9852d3f9bfb314d1b3ca040cb2dee343157caf37216e08f0d7843bacf188c6ce
data/expanded_outputs/method2a/Q199_method2a_exp_20260413_153627.json,42305,c5c93a3b08518cfb0d67afb8be368d64f688cebff937787babf2afb65b449798
data/expanded_outputs/method2a/Q199_method2a_exp_20260413_153627.md,6127,70a31a83176a9ee897b4fea3103005369ed5d237c6e247ea0ef5433fc1560699
data/expanded_outputs/method2a/Q19_method2a_exp_20260412_233923.json,17216,78d3ee0d713b6d5d44d039669a06bdfd817029caa79a8813234f98a532d41c9e
data/expanded_outputs/method2a/Q19_method2a_exp_20260412_233923.md,5115,6f2f7d11c11f58d5ea0765e102e67d1691996a8c1f2d256a0f84d69bbb0409cc
data/expanded_outputs/method2a/Q200_method2a_exp_20260413_154256.json,89317,464d7665b448423209763ca1cea8e5624cab3b600cde045359b1cc2d7019ace3
data/expanded_outputs/method2a/Q200_method2a_exp_20260413_154256.md,6378,ea134e22415aba8dea93437765a9ac3011e1cf6743a67099241ac1e9dd5e250a
data/expanded_outputs/method2a/Q201_method2a_exp_20260413_154541.json,62425,f0a649f05fff419c07d1d03440281017e9d8c9c8fce1ea759027cb26a13427e7
data/expanded_outputs/method2a/Q201_method2a_exp_20260413_154541.md,6522,9abd8a32ae38d25eb818842a582f95b3121815b20a87262ba45aed3f9bd1f3f0
data/expanded_outputs/method2a/Q202_method2a_exp_20260413_154829.json,48294,1948977b2ddebec3c015df436e57b67c5adeb8f317bf0668f68d979fb3650fd8
data/expanded_outputs/method2a/Q202_method2a_exp_20260413_154829.md,6492,93134def86ffc114ef6cea9ed76971b83f5055c18766637474c61c95b9fbdad5
data/expanded_outputs/method2a/Q203_method2a_exp_20260413_155057.json,35908,42aa0fad7fb04aaca39f817764793a100c9a1288e10098c3d04de5554d5baade
data/expanded_outputs/method2a/Q203_method2a_exp_20260413_155057.md,5269,086cc84f96fe414491d552f23bef7367423504bab9c1f35914944cf6af1895ea
data/expanded_outputs/method2a/Q204_method2a_exp_20260413_155353.json,39307,c6d34615ade96deb3527dd0a8f482fe455bcef306099c7b2cde270da27a65872
data/expanded_outputs/method2a/Q204_method2a_exp_20260413_155353.md,7490,da130ac973f44fabbf86c6cd3b1babbf5dc699f6288f42b5079f0e4265d079b8
data/expanded_outputs/method2a/Q205_method2a_exp_20260413_155707.json,43572,cec776c6f89041cf9f8b8adf906334db618fc868e23612223af5283e8dd9edd5
data/expanded_outputs/method2a/Q205_method2a_exp_20260413_155707.md,6705,80e2c652dc4e00b4a50e35264a1721b481cdbf307933e7e03705e7a8754aaf0b
data/expanded_outputs/method2a/Q206_method2a_exp_20260413_160013.json,37046,fa8331f8e7242c60d76b3145f8a3023f68f94a526d4813bbe4b3859e3410890b
data/expanded_outputs/method2a/Q206_method2a_exp_20260413_160013.md,5874,538f6e72d895060682889bf279528c7f51c7a9f2ac30570ff20f05ce45ef50e9
data/expanded_outputs/method2a/Q207_method2a_exp_20260413_160307.json,93680,d1ac09f6d2695f5c563bb1ea53cf81d9f10472f41a946c5e9bcc1ef82809793b
data/expanded_outputs/method2a/Q207_method2a_exp_20260413_160307.md,5102,fff4f2c614ae9c4739850f1dda726de075fe4f0a3538ebe11b81f30a4129c81a
data/expanded_outputs/method2a/Q208_method2a_exp_20260413_160557.json,34276,18696d56386fdfcb46cc4a9954ca49903b2d813606bc0f4ba19939b6fc33d60d
data/expanded_outputs/method2a/Q208_method2a_exp_20260413_160557.md,5463,6549bf62cb24cd947cb1637ac174a0d36df60e89c0f3675a8221e65ae3b4c2d3
data/expanded_outputs/method2a/Q209_method2a_exp_20260413_160836.json,19525,76a17826b5d011c0ae53fc8706820955867b33e38d6a3c768097bf0349da1dcc
data/expanded_outputs/method2a/Q209_method2a_exp_20260413_160836.md,6352,915b99398802dbe3bb5213130f0b21230ecdb1fe75356bcb2b7dc731825d5ca3
data/expanded_outputs/method2a/Q20_method2a_exp_20260412_234214.json,17222,1ce3cd3954f5d646524e7378250e8453377a75229124d0e6fe9007a8cc4cb172
data/expanded_outputs/method2a/Q20_method2a_exp_20260412_234214.md,5695,f9538a6dcadcefcb8151b0bf416187406c429c053bfd001e11033cb91865a051
data/expanded_outputs/method2a/Q210_method2a_exp_20260413_161122.json,47336,ed3cef2ea72f5ccc029332f282627527e78ff4fa2e842def6f62dca97bb18d0e
data/expanded_outputs/method2a/Q210_method2a_exp_20260413_161122.md,6869,46d318f7b2afad8be766bde006e71aab21ab9f4a722308c6987ad947cdc5f23a
data/expanded_outputs/method2a/Q211_method2a_exp_20260413_161402.json,38919,9b8ad31cce4913a9c8894132bd551b3974fda20d3480558605dafc454dda74eb
data/expanded_outputs/method2a/Q211_method2a_exp_20260413_161402.md,6335,48ccc0c10ff6e3c468605646f0b728f8a33e93d8317dd4b39d94bdc8a37b7311
data/expanded_outputs/method2a/Q212_method2a_exp_20260413_161627.json,79401,a54ab006351c3638f532e838c3f2429167907447e9207d72e351c400f72d21ed
data/expanded_outputs/method2a/Q212_method2a_exp_20260413_161627.md,4573,5b68d2491a4b48e22eac96f70e9ab178bd360bece61e164b84d46365640d7e52
data/expanded_outputs/method2a/Q213_method2a_exp_20260413_161909.json,33447,7b3b587fee5f5eac58c2132b4966b6cb4a9264492c5ccb0447ff3a1d282d54e1
data/expanded_outputs/method2a/Q213_method2a_exp_20260413_161909.md,5722,62df17a32916b962d1ee46554fc124f75cfcf07c6a63223faeb7f8bd59bb4777
data/expanded_outputs/method2a/Q214_method2a_exp_20260413_162156.json,59097,9b601882049b21425e3aa6c5c279b6c6a6a78eb36dd036880f75502ce4bec2a1
data/expanded_outputs/method2a/Q214_method2a_exp_20260413_162156.md,6102,b0fcac7cb4496ee170615a78728f51e0ac792befd328ef780a94eb41a611f01b
data/expanded_outputs/method2a/Q215_method2a_exp_20260413_162439.json,62917,a9153c4bd27b8259abc6944a9f27d913ba9d59a09cc290175f53b425812003bd
data/expanded_outputs/method2a/Q215_method2a_exp_20260413_162439.md,5999,ca722afeb330b49f00fd9b3c3205cd0173d384711ab776c82b1a477e85b49947
data/expanded_outputs/method2a/Q216_method2a_exp_20260413_162705.json,75853,60653bf4f4c8d8688dd28f6047cc367ca69177ea3967611aae3d480f743356b8
data/expanded_outputs/method2a/Q216_method2a_exp_20260413_162705.md,4760,6452fba3a0697052c7952e0fbda6961561cb016faa2d2570a82f557919b491fe
data/expanded_outputs/method2a/Q217_method2a_exp_20260413_162946.json,39850,90d68b71205b86b8c5be047aa66ecc9e1cc6e29987d4b000669c4bab31461472
data/expanded_outputs/method2a/Q217_method2a_exp_20260413_162946.md,6029,f19e9a047cb7a0f23fb1b2202ee0dce06179671f17ccbfe6266710d7d7d8ae84
data/expanded_outputs/method2a/Q218_method2a_exp_20260413_163238.json,25285,ad7c55f7d0a6429288c8dd6e568b69891dbc5520d23bd1482eece01c61664608
data/expanded_outputs/method2a/Q218_method2a_exp_20260413_163238.md,5460,8eef6ef9205bafa567659c018deed55827f549e8075c20468ee0b21adaf17896
data/expanded_outputs/method2a/Q219_method2a_exp_20260413_163540.json,42515,f672e5d984e6b77190313d9e92401967d81a0bea128f2f454d19b4a8de1460db
data/expanded_outputs/method2a/Q219_method2a_exp_20260413_163540.md,6099,e53d7a9953297a72a074cfe36453e979fd9ca82a663da97f0b278bd79e05d0d5
data/expanded_outputs/method2a/Q21_method2a_exp_20260412_234538.json,8983,8fb880ba5e2a4c06b215919f5b6eb935cc4e6c4685a72624c844940dc9f7ee97
data/expanded_outputs/method2a/Q21_method2a_exp_20260412_234538.md,6960,0cec9ca20825df004b8024303adfc7b05bfc111904a9e25d4ecd136652b186b1
data/expanded_outputs/method2a/Q220_method2a_exp_20260413_163852.json,84950,5770a052eca919c811eb2eb5b2ccf7cb3a22252eac6212b3edaaff7433e902dd
data/expanded_outputs/method2a/Q220_method2a_exp_20260413_163852.md,6525,e921245f741466dffbd2e6c6b0d37816e97885dc9d49cf88ce0e9f89299b7f8c
data/expanded_outputs/method2a/Q221_method2a_exp_20260413_164152.json,101575,0cd8c5a574fa5bdfc5fc2cc2b5fbbd092335cb845316d40251299b28e6f544c9
data/expanded_outputs/method2a/Q221_method2a_exp_20260413_164152.md,5861,128fd90b1183ae9d1414340ae8e7542028c1b2983692ecc6b553552733a4e1e0
data/expanded_outputs/method2a/Q222_method2a_exp_20260413_164503.json,72929,3a3a0f5558669fdea57f516822ad3a286d8391ece5855f6c1be1d7d87b79447f
data/expanded_outputs/method2a/Q222_method2a_exp_20260413_164503.md,6934,4ba44703b017e7ce8787e2259b662d0126cb9f3a63ca819677a322fdc9ae6449
data/expanded_outputs/method2a/Q223_method2a_exp_20260413_164803.json,76313,ca02c15f2ab05b6741ee601a319a53024051381eda19560127d0f336a13db053
data/expanded_outputs/method2a/Q223_method2a_exp_20260413_164803.md,6138,4d1e448f1b0851454b9599e2e798c10e482881de9855868edbb46861acc65806
data/expanded_outputs/method2a/Q224_method2a_exp_20260413_165057.json,64932,08ebfefc691808b76bad688f81831c12071ed703a86b3ebcb0a1d7c184aa2471
data/expanded_outputs/method2a/Q224_method2a_exp_20260413_165057.md,6408,36eefb01ab1620f0cd1c22a42d7c5d9f685d1640261ca1cb24477368cc21267f
data/expanded_outputs/method2a/Q225_method2a_exp_20260413_165335.json,69385,ee1f4149a9c3bae4795ba5e1a46ca5c4b9d48ef32f7508c0b803a304eca46255
data/expanded_outputs/method2a/Q225_method2a_exp_20260413_165335.md,5424,16c56015a907d1ac7854d6f844b952b19bb4cc0e05f4aed29d3a2b80f5092238
data/expanded_outputs/method2a/Q226_method2a_exp_20260413_165609.json,80852,a391625b1f59cfeb069ccd86c0b2360c318d907a7508d7c17732cbc23f14b488
data/expanded_outputs/method2a/Q226_method2a_exp_20260413_165609.md,5002,8f9b2d81b3ed28387346ee3c3110844aab5ab4806a11bc1b17f4925c3267bbc8
data/expanded_outputs/method2a/Q227_method2a_exp_20260413_165856.json,62810,311cb7f61f888b33c96501c7c3c8833f62db3bc23ead4853cc67ea5f6c6ac7f0
data/expanded_outputs/method2a/Q227_method2a_exp_20260413_165856.md,6917,efcd7a07ea6e62253cf72ed3a2092b0b2576918317dc6546c89b381318829f97
data/expanded_outputs/method2a/Q228_method2a_exp_20260413_170140.json,64258,99ea4204d5b84216775df695ff8d26849b13c2da85ce4c73d8c951672ec19df4
data/expanded_outputs/method2a/Q228_method2a_exp_20260413_170140.md,5896,8bc2ebdf5ce85cbf4e29f6153c3ec80de2d2bd2d60c18f288c8a58a33bb7ba54
data/expanded_outputs/method2a/Q229_method2a_exp_20260413_170435.json,33676,7d40d1d04fe6a4a8a7607a8e23020f131b0226a086e3f31237b591d696d28628
data/expanded_outputs/method2a/Q229_method2a_exp_20260413_170435.md,5347,f70777bc004647a9754bd5024bb5b4060bfe8777cbbf749fc7e29c024e9b1ba4
data/expanded_outputs/method2a/Q22_method2a_exp_20260412_234855.json,19349,a3a6f8f7369b765bdb2ecddd45599f92e655666f0e6a81d61879f5b457e0702d
data/expanded_outputs/method2a/Q22_method2a_exp_20260412_234855.md,6718,4c3959d1c38c315dada5ea6043162a7796bb3117afb3d92191ab3a850e1207e7
data/expanded_outputs/method2a/Q230_method2a_exp_20260413_170745.json,54933,4c49ca526b2494eb1c55145c27be9a26c36b8b3425f8b0f8153018fb52810262
data/expanded_outputs/method2a/Q230_method2a_exp_20260413_170745.md,7016,9d5a28a850b61af52d3d3382c29d666d697f128e9a2a7abbb7295de3ffc9c16b
data/expanded_outputs/method2a/Q231_method2a_exp_20260413_171046.json,101814,e75e610a95af3208f28c41b21cec4b461dacb08785657f060c2160f54efa4386
data/expanded_outputs/method2a/Q231_method2a_exp_20260413_171046.md,6090,e6289cfb741f25917d1923a122c3311f9d125b81a1ea529c5aefed588a925d93
data/expanded_outputs/method2a/Q232_method2a_exp_20260413_171340.json,31876,ce089d7bffce42bb9e5676954a0374a27e0be181ca380e21fd2d39e3f61203a0
data/expanded_outputs/method2a/Q232_method2a_exp_20260413_171340.md,5745,a3b3add0d8f716b5beeed1faba92f368e9c6f3e39d97ffdb15fa8e311baf77d9
data/expanded_outputs/method2a/Q233_method2a_exp_20260413_171619.json,27697,48eda340e31437f5776f55cd6c0e8deea6ca70fdb7ef1ef4e319f40842e939e7
data/expanded_outputs/method2a/Q233_method2a_exp_20260413_171619.md,6028,612ec9adc0222819d45df62e940d197680310f12df46f422a416b1700c41629f
data/expanded_outputs/method2a/Q234_method2a_exp_20260413_171859.json,51918,0b5eb4483f9032215d97faccdb134da7e3f53dc7b243b295233250ae8c9cb505
data/expanded_outputs/method2a/Q234_method2a_exp_20260413_171859.md,5478,b6677043390ebd75df9cb866736b713cb009f2fd45dbb121d58bc106b3d24f68
data/expanded_outputs/method2a/Q235_method2a_exp_20260413_172138.json,91448,80709921e25fedde6ed650106147e7fee9d388a04ae4710eaf6175f69691d557
data/expanded_outputs/method2a/Q235_method2a_exp_20260413_172138.md,6569,2dad06fbb6351d06293af306ae3db2e1e3ca2856c90d30f620c26bf81e35b11e
data/expanded_outputs/method2a/Q236_method2a_exp_20260413_172427.json,100535,0fb878146e77ef744ccf3163d7f8c2de0565f954da9368348a9a3c77309f167e
data/expanded_outputs/method2a/Q236_method2a_exp_20260413_172427.md,6624,dc5007481e575805086369eadc83bdcf274af0da34165268c05615544e06de61
data/expanded_outputs/method2a/Q237_method2a_exp_20260413_172711.json,34916,33efde6387e420adb55662d7049e8fe89b6d0fb8e6d01810c9387db6efe32f1c
data/expanded_outputs/method2a/Q237_method2a_exp_20260413_172711.md,5221,4e291df3ab7def7c4f25dd9fb1cbe79ad298481243f7c95e939f765d03c878c5
data/expanded_outputs/method2a/Q238_method2a_exp_20260413_172956.json,77866,6497c40bc7a34ef351df1fa791617906a5805c90b7843b9d1453c5534df43074
data/expanded_outputs/method2a/Q238_method2a_exp_20260413_172956.md,5852,54d8c92cf7f9fe1ff64fa3bf717698ca6bd2599e45d7bbb2a30019c67cac887d
data/expanded_outputs/method2a/Q239_method2a_exp_20260413_173239.json,31938,c5417965121d35a51dd106d2f409f6b932532a1703ff4908f351ead483613aa5
data/expanded_outputs/method2a/Q239_method2a_exp_20260413_173239.md,4264,b80eb855874907c792f8aeebc33912def249a874099089cdede8ca2bce1d7b8b
data/expanded_outputs/method2a/Q23_method2a_exp_20260412_235139.json,8995,70e6325817b47f9225121b45fbbc26a56241dda4125634b35164ce78c5451b0e
data/expanded_outputs/method2a/Q23_method2a_exp_20260412_235139.md,4914,172100181f648edab90b9d177776467bc480799ebd6f328b3a726795acd38211
data/expanded_outputs/method2a/Q240_method2a_exp_20260413_173534.json,63477,7f7ac3e0ecbc912cb81778db7f84b8d732d1e68ab66f4da19bd60dd9b302bdcd
data/expanded_outputs/method2a/Q240_method2a_exp_20260413_173534.md,6720,75b6ecbf5f27bc7022dd8f092478dd80c6dd69ae7bed9d9b3b43eeff06d537d7
data/expanded_outputs/method2a/Q241_method2a_exp_20260413_173819.json,37623,415ec1d6d51a1d0b4f10654eb1d72c47b172cef438c3d8623163cf9cd783d7c2
data/expanded_outputs/method2a/Q241_method2a_exp_20260413_173819.md,6185,7c8d93fb005efae4613127a958d3fec40331bf95a98dba7572bafecc35204fe5
data/expanded_outputs/method2a/Q242_method2a_exp_20260413_174105.json,208979,73e4d9f33743e3cc0b05823de3acd19c7e11ae52f710a61d8f7585af58318009
data/expanded_outputs/method2a/Q242_method2a_exp_20260413_174105.md,6283,11fc8940dfcc98876cefe31bae6d898f5e1acc4d97c5191223f83182be73e0e1
data/expanded_outputs/method2a/Q243_method2a_exp_20260413_174341.json,81428,a4cfdd9fafe81cfdeb34982addcdda2e9a837286779dba68b66dcdb45df13e0c
data/expanded_outputs/method2a/Q243_method2a_exp_20260413_174341.md,6430,57be2187b00679d2b3638ea5bcf5fd996e35770a61b7100f7637d566dc0bee44
data/expanded_outputs/method2a/Q244_method2a_exp_20260413_174616.json,48475,d9a3c36d28423329f2e96a297fce58b0cad0df4bb2baca2c85b6bf9b9bb0e5bc
data/expanded_outputs/method2a/Q244_method2a_exp_20260413_174616.md,5867,e1abcb6a955a07864a1bb881f913062bc0ef7204c626704bf21bb4e21e4db460
data/expanded_outputs/method2a/Q245_method2a_exp_20260413_174855.json,23175,dd47fcecbad940769c1f5c97e18c5f4fdbba036e56f28e39166336fc4bf0d650
data/expanded_outputs/method2a/Q245_method2a_exp_20260413_174855.md,6121,6ac76805a22bcc74941fef4abe04208d8d79223d8e91cdb97239c30dd64543c1
data/expanded_outputs/method2a/Q246_method2a_exp_20260413_175132.json,74932,bfa9ef7c6d90b62d1c1a303414ff7d8e6167c568045f0609a1ae934908dffa23
data/expanded_outputs/method2a/Q246_method2a_exp_20260413_175132.md,6225,a592c6ed6d3142bb3bfe70c36dda60f252cba1b24a48259d0e2309977c1d20f5
data/expanded_outputs/method2a/Q247_method2a_exp_20260413_175421.json,20614,eafdb78c4d39af1350771fb61deab02aba8114d21b63dd3e7c9956ff35f5e2fa
data/expanded_outputs/method2a/Q247_method2a_exp_20260413_175421.md,6668,5ddea797e3afa1af1521cd0ed7f7236e86787b126ae3a0edbfe4fe4ea9897345
data/expanded_outputs/method2a/Q248_method2a_exp_20260413_175710.json,33684,c82232810e8a504734d8c125219530406f5d5184425b9baaf0b3d70942499a99
data/expanded_outputs/method2a/Q248_method2a_exp_20260413_175710.md,6080,95896f0d2530b70821ccb901af841fb8233c82129d68d25093c9ab29a29d9e41
data/expanded_outputs/method2a/Q249_method2a_exp_20260413_180004.json,50829,356829bfd34e4c5931ce72f1acf48f79da86f22f6fac13a2dfe45ce796d9f3a3
data/expanded_outputs/method2a/Q249_method2a_exp_20260413_180004.md,6435,eba46dd76248bafc35f533fa3f89cb5e04ecaa6835af86995473d5506db874a3
data/expanded_outputs/method2a/Q24_method2a_exp_20260412_235425.json,14491,f9f7d60e230692728969f6e164b8add952143c7dcaa410946697de6627c269ef
data/expanded_outputs/method2a/Q24_method2a_exp_20260412_235425.md,5089,fb9d8773e89dd37f90c9878fc3a8564ce1805f4e6bc31fe5ed6332aebe0f1b8f
data/expanded_outputs/method2a/Q250_method2a_exp_20260413_180259.json,50413,a1cc0c8e96a9e9e5ee20558b1e6b304b62fb8cb7865e5b5bd49e4df857d1d75b
data/expanded_outputs/method2a/Q250_method2a_exp_20260413_180259.md,6814,67a3b904b7ac9da6bc90f473795f95649f2e695eaf8fc1e7a245c3a224cc7f94
data/expanded_outputs/method2a/Q251_method2a_exp_20260413_180541.json,56499,b85cbc8abdadde18d816907da94c1291dd9306a474bf489b8c180cc02d71f7bf
data/expanded_outputs/method2a/Q251_method2a_exp_20260413_180541.md,6862,3cfbb5f981db06d57d3c35357b22ef249fd1b91ee3568abe6880ac5cb549389c
data/expanded_outputs/method2a/Q25_method2a_exp_20260412_235746.json,17231,1598fb9de8d5e585b54ddbe2bb3e5653ee82a8dd85155aaecc174bd7496c7246
data/expanded_outputs/method2a/Q25_method2a_exp_20260412_235746.md,6261,570626df1d21efe370b76eeb986e4d5ed01f13580c17b264d452e70787879ddf
data/expanded_outputs/method2a/Q26_method2a_exp_20260413_000054.json,14109,9305993d162614b3d5b7c5c95cd413d5143d6ba19b442f3205fdbb80e0415b92
data/expanded_outputs/method2a/Q26_method2a_exp_20260413_000054.md,6671,742a248345236748a1a7e0ba505f718c8662258b5147195b46174538ada58520
data/expanded_outputs/method2a/Q27_method2a_exp_20260413_000411.json,21246,cc8d6eba35320241cbb44278dccfdda9a8463222aa927b96315a2a314f479cbc
data/expanded_outputs/method2a/Q27_method2a_exp_20260413_000411.md,6797,2f9192c5df80d80eea490750c67675e750fd1c3680e0c54cfae2bd1a83956717
data/expanded_outputs/method2a/Q28_method2a_exp_20260413_000739.json,18939,ad3fe512b8001f8e62f8059214148b67f048938e66d3eaa9e8eda070743150c0
data/expanded_outputs/method2a/Q28_method2a_exp_20260413_000739.md,7666,9bd88af953d2ce2fd22398067b36f18f36e4fdeb4f6403f3613b833851023146
data/expanded_outputs/method2a/Q29_method2a_exp_20260413_001056.json,17210,65f5655477fe5de2aac81f6b85d9462da79d19729eccadf146555564f2299025
data/expanded_outputs/method2a/Q29_method2a_exp_20260413_001056.md,5691,8840beac44870f12ae61b195b649af63bcb2ef1be835eac168d2ef80eaa7931b
data/expanded_outputs/method2a/Q30_method2a_exp_20260412_224936.json,19551,d3efefd2923d12a017035e71136a270cfee0aefa501bcca509b01d57c670bb5e
data/expanded_outputs/method2a/Q30_method2a_exp_20260412_224936.md,7089,aa7e81490c782a591066af2bfa78d45801bee437b5fc1549e7ba31d61119060f
data/expanded_outputs/method2a/Q31_method2a_exp_20260413_001424.json,17252,18cfb52ec805bdda31f7b1067aa289046002f1aa28f1b389ed65ea1c25b1f2bc
data/expanded_outputs/method2a/Q31_method2a_exp_20260413_001424.md,5041,b11be23ee90090d4d2e72305a2c44a23d6bc7c389e277f3a406a7c71cb6ce819
data/expanded_outputs/method2a/Q32_method2a_exp_20260413_001725.json,17252,e9517f7e848b968c862891728f16e3c5c7a7f2f267234eae66df675cf1573489
data/expanded_outputs/method2a/Q32_method2a_exp_20260413_001725.md,5787,5b386a16236ba6085edf1155bf796da27258441790ed1194f94d2d0c5bcc195b
data/expanded_outputs/method2a/Q33_method2a_exp_20260413_002016.json,14167,dcd8fd483d1cc5b76baf11bfae9313a884e54b335a5b358555139aa59a1532d4
data/expanded_outputs/method2a/Q33_method2a_exp_20260413_002016.md,5269,4ecdc176e5c5d8c75b97792f32fa506dd301b5d5c7ae7aa036f83995dff442c9
data/expanded_outputs/method2a/Q34_method2a_exp_20260413_002307.json,17249,2bbcfdf035a7168001dc339c97bbdcbb0590780e720310457c63a42780071854
data/expanded_outputs/method2a/Q34_method2a_exp_20260413_002307.md,5516,db6af9aa6ab23d2d4644ba1472a30279b9ad8fcdc95450d2ba48503e96b6d49c
data/expanded_outputs/method2a/Q35_method2a_exp_20260413_002555.json,17246,30122f9c45ad73e805bc92979a3e7c2558790d0f8279cef3af4772f8f05c3e15
data/expanded_outputs/method2a/Q35_method2a_exp_20260413_002555.md,4313,eae4c0131f40730fef78db50fae338ad8a4dcd0e97e7208e7e7458f141bd1fef
data/expanded_outputs/method2a/Q36_method2a_exp_20260413_002817.json,18467,59a48843e78b0ee668797844a092c011c4ae05a5c81b41f8c9f1599ad264f379
data/expanded_outputs/method2a/Q36_method2a_exp_20260413_002817.md,5460,07d493f338201acd8d8044fcd60fe6e8bcc96bdbc208d0eba20ca55eee93ea00
data/expanded_outputs/method2a/Q37_method2a_exp_20260413_003134.json,31035,10befd6df9da31e24d7b3d9586318538b2a5c9a7d372df7bc862e7234cef1731
data/expanded_outputs/method2a/Q37_method2a_exp_20260413_003134.md,5774,665ff89ab99c3141d11f37868c765a35ed53bae936b03be0a3ab40d771514561
data/expanded_outputs/method2a/Q38_method2a_exp_20260413_003431.json,23550,b46a6de4c8397cd25c40b06a0c1353e422884bfe77a37d15cd411b9ea63a2c18
data/expanded_outputs/method2a/Q38_method2a_exp_20260413_003431.md,3861,e060a92d3e544bc2fea3b1e4a38baea0a0aff02e8c3b3d4bf004841c3375d3dd
data/expanded_outputs/method2a/Q39_method2a_exp_20260413_003814.json,19505,9b557f0fd361cdbb12625b9a41d2cba39b083cd55714a7db361bbfd14cea8ec1
data/expanded_outputs/method2a/Q39_method2a_exp_20260413_003814.md,7994,3fdb47a188cca3bb611f3dcde13ff3fb173ec006869e29067a3187ede8521b17
data/expanded_outputs/method2a/Q40_method2a_exp_20260413_004053.json,45281,9ce129ce17aef9538f43b95b1507b6aa6658e69ea88a4834b36702dc026e4280
data/expanded_outputs/method2a/Q40_method2a_exp_20260413_004053.md,4031,da2751b90814576ea71f631ff46fd43f5f2f9908e5f9347eaa44fdadb5129f2d
data/expanded_outputs/method2a/Q41_method2a_exp_20260413_004328.json,14160,206c4f60728c02f8c069ed61d03f959995387f71e214568eea366f0d102f4b8a
data/expanded_outputs/method2a/Q41_method2a_exp_20260413_004328.md,4294,5206c1c062f0cefb61ae4ae5278d1a5132d3a26347f9dad3bc7b6ec874b00920
data/expanded_outputs/method2a/Q42_method2a_exp_20260413_004635.json,19550,e218a751df320f2f7f06a04a8bc6fcf12343df4cea6de8d3e90cffb421192890
data/expanded_outputs/method2a/Q42_method2a_exp_20260413_004635.md,6231,0d13dd5628f1ca17377c1e6041cf192da00d43ed878f535d8c5f14b9a4025848
data/expanded_outputs/method2a/Q43_method2a_exp_20260413_004932.json,17237,29583c464e96cf2910f7c709951d363f3473881330cf520b045ea476167575f6
data/expanded_outputs/method2a/Q43_method2a_exp_20260413_004932.md,6126,7101642ac1c0449b04aad7437fc89e078b2b02cd2dcf6c4dd5838418a70d2cd9
data/expanded_outputs/method2a/Q44_method2a_exp_20260413_005231.json,20252,21caa6e6e050fbf5c4f2663d8ac9ce563ceddc2a22f04290b7bceb8d372176f7
data/expanded_outputs/method2a/Q44_method2a_exp_20260413_005231.md,6595,dd76bb7da6ad97c1e32827f0c852a0a82144b282af3a200879b5ee6115badb6d
data/expanded_outputs/method2a/Q45_method2a_exp_20260413_005526.json,7757,08ca98acb4d3a3a113a7cc59470c4035f986de1c9f125582deaa4811e9a3e017
data/expanded_outputs/method2a/Q45_method2a_exp_20260413_005526.md,7151,792f3f73257bbb6f0885cf7af77cc3eb9a7e5c65290f35914c585d93012059ab
data/expanded_outputs/method2a/Q46_method2a_exp_20260413_005813.json,17243,e42cef0eb941af702ba6540168ec0419c5e0b2a4c9ee066015212e2d8c3c413a
data/expanded_outputs/method2a/Q46_method2a_exp_20260413_005813.md,5498,ee9a8ba0939761b2f1935828691dc730a14cef0de455e45df4f84f6b1be05da1
data/expanded_outputs/method2a/Q47_method2a_exp_20260413_094750.json,17243,173c2ab40a14832a305fa1a10cd056d8015c0d7cb751ddcf37f6aa57a039c864
data/expanded_outputs/method2a/Q47_method2a_exp_20260413_094750.md,6539,698418a73f96ee8aa28d474853f1add061387aa1e4ba783e7c0c99fca319025e
data/expanded_outputs/method2a/Q48_method2a_exp_20260413_075250.json,17231,c8435bc6eba38e0c0632527f658fe5179bd8011c0d8c158eae52280de710392f
data/expanded_outputs/method2a/Q48_method2a_exp_20260413_075250.md,4510,bb59a677b0183fc430f1795838aec92f39d0f8d3707d311cd214ca0df407a3ad
data/expanded_outputs/method2a/Q49_method2a_exp_20260413_075547.json,18138,b29b109cf86d6336895b28efa59392a90c0e351e74fa5b1f21550d064ec96683
data/expanded_outputs/method2a/Q49_method2a_exp_20260413_075547.md,4719,6a047c0dc2eff7dd4a9a0fee4df9da59c89f1b3b72acbb537712da54525feff0
data/expanded_outputs/method2a/Q50_method2a_exp_20260413_075756.json,17240,e1af426f99534ed25a652bd7bb7b23fd65c3a7d52461c01bcdd1c804f09bfe30
data/expanded_outputs/method2a/Q50_method2a_exp_20260413_075756.md,5805,3cc11dc682b5235c824bba84ca62e159327e785e4fbcc205b0777507882bff27
data/expanded_outputs/method2a/Q51_method2a_exp_20260413_080024.json,15808,89b7bc7421539c9bba5a54b913d8ef5a6a941b3c0bcf2b79b411eb4f7afc58c8
data/expanded_outputs/method2a/Q51_method2a_exp_20260413_080024.md,5716,0161dbe53a0e4233ccbcc2dcd4a99cfd12121c4a031c0b18d0603d8475c72de3
data/expanded_outputs/method2a/Q52_method2a_exp_20260413_080237.json,10255,8d03a5228835c36be3b0fd6c8bc4c6f574750fefdbc3dd3fc62e7f30464c07d5
data/expanded_outputs/method2a/Q52_method2a_exp_20260413_080237.md,6003,22839a301aaea9177b67dea47022dd6a5a750542f5069bff69d5f4af916b6992
data/expanded_outputs/method2a/Q53_method2a_exp_20260413_080507.json,10775,345e66ba393f965d2d1955246956bbf48fef76af02e50a9e9d4ebe54bf21eaf6
data/expanded_outputs/method2a/Q53_method2a_exp_20260413_080507.md,6427,dbd4adb72f4fdfa5652b9ee1d21c18224e2f1d673504028b95da3b175c35618f
data/expanded_outputs/method2a/Q54_method2a_exp_20260413_080753.json,9001,7dc01cb538158435c12aa280571b0b0b491436734861cf3be33b8ae69584b1e0
data/expanded_outputs/method2a/Q54_method2a_exp_20260413_080753.md,6055,e5c863a48b0fe73e548d6f66110b4491b20c9407235308680c5a4ff25bb0d9e1
data/expanded_outputs/method2a/Q55_method2a_exp_20260413_081023.json,10647,7c316d316a9b9e8b84bf4eacb7a4bb10a806f1b6171ddf2e3df332cfb94afc24
data/expanded_outputs/method2a/Q55_method2a_exp_20260413_081023.md,4914,5403e1697be737646a1718a011ba039f9df02889f6c47709f23f097b10f0584b
data/expanded_outputs/method2a/Q56_method2a_exp_20260413_081310.json,31654,8f495d72c107f75e1007a8eb514a671966ee145f4c8b6a54a0b2f35364a96c0d
data/expanded_outputs/method2a/Q56_method2a_exp_20260413_081310.md,4581,8224f976e5e225e4b48336a26782bf774a4d93149ede6ddfcba7ee7ef63f553b
data/expanded_outputs/method2a/Q57_method2a_exp_20260413_081604.json,16507,1230fcbff587b26f2270485959aafe36ba2d7891189dc96f2e515c8966f2c96b
data/expanded_outputs/method2a/Q57_method2a_exp_20260413_081604.md,5410,b74a8a88b793893577834bbecfedce73103fdf5befaefc4e6c3013989ef9443f
data/expanded_outputs/method2a/Q58_method2a_exp_20260413_081830.json,19535,013f9584a880f857a62169ff921129d0f8e2b0df34cdaf699745cdbb7d41bd0d
data/expanded_outputs/method2a/Q58_method2a_exp_20260413_081830.md,6127,9826330dd4ea31b28d706b5aff91cce07783f33a78523984368250220ab2abcb
data/expanded_outputs/method2a/Q59_method2a_exp_20260413_082023.json,7755,8342102dd9526070b2fbe2d5654ba6447378f595306a3ba5cc431ce7ede37894
data/expanded_outputs/method2a/Q59_method2a_exp_20260413_082023.md,4498,b9249d72d7179571eb6c579f8775e2580989f969465b8cb03602a2404b6ea416
data/expanded_outputs/method2a/Q60_method2a_exp_20260413_082243.json,18701,5472745cfd912a1f8e4dd99edf0ca33d756cb7b84e7f064cdb1abeed86ac2f91
data/expanded_outputs/method2a/Q60_method2a_exp_20260413_082243.md,6040,0aa0ab7ce8d2c780c0d588f7044d6402fccbd00895f561c15c4bba269aea321c
data/expanded_outputs/method2a/errors.jsonl,4039,0641811cfa4afc6b5110f90f63cfcc078706743d6aaf6e5d5f1956e3b773bba8
data/expanded_outputs/method2a/metrics_summary.json,279,a336ff806fa051eeb0ad63fde4cb9c266148493cfc04b3bc1986c26d3ce1b1a8
data/expanded_outputs/method2b/Q01_method2b_exp_20260412_225225.json,17233,05b2a037b55994d6179264fcc44e4a3173c4f66a257075f33dd838d1b856b5e4
data/expanded_outputs/method2b/Q01_method2b_exp_20260412_225225.md,5711,2d35463d31d12ded37422ed26c2174bff4688667f76c8ab258092c129c179f9c
data/expanded_outputs/method2b/Q02_method2b_exp_20260412_225529.json,17227,068a7d146886d1dcb13c6c7c0947055ab80c72d77b0de8601130fc6b69827df1
data/expanded_outputs/method2b/Q02_method2b_exp_20260412_225529.md,4323,f0b11918170f82171cabf18a843aa4c7bc7d78ce9a0eb0292ca84a149f095aed
data/expanded_outputs/method2b/Q03_method2b_exp_20260412_225850.json,17245,842067d50523c0d8263bba614c2349c0f957d080ad2e2674b6245868f3af5e16
data/expanded_outputs/method2b/Q03_method2b_exp_20260412_225850.md,5295,2fa7514dfd07e20f11dac473d8a5b2e691a3f87ce499c72a06646d4ca42a0849
data/expanded_outputs/method2b/Q04_method2b_exp_20260412_230226.json,15785,a2ca87489e8a328ef811be6c2521def8edf6b253ab5f482073bd0b8e24dc78c8
data/expanded_outputs/method2b/Q04_method2b_exp_20260412_230226.md,5466,0a82bf76857ad70fd1cd979e6133d7aec4d44735366da74aef8f2fe5b1164f38
data/expanded_outputs/method2b/Q05_method2b_exp_20260412_230553.json,17209,fc5db23d34f6823e516dc623c592bc09dddeda8f7889efd3fed6ab1e82a89ccd
data/expanded_outputs/method2b/Q05_method2b_exp_20260412_230553.md,4419,814cc36122a87c36b86bd15bec65a1cb5be119d3832a2ef5deb89da1f8931394
data/expanded_outputs/method2b/Q061_method2b_exp_20260413_085952.json,17240,f89f4a0aa1169db9b588d87ba12e05f1e29115bba2180fb1973a0a2bfcbb905a
data/expanded_outputs/method2b/Q061_method2b_exp_20260413_085952.md,5267,bfd5d220566cfdb5acb591e4bf141f2febd4d07b9135a72408af59f36bc0141f
data/expanded_outputs/method2b/Q062_method2b_exp_20260413_090336.json,17234,cdf0ee7edceac3a96e109b684899bfe18a5cfe97d4686531211fb208407843af
data/expanded_outputs/method2b/Q062_method2b_exp_20260413_090336.md,5714,0346f8e2014926cb8168664f62c8a91cf0edea58fdf5c83c71c8eb73571b20c7
data/expanded_outputs/method2b/Q063_method2b_exp_20260413_090630.json,17243,1081017955e6e76a42865789ca0ba83bb0693b937d66665c7adadb90a2d3e34f
data/expanded_outputs/method2b/Q063_method2b_exp_20260413_090630.md,5289,1c44025ffe5e9bfeca6bd0ea791d2cc8c57550c3e4f0f93965f741df7ac3018a
data/expanded_outputs/method2b/Q064_method2b_exp_20260413_090950.json,15959,b3d14cb0d6f00dd1d838ba6144c88f22f539659d944ec2c05e8661fc7f8527f3
data/expanded_outputs/method2b/Q064_method2b_exp_20260413_090950.md,6500,0165302d0c572bf3c617c52dd361df7098eccf63c29ad2ae17d3f232162942c9
data/expanded_outputs/method2b/Q065_method2b_exp_20260413_091304.json,17007,bc96250197cd4ee869d4105cc960ce930e8ba2798e69a09fc876800337ef973a
data/expanded_outputs/method2b/Q065_method2b_exp_20260413_091304.md,5597,fb0d23a680de7e29a52eb3d9e0b5b96b8c20ba8b24995d9078e0c90b24ffbede
data/expanded_outputs/method2b/Q066_method2b_exp_20260413_091635.json,17243,dfa3448e2157f4bad0b0d553bffceaea4d58db42de3ab9cb90dc18a9c8241413
data/expanded_outputs/method2b/Q066_method2b_exp_20260413_091635.md,4865,fa0736bd07633b1876f9373ee10705e5742f0e572ebdbac7766ae579d1bf2166
data/expanded_outputs/method2b/Q067_method2b_exp_20260413_091952.json,18194,635d378e35d2fa9a0a7b264b3fd29d07f4ae9d8d8607376b8fd34f36cc6ebe18
data/expanded_outputs/method2b/Q067_method2b_exp_20260413_091952.md,5489,9d859b0c8924da394a7c882a2fef49ed4618998b2d9f90514c9becae0c375433
data/expanded_outputs/method2b/Q068_method2b_exp_20260413_092322.json,17249,58e18ef8472311eb2911b8dfaa308ce1d1678df4835bb30fdae4bdc2069e933b
data/expanded_outputs/method2b/Q068_method2b_exp_20260413_092322.md,5963,2087d0d53eb8fa0d0f0615f0f36ce829591ee7221752fddcd6e3cd56515e9ec9
data/expanded_outputs/method2b/Q069_method2b_exp_20260413_092611.json,17240,13b0bae54f1ab05fd91eff0f59a3f6d479753f57115c6f30bc5f3e947f6ecdf3
data/expanded_outputs/method2b/Q069_method2b_exp_20260413_092611.md,4116,60d4eeac8b85121b7b09133a78358d52928aac6d2d1aa2ade04b16965b08c987
data/expanded_outputs/method2b/Q06_method2b_exp_20260412_231045.json,21469,6a2f7d036e80f38fd3c8ef2713f8ff63587c0e8e219d3cf578deecbcd6773f5a
data/expanded_outputs/method2b/Q06_method2b_exp_20260412_231045.md,6840,18b915ccfc2a5ae5c93a84b82b13f2ef3ee618e488171cb95f4e31d1be108735
data/expanded_outputs/method2b/Q070_method2b_exp_20260413_092904.json,71231,ab2bef5bd68a9c37af7ee04bfe10a044852022ba3f3bf312b22a9bf34c12b3ee
data/expanded_outputs/method2b/Q070_method2b_exp_20260413_092904.md,4899,ec1c325629425fc97deba9bf653f83464b4db323d3f3ecc3b5e2e8a6c8e004e0
data/expanded_outputs/method2b/Q071_method2b_exp_20260413_093223.json,46815,3ecb118cc7f27c05766efd33e3ff45bb5abcf56cc08210d981bda15131dd0670
data/expanded_outputs/method2b/Q071_method2b_exp_20260413_093223.md,6359,70a84b0baf95fe937fd51df04ace1375c212f8579eb4647e0fe785909623c9da
data/expanded_outputs/method2b/Q072_method2b_exp_20260413_093516.json,10751,88e1fd655188989914181127acbe0273a2c6065a865916f2e085c9a3ac8fd1a5
data/expanded_outputs/method2b/Q072_method2b_exp_20260413_093516.md,4875,9169fbc599ca3775dcdde5e6b72485d88629aa816e97d1eb545393a981558e8b
data/expanded_outputs/method2b/Q073_method2b_exp_20260413_093729.json,17276,d8724b96ae0863f47910e7583350a10c9bae3625a005aeb412ee187d41404c52
data/expanded_outputs/method2b/Q073_method2b_exp_20260413_093729.md,3538,b9ef738cbbd18129dba4e96d37f73c3e4f6dc15659bb77f80138c12728870fff
data/expanded_outputs/method2b/Q074_method2b_exp_20260413_094007.json,158345,dda1c10380367db80c25930c9a583e185a33ca9b266f48a8f616860277570cdc
data/expanded_outputs/method2b/Q074_method2b_exp_20260413_094007.md,3661,5a762353ea0d8a959bec54aea58585800e310792e3345e8cb4f9fb45edd2e940
data/expanded_outputs/method2b/Q075_method2b_exp_20260413_094337.json,20889,e87a3b812fdba43e60c56bdce10ad344f3e669232ca7ee3a7f5bcb7ea849a2d8
data/expanded_outputs/method2b/Q075_method2b_exp_20260413_094337.md,4200,ff936070e588c57a6bd23726748860a53e2758b0f75072ca63b25f5dc88dc004
data/expanded_outputs/method2b/Q076_method2b_exp_20260413_094647.json,25279,29d4d422765008f0cd4bf8a464711df9e39fc51f02707198db175df5dd896379
data/expanded_outputs/method2b/Q076_method2b_exp_20260413_094647.md,4117,cd5facb9502108361c6cc763a9a6c2f0bdcbbb40ba0bc0e0530b68cebd5e76af
data/expanded_outputs/method2b/Q077_method2b_exp_20260413_095150.json,17245,d53a7393967923276f4402ce8f0143ad20394337d690a71bfb0965e50da3d32e
data/expanded_outputs/method2b/Q077_method2b_exp_20260413_095150.md,4206,e582dbbe8a888081c761b721d3c8d4349ac44b3e4307988bc1c6865641aba7e7
data/expanded_outputs/method2b/Q078_method2b_exp_20260413_095303.json,18253,e8011b039fc871fbaa00f52be39b31b4b95f58bb4d887e5838438fddfd6cbe5a
data/expanded_outputs/method2b/Q078_method2b_exp_20260413_095303.md,4614,fed490e2f98323fa2823180085d0fb8a527c1943b2bdb5cbe73ea59d129a31ff
data/expanded_outputs/method2b/Q078_method2b_exp_20260413_095441.json,18253,166614793e40bbaa266417f986bd102d6db2474b3dbb177d41d600b8a77f8218
data/expanded_outputs/method2b/Q078_method2b_exp_20260413_095441.md,4868,e6149f273f22239131dec237c975d6b06da07aae19eb4315cde377f3ac8860cc
data/expanded_outputs/method2b/Q079_method2b_exp_20260413_095547.json,17267,4532c6bf163c43ae9dd3570e7133724717e1122b3ed67054733ec19a036a0bf5
data/expanded_outputs/method2b/Q079_method2b_exp_20260413_095547.md,4896,e4ef72be024c7462d6cc20308646aaebcd03cefcb8a6d8e69e2ef1e5fdae1e35
data/expanded_outputs/method2b/Q079_method2b_exp_20260413_095726.json,17267,bd2415fd7f3b56183e70f4c8ddf9ea7e72fcd95f1a52584c1b4ff2ebee2e3b9b
data/expanded_outputs/method2b/Q079_method2b_exp_20260413_095726.md,4597,b175110390feab83abe66539d2c8dd4883be203e91f5366604ed1898af07907c
data/expanded_outputs/method2b/Q07_method2b_exp_20260412_231413.json,7754,d10c52f2eaaf7fe13e08ac41789ff4563cd1e3e5cf6d1da8efa66152546d9a34
data/expanded_outputs/method2b/Q07_method2b_exp_20260412_231413.md,4475,db4d2241295657f3618baea4e60b6c729c7e32a5bd87477a31fe79eb6779d37b
data/expanded_outputs/method2b/Q080_method2b_exp_20260413_095855.json,17249,524b3f8f10ef63376591144b34e526748bc72f5405c969e4a855ee9f8b90e470
data/expanded_outputs/method2b/Q080_method2b_exp_20260413_095855.md,5143,9882082ed2bdbef4a0dc8d967898e04ede4f44951f669f44bb07126fb19508cc
data/expanded_outputs/method2b/Q080_method2b_exp_20260413_100021.json,17249,4a915c686b16823d8d9e4a04770be99169bdb235b524781d364603eb7b45c9cf
data/expanded_outputs/method2b/Q080_method2b_exp_20260413_100021.md,5134,2f18624690f0a38c829fdabf0ba4c9d2871351bdcb92d5e813653b0f43baaa41
data/expanded_outputs/method2b/Q081_method2b_exp_20260413_100153.json,17249,0da8f14947dac0a39d6be57636a3e0e394dd3c117c137e592043f3c9f08a6343
data/expanded_outputs/method2b/Q081_method2b_exp_20260413_100153.md,3799,249e78deff2ad7683724715e0ed71b1da232743f22fac5ab69b27083eceadeec
data/expanded_outputs/method2b/Q081_method2b_exp_20260413_100328.json,17249,9f73dd5852a98be9e6023b78936dbdc289cc782f715ef552797523706d9b356c
data/expanded_outputs/method2b/Q081_method2b_exp_20260413_100328.md,3817,78b5ffca307d965425f258893130d67cbfb795f9fdbed02d3f05449132f5a827
data/expanded_outputs/method2b/Q082_method2b_exp_20260413_100523.json,35341,b9300c0123cec0c0973271f11a6ded6e379aff73d7ebf597094df4fb219bb0e6
data/expanded_outputs/method2b/Q082_method2b_exp_20260413_100523.md,4997,3e251cc34b720f97d24049b4a09bf593d98dbe6dda02ae024f52c165156764d3
data/expanded_outputs/method2b/Q082_method2b_exp_20260413_100654.json,35341,4b40ff47f7dadd4e908908a12def713ab173820ae50940772ac84b266baeff67
data/expanded_outputs/method2b/Q082_method2b_exp_20260413_100654.md,4709,9f08d1f6cd8aba5d3e612429746626201630e6da415af772d024c49b8ce30104
data/expanded_outputs/method2b/Q083_method2b_exp_20260413_100925.json,15344,b718738ac10112de40e5f6fe761d4b1da954bf3f53d04dca7b94c254398cbe38
data/expanded_outputs/method2b/Q083_method2b_exp_20260413_100925.md,5319,e86e808d0497558cec4ff30115586a6003e2f7eaab03613009290e163b676aae
data/expanded_outputs/method2b/Q083_method2b_exp_20260413_101035.json,15344,f2c09f9ff04d6cde37ebb1db051d677113a05c93e11a085d35b343e0766a7559
data/expanded_outputs/method2b/Q083_method2b_exp_20260413_101035.md,4525,392a41ee9aa670c95dbed2ddd226924650943acade6a60c6de1bb605e5566988
data/expanded_outputs/method2b/Q084_method2b_exp_20260413_101308.json,17276,4341e0831853fa07399228806b7b8bfde038339a2039714aeb56dcdd0ce8ceb6
data/expanded_outputs/method2b/Q084_method2b_exp_20260413_101308.md,5265,884639883954bfe88e077acedc24b6d965c429a9cb20d810c3e28e34959eda03
data/expanded_outputs/method2b/Q084_method2b_exp_20260413_101415.json,17276,8c18186627c68c27baf5365db5231cfa74558f2bf4f600f64b45e18f7d7cd239
data/expanded_outputs/method2b/Q084_method2b_exp_20260413_101415.md,5536,6d192ef6fa636fb5e5922fff7c2b1aa978c762b7270435cd038628ed73dc715b
data/expanded_outputs/method2b/Q085_method2b_exp_20260413_101551.json,17261,811077fe1b95ae7b60e68cf03f856a70ee319b2a660e215ba8cbc2958d92d626
data/expanded_outputs/method2b/Q085_method2b_exp_20260413_101551.md,5410,495d987b5020f7afec6fce186951d7d45584cd663040e8f92dd44a0b5288c732
data/expanded_outputs/method2b/Q085_method2b_exp_20260413_101643.json,17261,79ffa6d51cacb8a6ba21237eb67cd8121fc065aa62b547bf94c75e7234f006a4
data/expanded_outputs/method2b/Q085_method2b_exp_20260413_101643.md,4427,5f1706fd12698d799010812620871313ef89f3dd25a08a9e2108ec68c26ca8ae
data/expanded_outputs/method2b/Q086_method2b_exp_20260413_101858.json,17249,5c264dbd00273908a036b7663cd4aeef2a0704bf59c7720fc2237a0f8cbda06f
data/expanded_outputs/method2b/Q086_method2b_exp_20260413_101858.md,3913,0bd470cd6988727afb9a76af66512b3169b453be2a954287fc780ef294399892
data/expanded_outputs/method2b/Q086_method2b_exp_20260413_101931.json,17249,1f5a656c3db252916ed60e4a655478a32348a4a50bf1195caa985fd8aef7e10d
data/expanded_outputs/method2b/Q086_method2b_exp_20260413_101931.md,3926,daf70e6d8d9dd72df8e8a5d51f4010923a557dac82a44995c4e68b13baeaefba
data/expanded_outputs/method2b/Q087_method2b_exp_20260413_102132.json,17259,f20a0643e6c0ae09ed3ed123979ae018cdf0b1cafb3dcc0709f80f1709086a31
data/expanded_outputs/method2b/Q087_method2b_exp_20260413_102132.md,4269,d54bd4e5bb2fd2d94584f718577a4835dd24c2c732b6fa1bfd39c0626a72ff39
data/expanded_outputs/method2b/Q087_method2b_exp_20260413_102204.json,17259,679d4b6a916f564f96252878604a4d6a88a255f030cb6943b2369926969eebdc
data/expanded_outputs/method2b/Q087_method2b_exp_20260413_102204.md,3594,074d64634616643b5ead1e19726f7da7182762a2825cbd51ae9be4f9a8c87b85
data/expanded_outputs/method2b/Q088_method2b_exp_20260413_102429.json,19194,30fd8aa065adab17a6126eb091406d47a5d660ffeaeeeb8d4debb994695de240
data/expanded_outputs/method2b/Q088_method2b_exp_20260413_102429.md,5287,4a777fb2ec50970284026af1e324a82549f105bfe5d45b48122479c07edec9ff
data/expanded_outputs/method2b/Q088_method2b_exp_20260413_102440.json,19194,6b8602dd0f0de9cfb52f53ec9db7b9217becd7b1f38b2f94749e033eeb8c197b
data/expanded_outputs/method2b/Q088_method2b_exp_20260413_102440.md,4650,76c436c361e5207721082ec9af4c5602590635b9e23069172f3d511fa947379e
data/expanded_outputs/method2b/Q089_method2b_exp_20260413_102756.json,20949,d28869356561c81c359932d4a15d3e2c5a1fd71a82eeac1cc4942aff9d952077
data/expanded_outputs/method2b/Q089_method2b_exp_20260413_102756.md,5427,f5c28e211dab6468a3d59705c3cfc43663416619f51307ecd0fb3794bc137cc2
data/expanded_outputs/method2b/Q089_method2b_exp_20260413_102757.json,20949,b0b0b73eda6c1586890f65f1e4a1e4775a330a93cb652fe646e9d1d47e13a07c
data/expanded_outputs/method2b/Q089_method2b_exp_20260413_102757.md,5129,ac5c7ddb62df3b0f1c70327e2336fa2df71c24692fcbd48e1db1900c11c7e2ea
data/expanded_outputs/method2b/Q08_method2b_exp_20260412_231802.json,14471,2faa9408d205f892302e255960e59976c7bcd38165c849151759c6bb636d581d
data/expanded_outputs/method2b/Q08_method2b_exp_20260412_231802.md,6123,70ac293e2f989011d3f0ec15962f8c9402b704cdface129e583785d70b18d828
data/expanded_outputs/method2b/Q090_method2b_exp_20260413_103116.json,9032,4ddee13ce757da36ef30980255d9450e7b020ebb259894290008b4f2a0a7fbec
data/expanded_outputs/method2b/Q090_method2b_exp_20260413_103116.md,5203,5dbe956ffc0f6438a11f87d327af62547c994304df25eefea1f163ea8cfab910
data/expanded_outputs/method2b/Q090_method2b_exp_20260413_103149.json,9032,48e0d1ac916de334ae35b8c60496e9d16c5fb96a7731bc579a0f9ac09a0b6678
data/expanded_outputs/method2b/Q090_method2b_exp_20260413_103149.md,5532,d215512f48a4f2c41d719599524ae17c5f0de5c5478d0c4ade272ca7917864e7
data/expanded_outputs/method2b/Q091_method2b_exp_20260413_103446.json,9016,25d7d7bcd2278417dfab068fd74a047bdd538d40b9686e521dfe4650148fb0fb
data/expanded_outputs/method2b/Q091_method2b_exp_20260413_103446.md,4416,c12f69e144cadf154b056cc393bf74bc5037f0a95fa6f8b3ef7df8a29617adec
data/expanded_outputs/method2b/Q091_method2b_exp_20260413_103602.json,9016,884e4fa4750926dfab70cc1471d838cf1a3e2fd2a0a3ab1926cf7b4287bc9c92
data/expanded_outputs/method2b/Q091_method2b_exp_20260413_103602.md,5415,74862ffbd1f622ed506843ed3863ca83e31a2591e78a4a1019abdf73d7a3a05b
data/expanded_outputs/method2b/Q092_method2b_exp_20260413_103852.json,18359,7481e1e9ee9e98b6d8ddddd455e085d78420f9d144cfd98c72dbc76a9391cf6a
data/expanded_outputs/method2b/Q092_method2b_exp_20260413_103852.md,5431,4fd41e2294d5de87e8416095d362600786be301714d297e07647df22454a2bfb
data/expanded_outputs/method2b/Q092_method2b_exp_20260413_104016.json,18359,36d4936f8a2716fda7907b6329e5f20a4acd833aac74082846406d0b8c5b077e
data/expanded_outputs/method2b/Q092_method2b_exp_20260413_104016.md,6050,0381fea8b8dace9c80f1f9797d056b18a5eeb767e446e126010e11b3f98c3c51
data/expanded_outputs/method2b/Q093_method2b_exp_20260413_104314.json,20435,f5bb7525e80e94315abcf7b1d3618ad6e32adbd963fe48a03514be2f5fe7c574
data/expanded_outputs/method2b/Q093_method2b_exp_20260413_104314.md,5413,4c7581ac792d86b46f820dd03e60909fea1d076f99d07ab7f7c9c6449e3620ea
data/expanded_outputs/method2b/Q093_method2b_exp_20260413_104504.json,20435,47aafca73ea6263e33b4d7faf53fd1f455f935e7076d787ff090a8a592eafb0e
data/expanded_outputs/method2b/Q093_method2b_exp_20260413_104504.md,6668,9378ff9cffe3a6084dc4a342be1ffd6751ff29a07aa725b9cf103d4b94375be5
data/expanded_outputs/method2b/Q094_method2b_exp_20260413_121428.json,17255,73c46ea9d6a545b0140695cbb642813f42e2cd4a797834a547c3146d43c98a32
data/expanded_outputs/method2b/Q094_method2b_exp_20260413_121428.md,4536,45174f110c602fdf362ee8ff5ac7da63899eea27037d0dce3f9f1de7e9f0d310
data/expanded_outputs/method2b/Q095_method2b_exp_20260413_105014.json,18714,9921169dbd48ea68e5687c1ed2a2d9446dd45b306c1455d94d46e195f3fe2e36
data/expanded_outputs/method2b/Q095_method2b_exp_20260413_105014.md,4545,44db0dfbdf742ad88c18e5b4c39c24a6cc283b18b28697d3d239685bf6439530
data/expanded_outputs/method2b/Q095_method2b_exp_20260413_105024.json,18714,d3cfb698fdcbcb6b3ac2d791d795afa404360e1817dad0617bace186b0bcff49
data/expanded_outputs/method2b/Q095_method2b_exp_20260413_105024.md,5504,11a58bd768060d1f58ec169d2373956e5420c9190993ecc4e6339d675b8c9199
data/expanded_outputs/method2b/Q096_method2b_exp_20260413_105315.json,19186,b97fc012978122ffcd2a61cd0d9e87fb0e651faf5ec1ffc3eee44db996c05fd9
data/expanded_outputs/method2b/Q096_method2b_exp_20260413_105315.md,5323,c1fc372a845bd00675681d3044852f91816ef07d394bf2bf79a4cc7d9820c052
data/expanded_outputs/method2b/Q096_method2b_exp_20260413_105323.json,19186,d69094cb8b1e9ac96dd47c5a277df01ff0b40fb394db7d22aa5e9829a2d72722
data/expanded_outputs/method2b/Q096_method2b_exp_20260413_105323.md,4176,f8cdb1e126a17a484349147a9bb3ad8a0475e76d9337ea6635c1e5cd584f70ec
data/expanded_outputs/method2b/Q097_method2b_exp_20260413_105649.json,19203,4559973bbd302cc371fdae1822b2de3b64ddbec37fb33fe0990eb53c2948214d
data/expanded_outputs/method2b/Q097_method2b_exp_20260413_105649.md,4636,09bfc2e052ccf89467422ccaad8fa1df82afe744621f0862d418dddf57274247
data/expanded_outputs/method2b/Q097_method2b_exp_20260413_105651.json,19203,953edc279f79314c3a3f5ffdd3c5034e1840c10b267aa386feaa4bf742754513
data/expanded_outputs/method2b/Q097_method2b_exp_20260413_105651.md,4622,36251f3071d1773d06d4760a6ff5bbe850eb1916c501ac56695818feafad1631
data/expanded_outputs/method2b/Q098_method2b_exp_20260413_105944.json,19193,9cab7a30f360178225fdbda601304d209e49cdaff5b928689339276c35ea0f6c
data/expanded_outputs/method2b/Q098_method2b_exp_20260413_105944.md,5039,12ae389af927e40d14fc0114eef5adff557f2c265a9103fa8f3bdac902d926d4
data/expanded_outputs/method2b/Q098_method2b_exp_20260413_110018.json,19193,bfcdb13a33ae0d2e5d7ff443f3644617450967c058bddd9a8dfeb1f0abe7aaef
data/expanded_outputs/method2b/Q098_method2b_exp_20260413_110018.md,4896,bfa31f6256326cdf65fe732cf54f7982e726b02b37f1234d547a8e19d74833d1
data/expanded_outputs/method2b/Q099_method2b_exp_20260413_110355.json,19551,681615824990bb16fcf894487a1c5de2f960aa2611798e4d2d5b8b06debcd893
data/expanded_outputs/method2b/Q099_method2b_exp_20260413_110355.md,5886,4741da8b08cfe9311be1e809826b327a1bffb770193c27efc88092a7f8a46a97
data/expanded_outputs/method2b/Q099_method2b_exp_20260413_110427.json,19551,ed1f6bdd917bd65638d4674ffe221584ab187113c6b417975ed68aa57e3bd351
data/expanded_outputs/method2b/Q099_method2b_exp_20260413_110427.md,6602,5fc1ce7ef56c3a83a77e1f9a600f3ee646084876c1c9b1038f15fe5f91575e73
data/expanded_outputs/method2b/Q09_method2b_exp_20260412_232147.json,17233,a78a7e035a185a214c77fd356b2d218922017c762febd1036443da5e4035e0c6
data/expanded_outputs/method2b/Q09_method2b_exp_20260412_232147.md,4960,2b9ba75c02db4b4b0b3274b82561f705405e1db3c23256c2a3f4ef9c9a0d01bc
data/expanded_outputs/method2b/Q100_method2b_exp_20260413_110657.json,17249,951a2a8c00e5c5f5bc20cf65ad45a4928ed8a33d34b8b69159925d097803935f
data/expanded_outputs/method2b/Q100_method2b_exp_20260413_110657.md,3346,e8eb7064ef9a9fc72cc95aac68c53b47372c8c9fe6e2b9c79085d1d2af7388f9
data/expanded_outputs/method2b/Q100_method2b_exp_20260413_110703.json,17249,3c4b84db7c44557d5b90229881675ee05c1ef3aa7118fb1c882a82365d713f67
data/expanded_outputs/method2b/Q100_method2b_exp_20260413_110703.md,3108,365c922c87c0024870860beb9dffc92310112e6b6d1faa2bf5c5068a2123a2e8
data/expanded_outputs/method2b/Q101_method2b_exp_20260413_111044.json,20894,e26366a40abf8a462b8c76f8d6878d87ec1b6e7ae7b397567e8ce75f30fa815b
data/expanded_outputs/method2b/Q101_method2b_exp_20260413_111044.md,3902,c86f71ae39bcb28456cc4a9f6d1f16924bd8d2ef543b7c48160e886864b6d36b
data/expanded_outputs/method2b/Q101_method2b_exp_20260413_111046.json,20894,257a7f25d7909e29bbe78616ce5871792930708ad9869878279c9e4882b96759
data/expanded_outputs/method2b/Q101_method2b_exp_20260413_111046.md,5494,e47b7c40c0174509ed62cab1234e8e827950d989c213de8996244d553781a97f
data/expanded_outputs/method2b/Q102_method2b_exp_20260413_111333.json,19841,caee85b567853431676c9b46682cb6d624a99c8ec905683408ae24f9f719faff
data/expanded_outputs/method2b/Q102_method2b_exp_20260413_111333.md,4723,b7dd3015a8c830d1ecc6c5d41f49e6ef4b3e8042b9b63db544db58fe010035b3
data/expanded_outputs/method2b/Q102_method2b_exp_20260413_111426.json,19841,a7f6f9c352cd84b52d1a0c73449ae312406bf28bced8ee3a138d4cad3469f7b6
data/expanded_outputs/method2b/Q102_method2b_exp_20260413_111426.md,4432,8206d0224a7d77cd53554319b8575e9b78fef0d9377646d40041dfe7b9be7305
data/expanded_outputs/method2b/Q103_method2b_exp_20260413_111720.json,17243,4b2184dcefbdf27febc5b24f2ce5ae56b1a62c001b14e5fd590fed3041a12a77
data/expanded_outputs/method2b/Q103_method2b_exp_20260413_111720.md,5074,3e324076b94a31eb96a857df0220df84293c076f8c8f50be6de8e2ffb9fe90be
data/expanded_outputs/method2b/Q103_method2b_exp_20260413_111754.json,17243,50f7466e789bebe7d9ca21387327f7da969ad16e26de89820d41083ace5e2b63
data/expanded_outputs/method2b/Q103_method2b_exp_20260413_111754.md,4476,42438a423277d28a70304b48563e90b985cfd1fc2b3881a500e54921646aa8bb
data/expanded_outputs/method2b/Q104_method2b_exp_20260413_112128.json,23488,76ed5d719433d1d5a04081a7201b30216ce804709320ca17a95090e0ff707870
data/expanded_outputs/method2b/Q104_method2b_exp_20260413_112128.md,5678,bd7c2f62d17036b37b4eea89a7c3c5861ed03d79794beec40b441e541eb4ad81
data/expanded_outputs/method2b/Q104_method2b_exp_20260413_112136.json,23488,a942fb47b359bdfa845492c51f4222216b0d8089ede6b44024813cf2a3e5f088
data/expanded_outputs/method2b/Q104_method2b_exp_20260413_112136.md,4922,ffa866d0ed30e21b04074a99c84fd24ecc2cefe8273b2c3e9aac86605c05d13a
data/expanded_outputs/method2b/Q105_method2b_exp_20260413_112438.json,158339,c9566a23c5ddc1a6c429be2df4782bf602f4a72113f639c11e085bade404d54b
data/expanded_outputs/method2b/Q105_method2b_exp_20260413_112438.md,4174,1dce4e187d5026653b2e8ba80d16db401294b4e9dca49f819ce8ef940fb9e79a
data/expanded_outputs/method2b/Q105_method2b_exp_20260413_112519.json,158339,c7a7bedcce6730f490eedb74dec6a4376a5b399abe828d6e70842f7ce2864833
data/expanded_outputs/method2b/Q105_method2b_exp_20260413_112519.md,5154,7552dc6e6e08ea195bb07265a99de0137400ea462d8b23aaed4726ba09c03156
data/expanded_outputs/method2b/Q106_method2b_exp_20260413_112800.json,17261,de4f548328ae601deda47ae9cd981638eae682fd82db9cbd6ea8f2c82baeb559
data/expanded_outputs/method2b/Q106_method2b_exp_20260413_112800.md,4495,c519c80cb0c5fa7dc1af95996912fdca5383da70cf94d448b94630022bee68f7
data/expanded_outputs/method2b/Q106_method2b_exp_20260413_112847.json,17261,7c5b46a1846de3af729c8ee547d142c100a82e51fa010f6d1f84d3c7c1498794
data/expanded_outputs/method2b/Q106_method2b_exp_20260413_112847.md,5443,ac5069d5e8978829f179e487b9ebcdfdf868a93fe35c5961644d73adeabdaeae
data/expanded_outputs/method2b/Q107_method2b_exp_20260413_113203.json,17258,e6436686812ea5625b9996b7f87473a4b8c6a5b25f767c80c062c48b2af2beda
data/expanded_outputs/method2b/Q107_method2b_exp_20260413_113203.md,5515,4aeb77f5a2a937e8836a68a3f5e16682250a3dc4f01c131bb0cb2b0400a46174
data/expanded_outputs/method2b/Q107_method2b_exp_20260413_113237.json,17258,d0a3ad50e429791093ad77b646bcbcbc40db363ee627358f05fff1dd50256b67
data/expanded_outputs/method2b/Q107_method2b_exp_20260413_113237.md,4958,97347a75c797108b0f127489b205d610864e5cd9a2e7d1344f92bbde2ad7b906
data/expanded_outputs/method2b/Q108_method2b_exp_20260413_113452.json,18165,49e1c3e418c09ba408ccfc86f3a47652bebabd4de97f6531b88f7ea4d04e6d01
data/expanded_outputs/method2b/Q108_method2b_exp_20260413_113452.md,5567,27232747985be5eafd32e68ec667b301c55bce9af022f285b7a0bed0167bca78
data/expanded_outputs/method2b/Q108_method2b_exp_20260413_113556.json,18165,1c974f964e0e2c0f906b00b832aacf8c8d11d932ecd9b0a22b18371545844347
data/expanded_outputs/method2b/Q108_method2b_exp_20260413_113556.md,5051,9396e83931a70237f158cc4b8ee77e42fffada96f40fe6db792cad05893ba850
data/expanded_outputs/method2b/Q109_method2b_exp_20260413_113938.json,18391,ce10c09667e15be039a0afd346b6038f2e42fe32c969d1db707b36fe17e150f3
data/expanded_outputs/method2b/Q109_method2b_exp_20260413_113938.md,7434,06569b7b62bc826643ed271171c4240ad64f19b99196603e6afe06feae6dc175
data/expanded_outputs/method2b/Q109_method2b_exp_20260413_114026.json,18391,0508ebac1eefcc226ea3f42601db90b48917b3890474fb171d8d0dbe779c2c31
data/expanded_outputs/method2b/Q109_method2b_exp_20260413_114026.md,5709,d536b2b07cbf0e8e4083719c1d29a574c53c3df700d3a9babee580837bee2d1e
data/expanded_outputs/method2b/Q10_method2b_exp_20260412_232551.json,17607,e3ba8d78165d3d47c2dc61fe34f103ef1f80c20adda051e6e0798b2831bc4663
data/expanded_outputs/method2b/Q10_method2b_exp_20260412_232551.md,7057,60e44f2835daf11b1b60fe23ed099547b482e21e944250aed5484ad6dfbdb7dd
data/expanded_outputs/method2b/Q110_method2b_exp_20260413_114228.json,25962,99adbb24889bc34d3a6a95bdcf3cdc47418c4d9305b29303455c4d22f3104621
data/expanded_outputs/method2b/Q110_method2b_exp_20260413_114228.md,5655,73275b640377f91fecc23864a4a5f248eafd6c3e1abd9a4169a8edf5c9f253e2
data/expanded_outputs/method2b/Q111_method2b_exp_20260413_115612.json,41090,b36b1b2d14e9e641b5fa7ec64d901da3e8ab7466610bd46b6909b385054d46a5
data/expanded_outputs/method2b/Q111_method2b_exp_20260413_115612.md,5191,70e6357f4453679910bfe7b8ba1673269f635b1268faa8e94d87671e6d58a2b8
data/expanded_outputs/method2b/Q111_method2b_exp_20260413_115613.json,41090,26dabd1bbddb913a6b1b8f562cfc189ac070a9e09205bff650f958a543f764f5
data/expanded_outputs/method2b/Q111_method2b_exp_20260413_115613.md,6110,8b32590cde91345ee5ee6cdb560ee963a6e269356055c8de733f7e5495598e2e
data/expanded_outputs/method2b/Q112_method2b_exp_20260413_115943.json,65233,fb9526748d399e17ccb19fc987d91a1affd615fd0515dd10e0089f7da51ca331
data/expanded_outputs/method2b/Q112_method2b_exp_20260413_115943.md,4709,861e49f2cb8c803f0ec04d9f8c1a4e442e7004deff11b133e8bea69ad6a49e4e
data/expanded_outputs/method2b/Q112_method2b_exp_20260413_120004.json,65233,179448b27b44b178c32d27e8c445cf9ba186d84b49842637b7faee5f0272464f
data/expanded_outputs/method2b/Q112_method2b_exp_20260413_120004.md,4704,d5591de25b5623c98cc6f9a90a84c298266c3a14c82ec4666378b2cbc0c5b613
data/expanded_outputs/method2b/Q113_method2b_exp_20260413_120328.json,63799,6a44055c05606cf7d816e11d4191d554324a63b608544fa7403b455a58a11acc
data/expanded_outputs/method2b/Q113_method2b_exp_20260413_120328.md,3306,db83cb073778113ddb4c84b8f8bfde32c3805db64029c31acc2fb0dd463d206c
data/expanded_outputs/method2b/Q113_method2b_exp_20260413_120342.json,63799,f2a65e0f4debb0e7cc0e7e4a4df4acade763c81a237ab0ac5bff4cde338d8471
data/expanded_outputs/method2b/Q113_method2b_exp_20260413_120342.md,3977,3c157a2903475b050fb7461b33c0c337447f20e59fe66ddee9ce5689bd0b9fda
data/expanded_outputs/method2b/Q114_method2b_exp_20260413_120657.json,75146,e4940881ffc03be2479b8018f53b7f9ff1dc5f0e20ce06ae44240795fd3df889
data/expanded_outputs/method2b/Q114_method2b_exp_20260413_120657.md,4821,d1e43a306731fe3a17b5bde255deb8cb70dbadee1fe401d579f1b62423607bed
data/expanded_outputs/method2b/Q114_method2b_exp_20260413_120705.json,75146,6230924c8e157b5f18da4887aafbe810345a4b02331a02e24ce10705f8794bc0
data/expanded_outputs/method2b/Q114_method2b_exp_20260413_120705.md,4082,be88320c4ca3f597d36ecc671e7a5e3d76c837935e0c51cf6b114c8a83c77418
data/expanded_outputs/method2b/Q115_method2b_exp_20260413_121031.json,20854,978766b1733a921f90daf1ddbc7e05240a3b01ea4620643aafc6c9f8eb38cff9
data/expanded_outputs/method2b/Q115_method2b_exp_20260413_121031.md,3872,81da9d4c5f2ff794de88ab787997a5e9ff824d3b2313544a2793328288b9f6b9
data/expanded_outputs/method2b/Q115_method2b_exp_20260413_121041.json,20854,859280fe25025434a9954ca3818b4f69315e6bfd1581bd23750ebb7156815b2b
data/expanded_outputs/method2b/Q115_method2b_exp_20260413_121041.md,4936,9a97d61dc204001f3bca67bf47b2769122a3966bf6ef4545d32ef71c4adf8bec
data/expanded_outputs/method2b/Q116_method2b_exp_20260413_121337.json,36672,12f06401ad2b5d7e53505c9efdc432defcc90f9bd841e71d076f4fe75952618e
data/expanded_outputs/method2b/Q116_method2b_exp_20260413_121337.md,4702,789bbe939eceb047108380d2c152f19380a80ea812f3dda5a12ad068bf6773cd
data/expanded_outputs/method2b/Q116_method2b_exp_20260413_121447.json,36672,0cd52a0ffb210231d826659183ff4a8c6f913c3b1f3e145352731de6d58e9a8a
data/expanded_outputs/method2b/Q116_method2b_exp_20260413_121447.md,5353,c1c2973f3dd73ce8920fc6117f74df859a6aa7c0106538a5662e40ea94f73367
data/expanded_outputs/method2b/Q117_method2b_exp_20260413_121736.json,26133,0f28d49f53022d30da49c921a63e6b5bd4f15f09a28ae4728e716b885dc86c7b
data/expanded_outputs/method2b/Q117_method2b_exp_20260413_121736.md,4890,e2947453217307702939c5e2fdd5f59b819cc9849076f54fc01745b08b8e1293
data/expanded_outputs/method2b/Q117_method2b_exp_20260413_121842.json,26133,70cd8c0a08c98f378968d8a25914b8d7a768ea6d1ec41736eb02ce8110c0a3b5
data/expanded_outputs/method2b/Q117_method2b_exp_20260413_121842.md,4494,0dcecefe725faedff8e7ea039c561807462328991f324de48e0c2568b9c0115d
data/expanded_outputs/method2b/Q117_method2b_exp_20260413_121914.json,26133,903867c55c4bdcdc56c02700b2fef37bf9b8e2a6555c44e0b7cac07feed4a25c
data/expanded_outputs/method2b/Q117_method2b_exp_20260413_121914.md,5713,24767a914e01efb8095eba53449f94401fac4e62cbf66075aa21697eaadcc76f
data/expanded_outputs/method2b/Q118_method2b_exp_20260413_122041.json,80759,b657d9ac205c037a6dc9ac67faedac1aa01cb21bef4940a3f5a3b61085e1343f
data/expanded_outputs/method2b/Q118_method2b_exp_20260413_122041.md,3680,d846bf1d382d04d428cea703676ef6c35fded77ad4870830019dba309529b60d
data/expanded_outputs/method2b/Q118_method2b_exp_20260413_122103.json,80759,dd6330e6c4736d209c887993c034f813d8dacbfe5d739c2fba5dbbd91290a5a0
data/expanded_outputs/method2b/Q118_method2b_exp_20260413_122103.md,3961,a4b00cef2e62c25137628c3080f6323fa95a7132e26479833699136bbb88319a
data/expanded_outputs/method2b/Q118_method2b_exp_20260413_122223.json,80759,829b2265028aeb33759f61f39d9753a0cb323b6b22f107aa52c0bc84457a6d55
data/expanded_outputs/method2b/Q118_method2b_exp_20260413_122223.md,3766,dd09a7474ee320b49a1e2e9c63afc7cf89dcb1816f3152f1fb2074fcabb5016a
data/expanded_outputs/method2b/Q119_method2b_exp_20260413_122413.json,55737,77a432b9d9e443582ef1194e8c822afef40d8813fce7194807119b30de6cd2a5
data/expanded_outputs/method2b/Q119_method2b_exp_20260413_122413.md,3526,070bdfab7dabf3be553a3c7af696348ad4fa2b5c90be653160fb5440535da0dc
data/expanded_outputs/method2b/Q119_method2b_exp_20260413_122424.json,55737,8e30c6e1c65441058f1de3c2b6d7ef6e3bee74ef74de6a1d6eaf9b49078f2721
data/expanded_outputs/method2b/Q119_method2b_exp_20260413_122424.md,4323,6e2b736e68c18720cd6f4fe1d028f52a9da6f567d4a13cbb3c25ef0a2d9e2261
data/expanded_outputs/method2b/Q119_method2b_exp_20260413_122546.json,55737,43ca66fa5775c46000a8491563b86fd1912c92ad6919114d9ee2ae395ecbbd93
data/expanded_outputs/method2b/Q119_method2b_exp_20260413_122546.md,6081,93622adfca7e3a1de48f7a39564e82f3c0e1a8e56111f70e82189e02863a4ab0
data/expanded_outputs/method2b/Q11_method2b_exp_20260412_232851.json,17212,2ecbefaa1f175dc670bc2a06ff391cd5ad3a31899533ad8eee8f6a6897ff2c05
data/expanded_outputs/method2b/Q11_method2b_exp_20260412_232851.md,3961,b3e425f458bc65d14e2b83885ab81bae8ac6609c5a3d8fc789a9a2f333655de7
data/expanded_outputs/method2b/Q120_method2b_exp_20260413_122742.json,63903,bad5843e806476b36cb4488f17e2e5d98b862fca5c5e97cb648ed6083d57b992
data/expanded_outputs/method2b/Q120_method2b_exp_20260413_122742.md,5152,0478f16b24514e8dfed226111fbf5a0e7c4980473663b4cfe109a334c16d1494
data/expanded_outputs/method2b/Q120_method2b_exp_20260413_122743.json,63903,b56ecfa7f3086134877f0c3d5615cc1d759fbd5861aec14b3b72805c595ce20b
data/expanded_outputs/method2b/Q120_method2b_exp_20260413_122743.md,4993,99aede4183f0f7cd3a0a7dd9fe589ba50c369d8889411d2896d6f09bcb1a2400
data/expanded_outputs/method2b/Q120_method2b_exp_20260413_122933.json,63903,d09ed2c319a3dc9383965060cf6d6ef245ce07b9bd7c9a4e97512a5481bfb41c
data/expanded_outputs/method2b/Q120_method2b_exp_20260413_122933.md,6019,2a7db77bbf01eb3d4dc1feceaa43c1637ef3bc3ddbf17643ef43bf4d0c0a6251
data/expanded_outputs/method2b/Q121_method2b_exp_20260413_123053.json,20576,f53dc5fe053e7adb2e104ee3e08ae42b5696bffc1f4d5c52d04ad71c6fe5ba5c
data/expanded_outputs/method2b/Q121_method2b_exp_20260413_123053.md,3936,8793513e87bf6673944d0e96d916a1a76bb36759fbecd9bfc5fa493ade615824
data/expanded_outputs/method2b/Q121_method2b_exp_20260413_123104.json,20576,73717744d2cabed1add27fdb02a8abe9781d0e38afd0085922bb1262b9dedcd8
data/expanded_outputs/method2b/Q121_method2b_exp_20260413_123104.md,4559,34a480d358b603175aa5047d9fe36cf4a9dd920beb9b68e4f6bafee21d8410c0
data/expanded_outputs/method2b/Q121_method2b_exp_20260413_123253.json,20576,040a8ac4472aec8c18c1d803c34ed7c9e8d9f735a375bb5f708957ce684e802d
data/expanded_outputs/method2b/Q121_method2b_exp_20260413_123253.md,4736,e77e7873878937e57959c7f10a93c0888b142dbc59755e2311dc9ef8d1e4827d
data/expanded_outputs/method2b/Q122_method2b_exp_20260413_123338.json,47835,085fa9c540aa9df42174edf9f48cc7cda2d64e3b8ca9f867365e07865762c83d
data/expanded_outputs/method2b/Q122_method2b_exp_20260413_123338.md,5153,daf8b646e9ed0edcd1838c184dd473cbae044aff4634e233411222ce83da82ba
data/expanded_outputs/method2b/Q122_method2b_exp_20260413_123416.json,47835,8ca80a390ef3dfd2bf22743df5a2ac99773f2bf46393d2ffa93103c132a7fdf8
data/expanded_outputs/method2b/Q122_method2b_exp_20260413_123416.md,6120,646f5a4bdc035db3d868f51015df050e842c6da89cc0ae6bf316eccf527a103f
data/expanded_outputs/method2b/Q122_method2b_exp_20260413_123522.json,47835,99ef064b7b839e5510b98ca2e2e1e8ea9e621ce7738b5704469b4da41aa3def1
data/expanded_outputs/method2b/Q122_method2b_exp_20260413_123522.md,5462,72b993daafd29a7b49fef0ce1b62a7eb62b337ecce3bf66a7c76c84274d4a76d
data/expanded_outputs/method2b/Q123_method2b_exp_20260413_123643.json,53404,1576241b0fa871b81f933b3954c7070d4728ecc9b10a8d06c3e6bdb1a36cd420
data/expanded_outputs/method2b/Q123_method2b_exp_20260413_123643.md,4504,676794c4833c31f91b9ebd0a125c471f8efdadb5934f23820f21ff35ad02fe53
data/expanded_outputs/method2b/Q123_method2b_exp_20260413_124919.json,53404,ea3de03c664664fa936a57afc584725a752177e42a9b552ea44b8ef5b75c5a61
data/expanded_outputs/method2b/Q123_method2b_exp_20260413_124919.md,4886,7ad33d12c8358780483faf962773bc73b275da3b39ff131560056df510e66ddf
data/expanded_outputs/method2b/Q124_method2b_exp_20260413_125607.json,48811,56d829a6016a1ef80d8763da46e942baa8e174064bc02cd68dd31781c092d636
data/expanded_outputs/method2b/Q124_method2b_exp_20260413_125607.md,4704,eda4e5e028c7c97735054627fb5e89877ae5c8cbe7d523ebb9682d4bd631aecd
data/expanded_outputs/method2b/Q124_method2b_exp_20260413_125641.json,48811,7818b0c320d8003eb00c31730549e9ab5c1aa0672677819078fed973ff75c687
data/expanded_outputs/method2b/Q124_method2b_exp_20260413_125641.md,3635,72592d268394de3c4eacf3ea2fe7572188a0db5732ffe0e524f5f1a82b962472
data/expanded_outputs/method2b/Q124_method2b_exp_20260413_125646.json,48811,598861ee6d8ce8d88ad42494088a3d3c0911a9904319e20f47da9c27afbfdc54
data/expanded_outputs/method2b/Q124_method2b_exp_20260413_125646.md,4814,189e4f697b706f1367d7de1c04ddbbcd85b5d0fef0fc9eaf2460f2717e49d448
data/expanded_outputs/method2b/Q125_method2b_exp_20260413_125848.json,48466,7f5f3067b78c6d7bde846d38728e52e8581226fe8532ce17b2ac49417da8bb8b
data/expanded_outputs/method2b/Q125_method2b_exp_20260413_125848.md,4312,93bb5b3b5175caecfe7974b54373fda16c4cbb74c5005a02a79634ceff5ab691
data/expanded_outputs/method2b/Q125_method2b_exp_20260413_125940.json,48466,2907a3951e4f42203ef81c84c994f4ad4497c17fa12bd59594ed27ae65d0fad2
data/expanded_outputs/method2b/Q125_method2b_exp_20260413_125940.md,4769,3c9b9ee8637347786debd34bbda0b36980720f9d576df29f1ff08b5ae8b787f9
data/expanded_outputs/method2b/Q125_method2b_exp_20260413_125955.json,48466,f8198641ef8ddfa87712bd8dda00cd98b679e2cf8ef03e0e439bd87334e07367
data/expanded_outputs/method2b/Q125_method2b_exp_20260413_125955.md,4270,1bd2de6f0aac267b3f8cc7fd3cfe558a49b7f2ef15c253a756653bbcdc5f9c68
data/expanded_outputs/method2b/Q126_method2b_exp_20260413_130223.json,36172,eb5528c4dc3db9fdd8a21804528e94f1ce4b141d15dc8d93859d339ea5b73ea9
data/expanded_outputs/method2b/Q126_method2b_exp_20260413_130223.md,4715,3ef442d5d6ca9810e4620aa0cce759a1baac5cdda9827bffcade38ff9352000c
data/expanded_outputs/method2b/Q126_method2b_exp_20260413_130329.json,36172,a6ebfe9b722d049e4752b7b53d9402e34dac39b5d4e49e9cef6c8fb2a193a4de
data/expanded_outputs/method2b/Q126_method2b_exp_20260413_130329.md,4948,642707e7315b462c4a533084b285da2e6849ecb88bb3c0a27a6f296348f9c469
data/expanded_outputs/method2b/Q126_method2b_exp_20260413_130331.json,36172,9cb9fd7ebf9fd8591729ac037e49d94868f3ecdf9f0280140dfd2355246ab5d4
data/expanded_outputs/method2b/Q126_method2b_exp_20260413_130331.md,4242,7744b1b4b95fdb98b15d0027b6a2d8dfd6094f08b9683be55723a9b428c05600
data/expanded_outputs/method2b/Q127_method2b_exp_20260413_130624.json,39753,fccd3288512ded0446ccbecaf5aba480205580bc5d0d0d285e554311d9a9b613
data/expanded_outputs/method2b/Q127_method2b_exp_20260413_130624.md,5127,59145593e61162811dac077c6544da9f42f0efb7154ff2d9e1b4471f2e61e8ce
data/expanded_outputs/method2b/Q127_method2b_exp_20260413_130707.json,39753,654ba514ae62ca3b5d10ed69f42547473326c267a3789194f591811983335c42
data/expanded_outputs/method2b/Q127_method2b_exp_20260413_130707.md,5140,a5efcbd3bb6bb108136251d19ce458faf7461cd4aa9dbb50a30f40290bb3c931
data/expanded_outputs/method2b/Q127_method2b_exp_20260413_130720.json,39753,d164e99d16d68c733ee67d2284b14aeccb50023dce427dcee73d0249a8be4051
data/expanded_outputs/method2b/Q127_method2b_exp_20260413_130720.md,4616,0cf89fa4c9db76cee3e0656079e2c55c7c656adf73f4aa396d68230e0802fe74
data/expanded_outputs/method2b/Q128_method2b_exp_20260413_130951.json,26701,2c166e4de60b6c190beb07a7f096a6085a4d90731df6b4d2457dce4245dc5cc9
data/expanded_outputs/method2b/Q128_method2b_exp_20260413_130951.md,5343,6a2448442cfbb90814ac9cf3408e4a84f59aede67514c1e8f706f8adb4b3c2c9
data/expanded_outputs/method2b/Q128_method2b_exp_20260413_131003.json,26701,0b54bd70d3af270d7a6116d2f2a754e394a0794d3da1da129124422f1224f7da
data/expanded_outputs/method2b/Q128_method2b_exp_20260413_131003.md,5079,aac2749afb1bab515a6ba251af8507f00515339dd86f29348964a155daeb3cb9
data/expanded_outputs/method2b/Q128_method2b_exp_20260413_131026.json,26701,fd83cc23bde4fc0732f8938eba44b33c81d57a7ea4a48ee1c8f037766ca79a33
data/expanded_outputs/method2b/Q128_method2b_exp_20260413_131026.md,4852,927eea1d15597e93992955572f6ba55453be0a42f0207bdc71a9b20cb71f5358
data/expanded_outputs/method2b/Q129_method2b_exp_20260413_131307.json,65178,b1c78d3dddd9465addedf0a34472889bc39327780146e6421788ec097ac9702a
data/expanded_outputs/method2b/Q129_method2b_exp_20260413_131307.md,4768,f388faa716c7c473028e867dfcafbe9860b520993fdc58326f08b390088c6207
data/expanded_outputs/method2b/Q129_method2b_exp_20260413_131335.json,65178,2781c89c5eca12f7680bdf4f2e41fb27f74d33f89e90abdda52ffa1545f67eb6
data/expanded_outputs/method2b/Q129_method2b_exp_20260413_131335.md,4459,2348a160c7f86817035be564440bacda119f98e05af2b7920fc2f9bcf35a17ce
data/expanded_outputs/method2b/Q129_method2b_exp_20260413_131341.json,65178,9916e476cee73389137836a149a4a4df6a35ca249bf751888c04e6b1a06e18f0
data/expanded_outputs/method2b/Q129_method2b_exp_20260413_131341.md,4639,20b57f76624d859815bdf567e1b970bef349a556e4b89df8fdf02833d472dec6
data/expanded_outputs/method2b/Q12_method2b_exp_20260412_233225.json,56032,969d0b601e8935048ec10c0ed86cebe6b88bc6a0b96439785fce15b2e1173e21
data/expanded_outputs/method2b/Q12_method2b_exp_20260412_233225.md,5304,121e45cfe6631cc1f84a3869c69e85e5278d33caf1aa443f8f2315fc6025ded0
data/expanded_outputs/method2b/Q130_method2b_exp_20260413_131601.json,48029,98c341164075ca7022824342b2ebc171b486157a29551ea0f219aea95a68687a
data/expanded_outputs/method2b/Q130_method2b_exp_20260413_131601.md,4647,0efc2b12be70809d566975dd637a7d601cbc17178b49b8e5860191627561c60b
data/expanded_outputs/method2b/Q130_method2b_exp_20260413_131637.json,48029,25e17a0c4c8506c10a459c508e4dbde61a82f78c26a25f70c4c7b6e9b52b453e
data/expanded_outputs/method2b/Q130_method2b_exp_20260413_131637.md,4112,ca2b5767b69bfd62efec9986121e7425da9b8b62547da2c90d3f8a348e1abd9e
data/expanded_outputs/method2b/Q130_method2b_exp_20260413_131654.json,48029,27dbcee7417da5cd5393458eab055d150ad4091c490d4225b429c0452b79ea8b
data/expanded_outputs/method2b/Q130_method2b_exp_20260413_131654.md,4220,21fe5be02aa7b0ea01c5df2e74f48db7474ac1abe388ec1abd71f01fad5d66f5
data/expanded_outputs/method2b/Q131_method2b_exp_20260413_131922.json,30278,f0b188570834721ab25f3c218590c202eebb0d053e646a7905cabfe29346a9a0
data/expanded_outputs/method2b/Q131_method2b_exp_20260413_131922.md,5483,d65701306a841c21a4ae8c53270c953d03f79226874dddf884ad9f8fab7e8bf4
data/expanded_outputs/method2b/Q131_method2b_exp_20260413_131942.json,30278,88d61ce4b69fa032a12c8e5ba37492c6f460b05d7b1766525471f4dc98d2c83b
data/expanded_outputs/method2b/Q131_method2b_exp_20260413_131942.md,4661,71dc30c18975b6dd32b816d24a23a823b1dba31c26fe8523ff596c6fd237e4f4
data/expanded_outputs/method2b/Q131_method2b_exp_20260413_132010.json,30278,a5067c9f0476151621a4a05bd3ad40ed1766e8f1955f35acf766c26cd8e0f280
data/expanded_outputs/method2b/Q131_method2b_exp_20260413_132010.md,5369,50e3b4cb1e3a34d04ae5381a2e4b86118e303db9e2adb151c3ee24dce6ba8e55
data/expanded_outputs/method2b/Q132_method2b_exp_20260413_132257.json,26579,b1a7e63a1dcc8c504bc565146734ab29a533b55cf460e5b964f8acb6d761661a
data/expanded_outputs/method2b/Q132_method2b_exp_20260413_132257.md,4886,54f65cc07a8e06d06fa00e9fc1d5023bc44d279a1948d1c559f8eb20e6c84bef
data/expanded_outputs/method2b/Q132_method2b_exp_20260413_132340.json,26579,0521314ca81c745e552bdb868b4891cc66cb005132b949a1e38dfaa5246bd1b4
data/expanded_outputs/method2b/Q132_method2b_exp_20260413_132340.md,5302,3a7cfef4c7977befd6114883a1b74f93f4e796bc515dc272eac67d5cc16b0ce0
data/expanded_outputs/method2b/Q132_method2b_exp_20260413_132418.json,26579,1eb56ccac6cb8bb6e31c8ace418a7db415e70278c40cfd6413033d76f81d2a9b
data/expanded_outputs/method2b/Q132_method2b_exp_20260413_132418.md,5059,8279c7ec7d24e826bb05b76cb00779925d053d008af9c5e7141b4fb33df99fe0
data/expanded_outputs/method2b/Q133_method2b_exp_20260413_132649.json,201746,7b3f36854d8bd391c4a39237bf80d884e4938920511675a157e2ce6268604739
data/expanded_outputs/method2b/Q133_method2b_exp_20260413_132649.md,3824,015283f6ec88fa3123f704454efc2a98b2b7146ded8b61753eec452db06c5385
data/expanded_outputs/method2b/Q133_method2b_exp_20260413_132722.json,201746,17442ae608e28f4a1680ae04c04149b8872048870f7c419ff4904a465b4d0f95
data/expanded_outputs/method2b/Q133_method2b_exp_20260413_132722.md,4365,04fea8b50b95898e091d56a1cae817bd18ec8e96e8ab03686a218a04d5389dca
data/expanded_outputs/method2b/Q133_method2b_exp_20260413_132812.json,201746,0cc28c143ebef2413c4de71e8287c501b3741be87c2e5e18e4cf977289813eb0
data/expanded_outputs/method2b/Q133_method2b_exp_20260413_132812.md,5601,2b951dfde45795f643a7361475bc849c68c6ac7efc20796c78e67048898c12a9
data/expanded_outputs/method2b/Q134_method2b_exp_20260413_133032.json,24997,251fb49be0ad7ff0c3b28e62c8190aea8dcec77e36426ea2b0fb642b0d6efdfa
data/expanded_outputs/method2b/Q134_method2b_exp_20260413_133032.md,5073,9307eaeac7e504a14d0b0c1b1f1b101ca569b6508fc9e9925b7252946933abf1
data/expanded_outputs/method2b/Q134_method2b_exp_20260413_133109.json,24997,7db4b45cccba712774418433eaa27b0c3dcbaf311cef685403a98535073c52bc
data/expanded_outputs/method2b/Q134_method2b_exp_20260413_133109.md,5327,5222760406084b13d1bb8b5c8aa4a6b0d4cccb264db18d98e7431ad137ea05a2
data/expanded_outputs/method2b/Q134_method2b_exp_20260413_133237.json,24997,8995e579c56be633d7b717c4d9a870a8b7f2bed3e98dbdfbb300f42ae43f0f36
data/expanded_outputs/method2b/Q134_method2b_exp_20260413_133237.md,6505,2f99ac1faa207e3a6472370c3c0250498b179f17115c3f151add26f5948a1c8b
data/expanded_outputs/method2b/Q135_method2b_exp_20260413_133413.json,71849,af6ee68e8b285992cf391c0b0046fa7af44b351febd191685cd54dd4cc962c58
data/expanded_outputs/method2b/Q135_method2b_exp_20260413_133413.md,4358,4e2726b00fd9439d6c971d0d61726fa52414fefc5212a7e77a46960c21ffb073
data/expanded_outputs/method2b/Q135_method2b_exp_20260413_133449.json,71849,c9c7eaed9cd534ac67f5f4eaa8f22af6cecd35549622e0912a894c6ee85bd4af
data/expanded_outputs/method2b/Q135_method2b_exp_20260413_133449.md,4605,7209c0af53094d434bfffede41f23cbe42fda0e6bed56785535ff0e80888b2e3
data/expanded_outputs/method2b/Q135_method2b_exp_20260413_133630.json,71849,2c2d2f08e96126b7d75fc46fc76a71ff1db967a8a115bda43742d10138eac9c8
data/expanded_outputs/method2b/Q135_method2b_exp_20260413_133630.md,4756,248fbda5aa76094f171aae2fcb220db94d5f9095d46afd099fadbb1120cd604f
data/expanded_outputs/method2b/Q136_method2b_exp_20260413_133740.json,87810,06ff86d9968640539b34269ab6bdfe04d7653856971135e3b294193c2296120c
data/expanded_outputs/method2b/Q136_method2b_exp_20260413_133740.md,4186,6587863cce033ea25aa8efffea4561565225fc2c20dc50bc63becc64ba186927
data/expanded_outputs/method2b/Q136_method2b_exp_20260413_133820.json,87810,d683f3580c87305d9535cb4490d568397af60835bf96990223b9c6f4cabbaaf1
data/expanded_outputs/method2b/Q136_method2b_exp_20260413_133820.md,5022,99572081041d689d2af216807f4a6982973f4816bbb03471c7b35918bdf291d8
data/expanded_outputs/method2b/Q136_method2b_exp_20260413_133946.json,87810,05a2ef0e03cd1ca4b52b18e36226feba940a749af62c51b7e5f4c868ffe5ff23
data/expanded_outputs/method2b/Q136_method2b_exp_20260413_133946.md,3530,641a0f978593a0138617ea84650b6be70755be57824f23c0fb6183dde8b99720
data/expanded_outputs/method2b/Q137_method2b_exp_20260413_134042.json,78898,e5d0ecdbbd9d9fa684fea312c0bab280caa73b4813fee07f9dbaf32929a8d718
data/expanded_outputs/method2b/Q137_method2b_exp_20260413_134042.md,4603,348f1f98715f94b742ba87b81159332faef85e5e1ccbba2340229a184482fd82
data/expanded_outputs/method2b/Q137_method2b_exp_20260413_134125.json,78898,d60e1faaa2a6adf5dce8b45a1a3044900c075822be89ba1f21976e3025c8473c
data/expanded_outputs/method2b/Q137_method2b_exp_20260413_134125.md,3916,19c42ff0b57dc1ebbe34c2468738b64f4edc64d72f8ae3ee1561328cdeddbfd6
data/expanded_outputs/method2b/Q137_method2b_exp_20260413_134309.json,78898,7bd75ae09f6cf772d7a56e5b5ae47fc30d7f6e5ce8cf8a7c7e06cf2b399944aa
data/expanded_outputs/method2b/Q137_method2b_exp_20260413_134309.md,4785,0d5573040992f591e1be4fb5c4ab0d90965cb22885d3ec931436a7315026fab3
data/expanded_outputs/method2b/Q138_method2b_exp_20260413_134419.json,28754,364c431f65cd593d6aa1f912136ab4ce6279f9cb93062718b28f7df9965b68a4
data/expanded_outputs/method2b/Q138_method2b_exp_20260413_134419.md,5500,2fafb4cc519ea4b643b16edd67bb867e0f3dd77f7289d007be001ba89fc6c33d
data/expanded_outputs/method2b/Q138_method2b_exp_20260413_134513.json,28754,6aa8077d04df180b6d30adba2574d08d0454f719dca56c82f27b86b08d0c0fff
data/expanded_outputs/method2b/Q138_method2b_exp_20260413_134513.md,6142,6736438390e77868780b4a7b698ab37602d14253b87d3600e82552ccab1335df
data/expanded_outputs/method2b/Q138_method2b_exp_20260413_134651.json,28754,1db74bb00c05ea06314dfe1c45d7e6f5a9288f8693090a4ab77e6fc6b4dd3dff
data/expanded_outputs/method2b/Q138_method2b_exp_20260413_134651.md,5429,6f8bd3d68776400cf6de72d5a61a616455e603feb8a8f3ab710a2d538d7076e8
data/expanded_outputs/method2b/Q139_method2b_exp_20260413_134741.json,40591,5b73a32391323bc94f97e1626e1c595a42802565e852d6110db1e73930494cfe
data/expanded_outputs/method2b/Q139_method2b_exp_20260413_134741.md,5265,dc0ee018d0cba77f2e0328c128b7f6efca3c994da26c885657747275476edb30
data/expanded_outputs/method2b/Q139_method2b_exp_20260413_134836.json,40591,9c6f9b14a7dc6b8d3f6f627f642b95361e3651dc25b4c795a026497d31f04f9a
data/expanded_outputs/method2b/Q139_method2b_exp_20260413_134836.md,4419,7ef25e8da9e88d8f568d8908b5ef0a0e4cf57e4ff1c7b4ac6da9867371fd34ce
data/expanded_outputs/method2b/Q139_method2b_exp_20260413_135015.json,40591,406b576fd97c6e10251c8236682fcce28f5bf94bc7f2824223041785c921d185
data/expanded_outputs/method2b/Q139_method2b_exp_20260413_135015.md,4567,13e356d9d1b1325e7b0724855027c1bb60c2557f1f641b95206979a72df2e142
data/expanded_outputs/method2b/Q13_method2b_exp_20260412_233409.json,17233,6f0455abe1a6bad0fbd2a07a1422d00731b7837551f4aeffe03bec7b70d9ce19
data/expanded_outputs/method2b/Q13_method2b_exp_20260412_233409.md,3958,f53923d53a04694fb7d6bcf046e793c9164fd953109ef2c3d89e1f4110cb7729
data/expanded_outputs/method2b/Q140_method2b_exp_20260413_135051.json,187054,5c794fbbb48be94261f0d71c186e39022937f6ef23b9f263ae11d000497284d8
data/expanded_outputs/method2b/Q140_method2b_exp_20260413_135051.md,4243,7cb2aefa4c5b020d43edb8ca3dcdbb0ded6e549be692c71fd78bb18dad22299a
data/expanded_outputs/method2b/Q140_method2b_exp_20260413_135208.json,187054,d8f37cbf3c20aeb8b4e19219842d471f460c850f654d95dfeec8ba51aeaa25cd
data/expanded_outputs/method2b/Q140_method2b_exp_20260413_135208.md,5903,cec52c9c8e073a510b280450ff0916cb7a64d9b42396ee76221544dbf88bbed1
data/expanded_outputs/method2b/Q140_method2b_exp_20260413_135408.json,187054,fd130cf2484e0b889317e7d022e1f1b280e6a0bdbdf770df1fb21c0f3a00e648
data/expanded_outputs/method2b/Q140_method2b_exp_20260413_135408.md,5475,07827581be93790d1c943a55aa4e988d92b1d19299ae26721c95c3e3744e4d8d
data/expanded_outputs/method2b/Q141_method2b_exp_20260413_135422.json,93057,a29e4a6e34af6962d1c27b54d17cf1a5554a5ae7e367f6741fdf9b42ff789717
data/expanded_outputs/method2b/Q141_method2b_exp_20260413_135422.md,3721,e312dc29d5f359184eee98ae1277db76781eabc1f6b5d68954f4a294aac1110a
data/expanded_outputs/method2b/Q141_method2b_exp_20260413_135532.json,93057,bc9c2a0de222e9e0d6a384e3df53908d2bdc43c5453ae91d5a57956362c542e9
data/expanded_outputs/method2b/Q141_method2b_exp_20260413_135532.md,4437,c39657c624948a907837eaafe18a0e70d5a55ef03ac9f11d3814086f8d6d83eb
data/expanded_outputs/method2b/Q142_method2b_exp_20260413_135719.json,91532,ce29d29e92d376974607a17d691c971ab59897ba28e886dd14c66965edb232b1
data/expanded_outputs/method2b/Q142_method2b_exp_20260413_135719.md,4381,2eac67960d4754dc72e5bbe356adca6a3060d6236b69b9a1336f08c56d99e221
data/expanded_outputs/method2b/Q142_method2b_exp_20260413_135742.json,91532,c6ba3f657b36ecf8dadda635359622b89fa9964a86f703d96ae8f86cdb08dad0
data/expanded_outputs/method2b/Q142_method2b_exp_20260413_135742.md,4244,04c8f6c588a51d8b4d22242042e0fcda0a83b22b242e1de08fd1636bde837e4a
data/expanded_outputs/method2b/Q142_method2b_exp_20260413_135837.json,91532,43626183aa777b134dddffa1a642bf9b6cbeb007afc6d19e1c319b93e054ab7e
data/expanded_outputs/method2b/Q142_method2b_exp_20260413_135837.md,4376,3c11116dd94d2af8feac09ce61be5cd4ac6726e8c634624552ea0d1c5b3bc19a
data/expanded_outputs/method2b/Q143_method2b_exp_20260413_140107.json,50514,7e357620dfaaa4826e4ef5227291b4fc08968390957d17b7be5762d41c098c72
data/expanded_outputs/method2b/Q143_method2b_exp_20260413_140107.md,5477,feb0fed1f93147362e71eed463bf32416632c2e7cf537b3cf2bc9c8d89938461
data/expanded_outputs/method2b/Q143_method2b_exp_20260413_140128.json,50514,d731fed20d35a2e78f015459c7f9a6ff396d4531880134b4c7269b26ef37828e
data/expanded_outputs/method2b/Q143_method2b_exp_20260413_140128.md,6134,73fd80f4c9e175cf68f1faa19e15e084a01aab5d7da255321fe5a7f0d50728f5
data/expanded_outputs/method2b/Q143_method2b_exp_20260413_140229.json,50514,299702e3092bab0ab2722a01050bd99cefd2870fb314ac906968be6784a03e4f
data/expanded_outputs/method2b/Q143_method2b_exp_20260413_140229.md,5525,0423aefe155f0bb787c29aa207e6e300ad39fc18ee13ea4fbc4f90f6aad3774a
data/expanded_outputs/method2b/Q144_method2b_exp_20260413_140429.json,73335,1aa5e3e2855af10167e4e8015f22748b3cbd68a4263fe2e8aa39ac821da0d12f
data/expanded_outputs/method2b/Q144_method2b_exp_20260413_140429.md,4396,094225bd9089eeb14fddc8240724cf902b0e641fb9e61e882f5275da253421a2
data/expanded_outputs/method2b/Q144_method2b_exp_20260413_140459.json,73335,027012068e31b74b615a3897cc050eb5c17058908bc6b97e57510bd1b683a37b
data/expanded_outputs/method2b/Q144_method2b_exp_20260413_140459.md,4081,f47247f47e8c1ebef98c0016151aae0ca33d6c824d38c2dfd87f2f89ab709bab
data/expanded_outputs/method2b/Q144_method2b_exp_20260413_140615.json,73335,3c1ee398e13d6660565573c2bd88f91910145190675bbd5e6f0739fd55f05366
data/expanded_outputs/method2b/Q144_method2b_exp_20260413_140615.md,5349,70f4f19cbb2c706ae5ff5fed50a7ad5ce30d562a180dc63fe83563b500e26cf3
data/expanded_outputs/method2b/Q145_method2b_exp_20260413_140824.json,81312,e7223f966c7ea576687af052187ad2fd08dd89c8805a53fa0a630dd979e17dda
data/expanded_outputs/method2b/Q145_method2b_exp_20260413_140824.md,4934,1cfdb4e60cbad8c8030ad3ee752840757b957b2c89124f88fa8c48b64ef4e34a
data/expanded_outputs/method2b/Q145_method2b_exp_20260413_140924.json,81312,d792085d10eb986b77c4546247503b682bcc2a3bbc2a158d2b7484bcaecb1ee5
data/expanded_outputs/method2b/Q145_method2b_exp_20260413_140924.md,6170,6cf6f869a4c5ae6f7f1598b6b5e11c9fc672094ca1ab2953b15af4e3264c49d8
data/expanded_outputs/method2b/Q145_method2b_exp_20260413_141028.json,81312,dd125565e7820f88633a3f899f8a297ce8fe1404c7f56c8ec99024481bf02f8f
data/expanded_outputs/method2b/Q145_method2b_exp_20260413_141028.md,5841,74dcae91e2c4af2e08853f9d448440ff34375dc432173ece23280a5729d68263
data/expanded_outputs/method2b/Q146_method2b_exp_20260413_141209.json,73379,4a10963a14a3d0de355e1f38f921c2ac45283a85ae490ffffac5d8d6de424582
data/expanded_outputs/method2b/Q146_method2b_exp_20260413_141209.md,4947,c624ed40ab14d68881e9af30e1354e0e878f54933b8b59b670a631529bb05241
data/expanded_outputs/method2b/Q146_method2b_exp_20260413_141338.json,73379,ee17b5eeefbe0bb99ce745b0c01d69231bda65a7465c118e47107a7a96de2a8e
data/expanded_outputs/method2b/Q146_method2b_exp_20260413_141338.md,6693,b6f603d252475e52d0ac73929d8c33bd8a508ec60c170aa4200bffdfb8e316b2
data/expanded_outputs/method2b/Q146_method2b_exp_20260413_141427.json,73379,0a6ea6217999506dedf55ef543835762b54b54ee55d564bf331a6a5d1bed2736
data/expanded_outputs/method2b/Q146_method2b_exp_20260413_141427.md,5862,e3e1b0b3e6c3ffa34d12266044755fd4e6fdf6d28213ffef598734efe5d7f422
data/expanded_outputs/method2b/Q147_method2b_exp_20260413_141627.json,59129,77359efb040475dc494ac5099e982f6fa91512b9a546ed6c383835c529c390ad
data/expanded_outputs/method2b/Q147_method2b_exp_20260413_141627.md,4302,0c98b70b0d28d8ada34dec30b5a2024e42f0024392dc0d825291890b84d41a99
data/expanded_outputs/method2b/Q147_method2b_exp_20260413_141731.json,59129,332e98a8f4e767f9179749ff29bff7b6c7019d8fa879c18f62fd3714a5f46edc
data/expanded_outputs/method2b/Q147_method2b_exp_20260413_141731.md,3227,7e55a6187b122c9641286b9cc110bea3bce05a2cc7a1baef75a57618369a6f86
data/expanded_outputs/method2b/Q147_method2b_exp_20260413_141836.json,59129,e8253bff89bf28589296cee4d0ed39f2ebf6bea6fbe02e7773e0c181f691c39b
data/expanded_outputs/method2b/Q147_method2b_exp_20260413_141836.md,4782,64195912ed4eb1bb799b7d07346e2eb2b310074a0134192bef34ea5780d04a7d
data/expanded_outputs/method2b/Q148_method2b_exp_20260413_142023.json,92284,a234ca4b52d0fc95d1fa63d9b39aa9ce9d4802282fc7ffc423f38ba1d768e1bc
data/expanded_outputs/method2b/Q148_method2b_exp_20260413_142023.md,4661,8f39d876affff2fdc9eeac8817cb995146b36f87bdf3e1deb2d515ea30e31ff4
data/expanded_outputs/method2b/Q148_method2b_exp_20260413_142140.json,92284,5d4961643b4b3e7978be36cf130ce1c3831d9da2a38b91ae99b8516be5b5cd0a
data/expanded_outputs/method2b/Q148_method2b_exp_20260413_142140.md,5277,81d8ce1e4e5e78f34cee0b0b2114fcdad58f1badfa3f6c5bd2e8df928ecf9c5d
data/expanded_outputs/method2b/Q148_method2b_exp_20260413_142248.json,92284,6bbb32f48133a4ac999fcde60e140bf83e606887222f9089a4d1959873489c85
data/expanded_outputs/method2b/Q148_method2b_exp_20260413_142248.md,6233,e66ae52acb98b78aa7c9530a42391ba41a7e96531b196971cfaf2ce85f7d931e
data/expanded_outputs/method2b/Q149_method2b_exp_20260413_142407.json,46741,426007d5952809dbe9d75ee5df1e7bc89c2129b635004b5d18aeb62db21c5ba2
data/expanded_outputs/method2b/Q149_method2b_exp_20260413_142407.md,4035,327e2f6663cc214672511dae87b65ec2b85a6e5086fc265ea0bd6de38ff9609d
data/expanded_outputs/method2b/Q149_method2b_exp_20260413_142506.json,46741,8ca9b2a7a19d7fa2be878f87a1b5d6d8fdb7f390a91bf5ac04ba375b6656f377
data/expanded_outputs/method2b/Q149_method2b_exp_20260413_142506.md,3813,f814227d7b162df4398bf771715f8998f663eccbf9ce980888e2f22bf290c7fd
data/expanded_outputs/method2b/Q149_method2b_exp_20260413_142615.json,46741,1f08e8acc08042bf38b5836fa60a8220a4588b63fd715d285fec80222b6b89b8
data/expanded_outputs/method2b/Q149_method2b_exp_20260413_142615.md,4567,5c38250e22d35076a5f716b366dadb79a7843013d44fd42ddc9b3a5c8649f444
data/expanded_outputs/method2b/Q14_method2b_exp_20260412_233615.json,17239,6943965fdaa2c47a617225bd5e4acd3a521babbf2f1c8284b6ba9faf7ff0762b
data/expanded_outputs/method2b/Q14_method2b_exp_20260412_233615.md,6080,3c8a52d8c8415aef030e3e1150301337ec894eed9ab54babef196ffe4c80e87c
data/expanded_outputs/method2b/Q150_method2b_exp_20260413_142709.json,179409,736cba8f5261f1be18f12432fcb0d381c234b158ebdd5869bbdf032c7b354f1a
data/expanded_outputs/method2b/Q150_method2b_exp_20260413_142709.md,3192,b934d6d3a077b35b32f2ca50589d6ee54cbc2530b131375e95bd06d546bae554
data/expanded_outputs/method2b/Q150_method2b_exp_20260413_142901.json,179409,c2496760de78532347216dba624b492320b91255e337e0f36af2665ecc0e8e1b
data/expanded_outputs/method2b/Q150_method2b_exp_20260413_142901.md,4748,3643877d4e84b6d55ea80466d44627feda54e5952156c475b355068a529a052a
data/expanded_outputs/method2b/Q150_method2b_exp_20260413_142935.json,179409,a487d821c749d9a38c60be4802442ccc3fd20549bbefe730861d6e8713d185bf
data/expanded_outputs/method2b/Q150_method2b_exp_20260413_142935.md,3903,0d98983baef31281166030b48e16eeaed0adcb288e23758743552e702b391dd4
data/expanded_outputs/method2b/Q151_method2b_exp_20260413_143122.json,89499,a0115a1a78964cda5c419901489e7768e441fbfa9a673457cc97e887d2140279
data/expanded_outputs/method2b/Q151_method2b_exp_20260413_143122.md,4441,d5a5bd5feb9c7baf9cf3d31c2ebc0ae4441fdbc6c2265474ddd3af954500cfb0
data/expanded_outputs/method2b/Q151_method2b_exp_20260413_143338.json,89499,818a109363aef4380efdf770c6bff983bfa08a30e56f0410c5152e2d08ce61d5
data/expanded_outputs/method2b/Q151_method2b_exp_20260413_143338.md,3286,d2ed6dc4f180dcb1648e85eec0716226d8705ecd739f6f426e45f17d9d710756
data/expanded_outputs/method2b/Q152_method2b_exp_20260413_143511.json,72993,9619dfbfffb31a87301347f9c9cf53276e2a93191fde5f90fbfde766adfd432e
data/expanded_outputs/method2b/Q152_method2b_exp_20260413_143511.md,4210,0ccef043bd1ae9727350d57a20d624c13069e7e17a9fc56387a5a76e9d5bce16
data/expanded_outputs/method2b/Q152_method2b_exp_20260413_143516.json,72993,8960a4dd2db46ebd5f27e87126744d33ae9b3b62571d974d82d0025d6a86fafb
data/expanded_outputs/method2b/Q152_method2b_exp_20260413_143516.md,4752,35164e486928b69af47b4a571e41aa04eaf3f42dde177ee90061e969b6430602
data/expanded_outputs/method2b/Q152_method2b_exp_20260413_143712.json,72993,010893a7ea5800928d3103e99ecdcfc5c01ae30cbe53617b48bf66dca58e3185
data/expanded_outputs/method2b/Q152_method2b_exp_20260413_143712.md,4019,fcd6a6f063a0610a94cacabc5bd23650a76d0809581b009e9d156997f1217a50
data/expanded_outputs/method2b/Q153_method2b_exp_20260413_143858.json,45044,84fb7e6019fc77236f2f2704f14f50909892896993fa150610b53d0a95cdfeae
data/expanded_outputs/method2b/Q153_method2b_exp_20260413_143858.md,5247,0dc9a8324eba21a5b7c16e507c1dcfc6bf6c90ebbf86451c2755bc4f661d8aa7
data/expanded_outputs/method2b/Q153_method2b_exp_20260413_143906.json,45044,d969009ab96a45be4b93585e8a54340501315ae530ddc04adddcc6681b5a7faa
data/expanded_outputs/method2b/Q153_method2b_exp_20260413_143906.md,4383,6c216fdd9153987269a1b425bd304cef18e1fc3065e8f25fcc436f963bf2cacf
data/expanded_outputs/method2b/Q153_method2b_exp_20260413_144110.json,45044,8a1bb2047eeb1e06577a55fb8be75800205d4b6b1add78433d304bcc1b29f11f
data/expanded_outputs/method2b/Q153_method2b_exp_20260413_144110.md,4552,8369c0397668c7374b581146434e5bdc2d7fefa68fd3f8aebf7548defa8468fe
data/expanded_outputs/method2b/Q154_method2b_exp_20260413_144321.json,16472,9dc72afc51f9958ae2673e7e6648406a016c75464b0603758bb99efdf32ab37a
data/expanded_outputs/method2b/Q154_method2b_exp_20260413_144321.md,4842,c17dc42bedfa7fe2cfffdcfa7bdf1cb35d52207d4a7846ff593c66cd305664c4
data/expanded_outputs/method2b/Q154_method2b_exp_20260413_144340.json,16472,038f0e7e2e07a1585f29597244d1c7f114d2394771e6c931f9c64ce06078176c
data/expanded_outputs/method2b/Q154_method2b_exp_20260413_144340.md,5343,5481050bb1a2cb810d6e67e19a413a3e2cfe73c5c42989f11d0bdd1a7c4a55df
data/expanded_outputs/method2b/Q154_method2b_exp_20260413_144536.json,16472,010fe224061259eef69d342e6fa1ce78310f1bc78227668bd09bd5d95ff823f0
data/expanded_outputs/method2b/Q154_method2b_exp_20260413_144536.md,4966,121911f88b1a36bab404ce6227d15907168c10961582c952a34022ba964297e7
data/expanded_outputs/method2b/Q155_method2b_exp_20260413_144703.json,24574,8c709588a06aa0fae71902127574a2a330298757eeb14555ecee4723d56ad376
data/expanded_outputs/method2b/Q155_method2b_exp_20260413_144703.md,5235,4cae2f3b8abd8920783463312ec3642e5fd032faa7f3d4e557b7ec467d54a440
data/expanded_outputs/method2b/Q155_method2b_exp_20260413_144743.json,24574,85bb0c6038918e669337d366652c283d150c0be6afb8ee8293a11be1342e3308
data/expanded_outputs/method2b/Q155_method2b_exp_20260413_144743.md,5439,8c162ef6d6d20ec59de665694c03dfda1fb3de5b279c25dad8853960a43d804d
data/expanded_outputs/method2b/Q155_method2b_exp_20260413_144916.json,24574,7fb67851ea0257502d523c177f8d3c1c0667ebad6472508ee658e282eba7c28c
data/expanded_outputs/method2b/Q155_method2b_exp_20260413_144916.md,5051,95f8b6e5d40fa1d6ca9ff6d293a6f357ef22a2a9b1d0851259ff2de50993a0d2
data/expanded_outputs/method2b/Q156_method2b_exp_20260413_145051.json,31198,1883bd16036fa3234f3a772840a6c90f9a133a84d6f179949a7eb6c87895f21b
data/expanded_outputs/method2b/Q156_method2b_exp_20260413_145051.md,5136,66164e51a3c1ddec32b897b73b3c48baabc9c83e0dd3194f47767c26f4b07ca7
data/expanded_outputs/method2b/Q156_method2b_exp_20260413_145120.json,31198,c8ba6f50c3cc7a311abbba2de9ecad8cb44870bb8a7437308b9ccc500f37345b
data/expanded_outputs/method2b/Q156_method2b_exp_20260413_145120.md,4191,737c32d619f0dc2c16d92d106d6c485ae028cb82e0a8cf7a618a48d174f51eac
data/expanded_outputs/method2b/Q156_method2b_exp_20260413_145304.json,31198,14fd772f5ef4f73c95f83e839291a0dd1d47035d218fb04bacaf49f1f819616c
data/expanded_outputs/method2b/Q156_method2b_exp_20260413_145304.md,4910,0b1ac8fff9c11abd2f6916b3fd284d97f291075438d51651985820bf7dc76771
data/expanded_outputs/method2b/Q157_method2b_exp_20260413_145405.json,30082,5fd9f8318ed0352e1992bca3d17e5acfd956dfb805538754b0df8bc11d5ae38f
data/expanded_outputs/method2b/Q157_method2b_exp_20260413_145405.md,6611,ee3aa89130c8fe385127df1851901749bc2feb7ead5abcaee69510e077a29504
data/expanded_outputs/method2b/Q157_method2b_exp_20260413_145458.json,30082,fc9fcdd115c5dd08a60d29bdb86896b8e3788130c8a7117fb2a8e141e9db4af9
data/expanded_outputs/method2b/Q157_method2b_exp_20260413_145458.md,5275,ddb437caf5b79c2c80fd9cbce772db6110f91496702ddefd816d85d7eca4d220
data/expanded_outputs/method2b/Q157_method2b_exp_20260413_145721.json,30082,72fac700ebad3a57034fa30110dc7d4eea9c7afb13c2883d58641707c1630826
data/expanded_outputs/method2b/Q157_method2b_exp_20260413_145721.md,4163,b34174206c9e5db5e084cd8e81e707f930a9be3936288669fdb55c51c7aa5c68
data/expanded_outputs/method2b/Q158_method2b_exp_20260413_145808.json,28928,9d9797d42923db25cd9128e57baaf9d1e53415ea418ee6be48065262bd166a5d
data/expanded_outputs/method2b/Q158_method2b_exp_20260413_145808.md,5937,690036f3a8cb2b88381eedaf6fd90a6f93d297cd097989490610765c851dc526
data/expanded_outputs/method2b/Q158_method2b_exp_20260413_145836.json,28928,61fc3ed8ced58403d346856d07107c3e2ef4ba5defc481d6e57055f915dd2667
data/expanded_outputs/method2b/Q158_method2b_exp_20260413_145836.md,5266,c485edc657c702caaf08d0e4122075e7fca368cae0bd69022ea9b044715a6b40
data/expanded_outputs/method2b/Q158_method2b_exp_20260413_150109.json,28928,5128872986db13fabd698cfdd2bdc7a023f00549dda38bd163df844a9f67d878
data/expanded_outputs/method2b/Q158_method2b_exp_20260413_150109.md,4724,425434227a2389b153a46b30c1ba78fc95131f090a9c67165be0506df7cb44d1
data/expanded_outputs/method2b/Q159_method2b_exp_20260413_150217.json,33357,b37fc9c4b4f62aada03bca9fde366703b6354a33d5ac10951622eedf918af2c3
data/expanded_outputs/method2b/Q159_method2b_exp_20260413_150217.md,4836,00ac3750b30a4362b7b283e1bf64f8c9548feeab9c1ea1838ec9831648501ce8
data/expanded_outputs/method2b/Q159_method2b_exp_20260413_150224.json,33357,64c31cb2340c30c75db247e13164cced64fdfd33c5b4d2fbc987e3f8e4c2aaad
data/expanded_outputs/method2b/Q159_method2b_exp_20260413_150224.md,4683,07fd62ff86179eb23ee3e9e82b625b509d609b381491fc5e60156047135680be
data/expanded_outputs/method2b/Q159_method2b_exp_20260413_150605.json,33357,a35efd68685633d26354ff3e1dc4d29d7cccea32a1787a0bcbd82a2a44e3efaf
data/expanded_outputs/method2b/Q159_method2b_exp_20260413_150605.md,5066,76e0fb6cf9d78baac81b03b7fbe72f57a8d36eda4e608726efc5d7dcfe7a7f9a
data/expanded_outputs/method2b/Q15_method2b_exp_20260412_234034.json,17215,bb90594b5ab416359a5357847353cf70d92502a1ccc0f0f3c40f538774a47ab9
data/expanded_outputs/method2b/Q15_method2b_exp_20260412_234034.md,6373,339f6af1caa94a4f12a929aa85a58125c7ee9e558a513c5f31412b710d5b6123
data/expanded_outputs/method2b/Q160_method2b_exp_20260413_150715.json,41145,5c8d6aec922ec96bc08c3e54201e01c92a4993570608bb1198e17227809e0ee6
data/expanded_outputs/method2b/Q160_method2b_exp_20260413_150715.md,5748,d655e438ba1d8c4914270ed549f352714759098ef824ba087d99769d6ab91807
data/expanded_outputs/method2b/Q160_method2b_exp_20260413_150720.json,41145,80b98bd5d193f0b197f91981b228a658cd60923b040de1d6cdbd262839464e5e
data/expanded_outputs/method2b/Q160_method2b_exp_20260413_150720.md,4999,68ba469b11b7d315ca72bf4625050a640aafeb7a242880cf4ebb1d44a2407e10
data/expanded_outputs/method2b/Q161_method2b_exp_20260413_153334.json,90573,30c9c21305126a321d0178a96bb5f6275bc27efdc1f237e24ec94a48091dbb6a
data/expanded_outputs/method2b/Q161_method2b_exp_20260413_153334.md,5732,6202bd9270aa150edadbda16ad6221f195cf5924ca1060ccc7b07749c8413cb8
data/expanded_outputs/method2b/Q162_method2b_exp_20260413_153256.json,27397,c86d9905bfcaa69e75f3c5423293ec7ea5c288550da304affa15c97a7da52e73
data/expanded_outputs/method2b/Q162_method2b_exp_20260413_153256.md,4395,5870507e06b6f814119c46a5d3c7d41c23694ac0e0f25eca629dc00fbf71e63b
data/expanded_outputs/method2b/Q162_method2b_exp_20260413_153258.json,27397,396591edf249cdb3a5a91138819a0cccf1c3ee5c81b882596ffe72f2e0971dce
data/expanded_outputs/method2b/Q162_method2b_exp_20260413_153258.md,4917,498b0c34a9e21969305a98c25f072449d4a0e40fb1f45d5a10843897b1d6546b
data/expanded_outputs/method2b/Q163_method2b_exp_20260413_154100.json,46468,7791c1e0126628f9faa7f8764b874bf203c9732ef7ec2e5b0dba334e5c83de72
data/expanded_outputs/method2b/Q163_method2b_exp_20260413_154100.md,4428,0bb370fb8bcdbe5f9f6061cdb47e98651a0e366da90e86c11b28d5f286231138
data/expanded_outputs/method2b/Q164_method2b_exp_20260413_154444.json,47327,7834ffad9dcc39dabf0f0c61e33a223adb22a01bc9a360a44708f7a43be5c171
data/expanded_outputs/method2b/Q164_method2b_exp_20260413_154444.md,4348,136f539f65265bc577557eda45c3c29dd7f4fcd76dbc6b2afe2e526ed28daaa2
data/expanded_outputs/method2b/Q165_method2b_exp_20260413_154842.json,180171,710e254e45ab5b081bcec4ffc73afae32e7de7635a5121c33d34f88a1d3dce97
data/expanded_outputs/method2b/Q165_method2b_exp_20260413_154842.md,5234,4500014e030f36d063025aa81d8508aad8c8e4fb9e588056cb307347229b4e4d
data/expanded_outputs/method2b/Q166_method2b_exp_20260413_155227.json,87534,16cb538d5b15f71ee53eb2af0b87b389117731b5242df559a206704e654c4728
data/expanded_outputs/method2b/Q166_method2b_exp_20260413_155227.md,4496,15682eaa5b8f0c811feb589a8a9654cec64a9efe3e9e2d01b6df62c66726b8ab
data/expanded_outputs/method2b/Q167_method2b_exp_20260413_155720.json,66088,eb5c9393b44028eaee7ed7128e68e77040002afe500c59629499b3e9bd3888e7
data/expanded_outputs/method2b/Q167_method2b_exp_20260413_155720.md,6241,6456ca1d654033b1a8d16ad0afffd1e41bbf9a80af6df7dd5151bf201e721c06
data/expanded_outputs/method2b/Q168_method2b_exp_20260413_160158.json,45608,c89d1be09a50a3d7578963c3e388b3eaea9488ac5f897e16b74119382dac900b
data/expanded_outputs/method2b/Q168_method2b_exp_20260413_160158.md,4624,b62f8a0773b35b637e9d7e75ff8482b2126956c49a994067baf78114afe60c2b
data/expanded_outputs/method2b/Q169_method2b_exp_20260413_160617.json,66150,b15a74117f538348e580dfa81758a4ba8c56e964d51ca67936e0c4f6d194b751
data/expanded_outputs/method2b/Q169_method2b_exp_20260413_160617.md,4317,6c0d32bf7ab06acc54a3055ed28fe5a892c2a13a03a0906ad33aeca4e6395cd8
data/expanded_outputs/method2b/Q16_method2b_exp_20260412_234428.json,17236,92b5aed7001b39cf19fca0b53538fe9b4b6ecf722dfb87bd2705c72538fb5d55
data/expanded_outputs/method2b/Q16_method2b_exp_20260412_234428.md,5300,b23d2e89aa5d1a1380bcaa6fb4615456059d765840460c5e1326f78db8ac9f68
data/expanded_outputs/method2b/Q170_method2b_exp_20260413_161002.json,38708,40a4ea54cb57d4cc4fd04233d99efac2f022861fa28cad63d641b039d5fa0628
data/expanded_outputs/method2b/Q170_method2b_exp_20260413_161002.md,4572,beeff99dc8d7e4c1de426cd5bb226659a967ec98a070894075296d2b299248bb
data/expanded_outputs/method2b/Q171_method2b_exp_20260413_161340.json,23977,05081ab3b1f702b90d2bc893ae68ae39b0b438fa37c32ea5fa3286dd2fcf786e
data/expanded_outputs/method2b/Q171_method2b_exp_20260413_161340.md,5239,cffe36f96d60925e4ee176b1d369319a70e36ec2f9b9527bbc552e3cf24cab49
data/expanded_outputs/method2b/Q172_method2b_exp_20260413_161736.json,47208,75702c1eacc6c6bc64f75c8897ceeecb4b2ab8bb07af58e64e4f69e7dd40fa94
data/expanded_outputs/method2b/Q172_method2b_exp_20260413_161736.md,4370,558d78e7d5bc8f3b2f337026cf142316f9ee6c38f8194b632c9044346578b6fa
data/expanded_outputs/method2b/Q173_method2b_exp_20260413_162122.json,24235,ec7561606a00c4236818bd3013119b11509f79fdb916c33a6811212375098189
data/expanded_outputs/method2b/Q173_method2b_exp_20260413_162122.md,4703,6ac362de75ca4cc058b3b3515227acae9dfba525a8607a7d44e876b283ed51ec
data/expanded_outputs/method2b/Q174_method2b_exp_20260413_162522.json,50574,7cdf60498e1f82eb2e0a5016616aef5c45342868c45fcfeb170f73f8e148a099
data/expanded_outputs/method2b/Q174_method2b_exp_20260413_162522.md,5784,0b9eb6cf005a94d9adcdcc43937046cdabb04a2cafbbfcaba9300628f99b3f05
data/expanded_outputs/method2b/Q175_method2b_exp_20260413_162907.json,83043,60c42530f0e340cd32a9b7426c0225cf2005c702c08cada537e908daeb685fbf
data/expanded_outputs/method2b/Q175_method2b_exp_20260413_162907.md,3864,095a51e45da8540d3fd3dcaec282268e26e29f9ac3ed33e9cbac943fe7a0be33
data/expanded_outputs/method2b/Q176_method2b_exp_20260413_163330.json,54602,25bef45ef371c277ce7279c49bda515d4b7b91327d36d05309999fe3466ec0fd
data/expanded_outputs/method2b/Q176_method2b_exp_20260413_163330.md,5262,da7a7dbc035c5a35dea7d5944663674a9d53b67bcf49cc2c6e3fce5311b9c80f
data/expanded_outputs/method2b/Q177_method2b_exp_20260413_163721.json,77346,dc84169d0865c4dff4d80162ee5ae566413efec89c5ae24fc6de7e763541c53d
data/expanded_outputs/method2b/Q177_method2b_exp_20260413_163721.md,3725,054adf56813bfaae26fe24daf286e0724bcafda48b61ac19f094340c3a18e20a
data/expanded_outputs/method2b/Q178_method2b_exp_20260413_164215.json,32038,fbc7b96183a0cefdf279c2af438cb20d791522c5720bf627cd67b275363d5b09
data/expanded_outputs/method2b/Q178_method2b_exp_20260413_164215.md,4396,9cca03fcd18a4a2937cbe286a88e36e99c43025b8554883ad232ce836b796ae4
data/expanded_outputs/method2b/Q179_method2b_exp_20260413_164736.json,81519,89c9b7fd0587bf660eef5aea71e12cebd1c94a7bf1e1ecbd9be8a3ce1cfade25
data/expanded_outputs/method2b/Q179_method2b_exp_20260413_164736.md,6711,f9bbde354e15a3aa7b75b45758fe85568a1c17dbef357b5999d48027411c3467
data/expanded_outputs/method2b/Q17_method2b_exp_20260412_234807.json,17230,6605238233e1382e5d620d87b8bd9aa32fecbf6e457de52c2e06391461481256
data/expanded_outputs/method2b/Q17_method2b_exp_20260412_234807.md,4838,999152459a2572e984373bc56d3d60e273b68da01679b943316ba27e5a3972a1
data/expanded_outputs/method2b/Q180_method2b_exp_20260413_165216.json,20317,cc64f0c6f8bd6b18b539d4359d7bce31ceb11b5e789c6fbab99a63358fdc157d
data/expanded_outputs/method2b/Q180_method2b_exp_20260413_165216.md,5409,6ab39b97999bdebf8e3c455b5ca69524ff8a3b2978b244df0013a86e81106c60
data/expanded_outputs/method2b/Q181_method2b_exp_20260413_165545.json,39264,54968b4c18c1890585646c8360d8715b1ab7db0f9de13a82d75f9c4418530133
data/expanded_outputs/method2b/Q181_method2b_exp_20260413_165545.md,3594,ad5da3434f1051ba4a2b118e2f1e3030fbfd89917ab1b85c191050691a63d28e
data/expanded_outputs/method2b/Q182_method2b_exp_20260413_165916.json,67836,d4d05409d4a3cd5f35c574d3978c294c6174a08d4621534b227d8acbad0058a2
data/expanded_outputs/method2b/Q182_method2b_exp_20260413_165916.md,4433,f4721bf3b08a54f3547defe96e16af64174ab00e3421d83727a6cb126e2c293d
data/expanded_outputs/method2b/Q183_method2b_exp_20260413_170406.json,93513,daddc977c0a5e9cbbc247a711ddcb6ddf0d56cedd0e2bc6b64edf3780748a2b8
data/expanded_outputs/method2b/Q183_method2b_exp_20260413_170406.md,4871,a0cdba72cdee7ddd283623e52b0aa5d7d3ca2d144f673dcad16f1c22da4dcb72
data/expanded_outputs/method2b/Q184_method2b_exp_20260413_170925.json,185529,e5bd41b979c61ddaf327e5ebdee48aea7dc7bc5e270ac30bf2a9536f3880d2e0
data/expanded_outputs/method2b/Q184_method2b_exp_20260413_170925.md,4860,299c343291ff9bf5576b7e38c35158d8a605c9937cdb6305f48e723ce9cff90b
data/expanded_outputs/method2b/Q185_method2b_exp_20260413_171307.json,50789,03121bf826d5ef4bd83c9a1b19616945d62e2fc5900af6f232a0c9a9a3c80ad7
data/expanded_outputs/method2b/Q185_method2b_exp_20260413_171307.md,4360,f0f820df9244316267f3b46d846a66f25f9f406cd651d9389a2c232fd66780c5
data/expanded_outputs/method2b/Q186_method2b_exp_20260413_171748.json,39537,c4ab748527b21b63e0536bed5fa93e242804e639d531ad96fedcac13b877ee78
data/expanded_outputs/method2b/Q186_method2b_exp_20260413_171748.md,6444,124e3317a5e379301723d6e194dcc906924ecbecc3462654fdeae57dc85208b1
data/expanded_outputs/method2b/Q187_method2b_exp_20260413_172146.json,26667,1d5dd02f1bac82cd35c5cab94d2fde1fe9185bb5c5726c2ea58dafcaed990edd
data/expanded_outputs/method2b/Q187_method2b_exp_20260413_172146.md,5487,9bd094b635d7cd4d4f3b1bba0cfe6d90eb5cdc1a68ada82696cd1c33868dfd93
data/expanded_outputs/method2b/Q188_method2b_exp_20260413_172523.json,35582,09974d806c5864a43e5eaa75015d5571bbbf0d3fc4849ca5eb102acbe6d1fa63
data/expanded_outputs/method2b/Q188_method2b_exp_20260413_172523.md,4280,2ba075b4e19761d1ad2d75e45a36200daabec843af22a7754ca56f2d80dffa43
data/expanded_outputs/method2b/Q189_method2b_exp_20260413_172923.json,43548,9e2c884e5c50b39b32c30b00141609780b77be52168132ccd894c604874e4af4
data/expanded_outputs/method2b/Q189_method2b_exp_20260413_172923.md,5179,7f3c6b286409fbc65c2a16e93287dcb2a0d6a2646fb7f503dc1d81106d0bed43
data/expanded_outputs/method2b/Q18_method2b_exp_20260412_235156.json,14529,f69d3c4f3308c6852573c826413262f8a4581624797ae5a345363a442a5f0241
data/expanded_outputs/method2b/Q18_method2b_exp_20260412_235156.md,5740,063a2e63af6b88663b9ae105a782dc5e77c6e749135766a5506efb5fa7d79731
data/expanded_outputs/method2b/Q190_method2b_exp_20260413_173345.json,35805,613867d6dcf308cdc56fcda04063e836fef3bc9e05b9b25c36ce0bf90bf1c957
data/expanded_outputs/method2b/Q190_method2b_exp_20260413_173345.md,5312,5427d4fa2fb60742a7e5b277d3eb16810d7834dd407db395ea8e9e114ceada96
data/expanded_outputs/method2b/Q191_method2b_exp_20260413_173808.json,34612,817b6b7d9fee99f1d6b51d77e8fa27730645b3b645bead9f4fbf03cbfec8f606
data/expanded_outputs/method2b/Q191_method2b_exp_20260413_173808.md,6045,ba9fde946d2edd6d92be3c224f2689c26d10bb12557fb98477e6957bd66bce8d
data/expanded_outputs/method2b/Q192_method2b_exp_20260413_174208.json,37280,346653a64f8788d4fcbbdd56217190f25120851957d3ace5f767083639678700
data/expanded_outputs/method2b/Q192_method2b_exp_20260413_174208.md,5502,bad5eefe56fd5c8ca864c7030b5c1e483ea8b8d7994a913d6575fe786221e176
data/expanded_outputs/method2b/Q193_method2b_exp_20260413_174559.json,20530,46689ccd381b48d0914ebdaee8e8a0376a9eb6d72e91c68069654fb3a8a77f8b
data/expanded_outputs/method2b/Q193_method2b_exp_20260413_174559.md,5329,c95c5382750f58135be179f616252cf53e1a9194de798ba2920e103486f93418
data/expanded_outputs/method2b/Q194_method2b_exp_20260413_174958.json,26125,c268651d24006ecdfd9b06bcb4f31c0ed28f44fc3bd4791f73bdbe1033621b7a
data/expanded_outputs/method2b/Q194_method2b_exp_20260413_174958.md,5885,890d26f48442bd0849e4190d237d77128f9392933d16638a5cbfdef19735ced0
data/expanded_outputs/method2b/Q195_method2b_exp_20260413_175359.json,28894,fc7d7e6b25bdb749d7673f30081180c0ee55244e0eba78dad76dc32572ed6004
data/expanded_outputs/method2b/Q195_method2b_exp_20260413_175359.md,5460,01ad58b87c2ce7a1294b157f06756a5327264a2d7f8c73f644272df142119be0
data/expanded_outputs/method2b/Q196_method2b_exp_20260413_175816.json,47814,776e6815753702fd244f4b919592e7714b8d5625645a41eb7d7723f5af5d6c52
data/expanded_outputs/method2b/Q196_method2b_exp_20260413_175816.md,5176,53bbd01ec74deacd73d46775d3218e25c961b96f18cf4b802bca0c136d3aab89
data/expanded_outputs/method2b/Q197_method2b_exp_20260413_180255.json,21030,82cf9f574eb9eb46f01631b2af533c5f115673f3900ef6c3d92c5fe7aab7c291
data/expanded_outputs/method2b/Q197_method2b_exp_20260413_180255.md,6241,d1810184b4316f9622dc0e719c30660152f77e789e7c42c1081918d1dc9e95b4
data/expanded_outputs/method2b/Q198_method2b_exp_20260413_180715.json,39200,c3c7ef78ecec5edc05f8e0264f115bcaef49dc15ea0e70f41273dac2c58e3a6b
data/expanded_outputs/method2b/Q198_method2b_exp_20260413_180715.md,6033,2f18c60c12cf53eafe38b88de0fb6752ddafe41b652bb6d7f231d29ecc4f8eeb
data/expanded_outputs/method2b/Q199_method2b_exp_20260413_181120.json,42307,7d40903e83fc224a7c7a4353fd50123cb875887d7459e44a71ba1df98a9eb5f2
data/expanded_outputs/method2b/Q199_method2b_exp_20260413_181120.md,6438,0fbde9d3df0fca24481e7f383a554e45669f7b1d12ac0a062af5ff337f9320e8
data/expanded_outputs/method2b/Q19_method2b_exp_20260412_235522.json,17218,aba14daddb40170b064e69ee8414006a5923300f4d3864dc06657a5086326596
data/expanded_outputs/method2b/Q19_method2b_exp_20260412_235522.md,4592,68842f89d901e380a1b1c7891912744de4bbf19b7f469c3d46ecb0a7e093f340
data/expanded_outputs/method2b/Q200_method2b_exp_20260413_181449.json,89319,2942bc6389b24d3608081d933a896f36fb700c82682d34e727ee937672ac6157
data/expanded_outputs/method2b/Q200_method2b_exp_20260413_181449.md,4521,13310c075be611ac414eb29ee41eb2e1e2c301aaa107da700fd5a4a7268a704b
data/expanded_outputs/method2b/Q201_method2b_exp_20260413_181830.json,62427,fd6f4222b6a38d7991b890804cea49a5ec122f6ad08414cbf1f02bb7b665ef09
data/expanded_outputs/method2b/Q201_method2b_exp_20260413_181830.md,5852,04896ad07544ab321069e0fd0c353488ff3c679447b1734051d99f0c8c27668b
data/expanded_outputs/method2b/Q202_method2b_exp_20260413_182252.json,48296,1ad8dbc471edf6dae2412e54b348683852fac6443b0d4d50dec0df0e6590e1e7
data/expanded_outputs/method2b/Q202_method2b_exp_20260413_182252.md,6100,2fb74b795b0cf01d49289d793e467b08d22e6b86b3daa1d04a3d7fb4eac035fd
data/expanded_outputs/method2b/Q203_method2b_exp_20260413_182551.json,35910,7822f679b3522c51a13612b94db6125772cf2a5c35ce35048f1d7c21f0aa5560
data/expanded_outputs/method2b/Q203_method2b_exp_20260413_182551.md,3327,2d0db7df2e3d0c7e7f8325d837d1628eee1d3a02ea55d57222c283af608c1668
data/expanded_outputs/method2b/Q204_method2b_exp_20260413_225500.json,39309,36c07ebee800ac17aa15822576a2ded1bba70438a14ae3af338ebd7421b6c668
data/expanded_outputs/method2b/Q204_method2b_exp_20260413_225500.md,5472,88e72d6b8f16e85a16d01d7a9cd5c79ca26643aa8c6d83afec9b8eb651111913
data/expanded_outputs/method2b/Q205_method2b_exp_20260413_183940.json,43574,3dcdfc31293eb4cc7379f81f762f8fbb06f76b8c5a4db40f7846f89e32dfd30f
data/expanded_outputs/method2b/Q205_method2b_exp_20260413_183940.md,6180,ecab9746431c57e9b7df6d62f36eff296fdfbe2f4010e575c05b9f14b26b6030
data/expanded_outputs/method2b/Q206_method2b_exp_20260413_184307.json,37048,a985bd994ad95d58635139b81bb3b2c5e31652bd27688feebaeaa1069a231c14
data/expanded_outputs/method2b/Q206_method2b_exp_20260413_184307.md,5456,0157a1a07650cb263938ea50e5ac2a48c149647efdc8a79a22a0b33f01920b19
data/expanded_outputs/method2b/Q207_method2b_exp_20260413_184640.json,93682,be3ee98eb91a8c6a25517f4687a1b4a62f3b69575e456fd6c8cfd6158e991ed8
data/expanded_outputs/method2b/Q207_method2b_exp_20260413_184640.md,5645,d097180a2cc50fd0dad7827cbd6aba27c226b54af33ad89a22114e29a9b4237a
data/expanded_outputs/method2b/Q208_method2b_exp_20260413_184959.json,34278,4aacea78fdae4a3cff78e08724f3e3aa386aca76808c38d69aedb338f084b95e
data/expanded_outputs/method2b/Q208_method2b_exp_20260413_184959.md,4473,5d41900018f959ca14e04ab0f17592a563dda0ca2dee547280515e33267ee8cc
data/expanded_outputs/method2b/Q209_method2b_exp_20260413_185310.json,19527,a85a555dc671a9eacd798870afd174d5dc45255bb90489d7daf10d41534b200a
data/expanded_outputs/method2b/Q209_method2b_exp_20260413_185310.md,4148,5b54b0f330235b305b2741152412582182208e0d862b05bf9a7c1bdba93fe508
data/expanded_outputs/method2b/Q20_method2b_exp_20260412_235832.json,17224,86112205fad4323a319380346c2a71878b6708e6e934058a55b221c20da9086b
data/expanded_outputs/method2b/Q20_method2b_exp_20260412_235832.md,4382,0812b9ac4dceccde5ce482eb8c4d540d1f24e3c4eeb736a1ebd134f66b68d6f1
data/expanded_outputs/method2b/Q210_method2b_exp_20260413_185702.json,47338,656b534c7d5f826aa25a696e8bb051baad298d07f481837ccc9290f0f52a22c9
data/expanded_outputs/method2b/Q210_method2b_exp_20260413_185702.md,5698,19022cc514100ff440f9dd71418bbb3f15a06330781ce0bdc006601c564ca376
data/expanded_outputs/method2b/Q211_method2b_exp_20260413_190037.json,38921,1de0cdd65119fa1b574d319cc27a688608196ea6f8d417df9837784fe8b625e8
data/expanded_outputs/method2b/Q211_method2b_exp_20260413_190037.md,5379,3b251ed91b30a20aa19a8fcf3af965ff227385e8a9b113b039d371257b9c88e4
data/expanded_outputs/method2b/Q212_method2b_exp_20260413_190341.json,79403,b868293a6c537c55ca2e4f0d4d3b2edd0e5c3f9ec97874307a67b9b5e67c8793
data/expanded_outputs/method2b/Q212_method2b_exp_20260413_190341.md,4532,a1cae7bfc141d518b2583507385a879195eac070a6ccf873ff40fdfc9caad23d
data/expanded_outputs/method2b/Q213_method2b_exp_20260413_190701.json,33449,b99cc683764f5bdaffe0a44328a2dcf1a2233996424d497d86e48c2aa0eb6a8e
data/expanded_outputs/method2b/Q213_method2b_exp_20260413_190701.md,4270,e880f980bb047926650c2cb1830c52cb7d171bfa6cf8bdd9017362bd8364ec91
data/expanded_outputs/method2b/Q214_method2b_exp_20260413_190953.json,59099,3f6bb710502f43e1c373aee728efb92961e1f72352ef437e226fa2d727fe7767
data/expanded_outputs/method2b/Q214_method2b_exp_20260413_190953.md,4767,b05613fc9b48b0cf81cf9ebe58b065d4203febf81e53b8271083dbd7c824bdb9
data/expanded_outputs/method2b/Q215_method2b_exp_20260413_191350.json,62919,8623ba67fad4454b1315213ff5811975a95fd90b0cfe48a1bd1911d5c4230deb
data/expanded_outputs/method2b/Q215_method2b_exp_20260413_191350.md,5585,4c472f1fc7e4ee1f30a9cff36b7f30179bf15c8d2ca37c17456594881eec6119
data/expanded_outputs/method2b/Q216_method2b_exp_20260413_191732.json,75855,2c9665d8f077468905e3c39b810c5ef90820f5209bb98ad61f514b043aee8944
data/expanded_outputs/method2b/Q216_method2b_exp_20260413_191732.md,4905,7f66e1fbf1f02aa58ba58dbab198704bdbcddf9ba373557e0db1242640ba4cee
data/expanded_outputs/method2b/Q217_method2b_exp_20260413_192152.json,39852,529760c80ca7b70758c18e70e86d6ff6f706106d290e6df9d21ddd3f9fdfc297
data/expanded_outputs/method2b/Q217_method2b_exp_20260413_192152.md,5633,95ec11d5f3ac6d2a52a1caf99953143e91af21e7d38d66faa353cb6d0e1b6f33
data/expanded_outputs/method2b/Q218_method2b_exp_20260413_192625.json,25287,5fae2aaacbb802e08d87960e00507616e26a8559cf8b940295ede1f2955eb638
data/expanded_outputs/method2b/Q218_method2b_exp_20260413_192625.md,5415,762fe71053edafe7641f981edc48ecb72ae9d3e9599c293bb3d6a5b2e3a5ba2c
data/expanded_outputs/method2b/Q219_method2b_exp_20260413_193041.json,42517,415f3d26320df02c5bf3db598e254082fe700d247b25bcf5402fc4da119da368
data/expanded_outputs/method2b/Q219_method2b_exp_20260413_193041.md,5156,1486f74c18fc3f6775f9c75cbd71abb7e5fc4db29466db362f15aef039e8150a
data/expanded_outputs/method2b/Q21_method2b_exp_20260413_000212.json,8985,8fd38ec124e15a6ea22eab9d96e575ce730e260d47d85e555d2b32a00696cd41
data/expanded_outputs/method2b/Q21_method2b_exp_20260413_000212.md,4945,458b34fc18faf559a99b3d5582708f06067c2a75d579db3d6c5a70f88eec1411
data/expanded_outputs/method2b/Q220_method2b_exp_20260413_193436.json,84952,164b18a116e1eea97b4fd94cb9b804c1a1618cdc867d90a7f96c442f5a1aa0bb
data/expanded_outputs/method2b/Q220_method2b_exp_20260413_193436.md,4647,689ecce1aeb5bd64bd14471cf14b9881ca741089839c544338fe29eb215aae2d
data/expanded_outputs/method2b/Q221_method2b_exp_20260413_193816.json,101577,bf311f3d45bcd431326532b4c16764afe86669d6b4bbd1fe55c48395438b5260
data/expanded_outputs/method2b/Q221_method2b_exp_20260413_193816.md,4444,71739a7b570a47b98cef26dd5ef1010ed64d5f125c45708e8d619e102da92b77
data/expanded_outputs/method2b/Q222_method2b_exp_20260413_194215.json,72931,2181bab942ac98dc334278bc25ce76cc54074664588f4b5bdd940df36d2c16a3
data/expanded_outputs/method2b/Q222_method2b_exp_20260413_194215.md,5234,e8dbe2f164971583e2fcfa33149d96d136eac7d4be606b61172a63e879d989c7
data/expanded_outputs/method2b/Q223_method2b_exp_20260413_194643.json,76315,0754fdf96dc8f69adeb5a28ea9f18ef5699ca55cf00a64bf72a03e7c858586d5
data/expanded_outputs/method2b/Q223_method2b_exp_20260413_194643.md,5128,0a5d50162d510dfef7583d0f0d898498d96a189bf60d13562090938cd5846a21
data/expanded_outputs/method2b/Q224_method2b_exp_20260413_195121.json,64934,db8960f56641775b4f92eb9677dfcb9befdcdb0ca9e939e6e0dbe1153876b414
data/expanded_outputs/method2b/Q224_method2b_exp_20260413_195121.md,4062,adfb249eb78e909a8292646bcfc80c6f1957c79dcd8b106e23ddc8e658f66de4
data/expanded_outputs/method2b/Q225_method2b_exp_20260413_195440.json,69387,46bd9fecd6c37a22e2b7a9180a558e1fd4142c7390621c3f10665b435ec4c0a7
data/expanded_outputs/method2b/Q225_method2b_exp_20260413_195440.md,3971,944a276ef8a89e67d5cc529af73e3612303bc72322f13f84b22128d3f0c3fdea
data/expanded_outputs/method2b/Q226_method2b_exp_20260413_195815.json,80854,3d222acff752e5bbef7b878c6e0a898447f90055b87aca449b06a44f36d5fe68
data/expanded_outputs/method2b/Q226_method2b_exp_20260413_195815.md,5248,28e4e93ae13c5866d0f85de7cd2ad3a1913c2e2c7171a0d85fa6a577cc77f9d2
data/expanded_outputs/method2b/Q227_method2b_exp_20260413_200215.json,62812,80df3c8eb7f8a15309ccaf351a3cb694f64af8c08a2fbe91245db5d83bbe7bad
data/expanded_outputs/method2b/Q227_method2b_exp_20260413_200215.md,5374,da6c934689b0fd656c328d24418349e28dc19656fd0c702cc233d4c59c14577d
data/expanded_outputs/method2b/Q228_method2b_exp_20260413_200629.json,64260,b346837db97f45a32d8538d4c838f82400804d9c105b40d7d64a11503f2efd37
data/expanded_outputs/method2b/Q228_method2b_exp_20260413_200629.md,4927,ae95817873f369d485cf4c015213f1be917cf0d441221f48b0d9c6f1a41b6bb7
data/expanded_outputs/method2b/Q229_method2b_exp_20260413_201044.json,33678,9776abfc4c1efc022331b36b0913a0d75d097c38c4e29835397fec1887b95bec
data/expanded_outputs/method2b/Q229_method2b_exp_20260413_201044.md,4564,f6378ad4799d916933f5bcd11b99eb1b88fd34b148055613300d0ea91f6803b0
data/expanded_outputs/method2b/Q22_method2b_exp_20260413_000605.json,19351,3e9cd589207a1c4e6524b48d835e1c9359c4baba44f04a54839b68608f2c308f
data/expanded_outputs/method2b/Q22_method2b_exp_20260413_000605.md,5354,d859b755683c54f0f799121c95c612e7e554c9b39667b128429e023b876a66e1
data/expanded_outputs/method2b/Q230_method2b_exp_20260413_210136.json,54935,581b01647482e529290a52c8adf8763ad5bac72b3b979d39228b17a526c3fcfb
data/expanded_outputs/method2b/Q230_method2b_exp_20260413_210136.md,7160,9d553b4cc6bedc3247b4352cb67a1c76d30842f59dc13933cf39c3f03b3976b8
data/expanded_outputs/method2b/Q231_method2b_exp_20260413_210505.json,101816,ddbd4241d120fad0a2f844b27d0b3e6c318f8b9d22a1555e07329fc0a78403ed
data/expanded_outputs/method2b/Q231_method2b_exp_20260413_210505.md,4788,57b642b1c3214dbb5c2023f5d36250bf8e1c2333971e819430d50269ca3ab011
data/expanded_outputs/method2b/Q232_method2b_exp_20260413_210925.json,31878,b9c5afe245c1a843c0bf7a38b4170c0467d70e0f636b49b7fdb49bfb2bfb7d97
data/expanded_outputs/method2b/Q232_method2b_exp_20260413_210925.md,6369,8f54dfebb2f035f42a72c40772fb02376a2dc8c1165832dbfbe16940c5fafd88
data/expanded_outputs/method2b/Q233_method2b_exp_20260413_211358.json,27699,d53724cff0157204259d08a8b933223594bb02c3fef6ce4789fa4d1d6f3b4ffc
data/expanded_outputs/method2b/Q233_method2b_exp_20260413_211358.md,6330,fa893642469af1255c0277d098e0076c6cab69fe7659cac323d8cdb398b0c83e
data/expanded_outputs/method2b/Q234_method2b_exp_20260413_211814.json,51920,47a3c2f18263c67b86d9dcbcd60f313856eae68ffd045e5860376afb78c37780
data/expanded_outputs/method2b/Q234_method2b_exp_20260413_211814.md,6093,0d5c5032cc872acbcd14df8d1a2a98eea6331da620d74819e0a92476044bea7f
data/expanded_outputs/method2b/Q235_method2b_exp_20260413_212156.json,91450,175892f7d2475853f69acbc55b40cbcaa765c0309bf6a76fa3254b80f31841e5
data/expanded_outputs/method2b/Q235_method2b_exp_20260413_212156.md,4757,ff412f7ae7095c86fbad5ad8c1348ec3b7f1916383f3a83a124ddefee9bdab3b
data/expanded_outputs/method2b/Q236_method2b_exp_20260413_212558.json,100537,87ebe1ea352f20df2577715d83bac0bf6eaf388c1bc147dde3782627f35e5919
data/expanded_outputs/method2b/Q236_method2b_exp_20260413_212558.md,7020,0e45ace4c0245a8154e3c987af035c63d74c19ecba3dc8612047a6bc5af8f66d
data/expanded_outputs/method2b/Q237_method2b_exp_20260413_212947.json,34918,39c2ef0fa7e6be065dd40dbbf2a7531691f24207ee024ca33d14fd12ba9a0b38
data/expanded_outputs/method2b/Q237_method2b_exp_20260413_212947.md,5348,4c16a6a8da689da3ca489ac8c90fbd30e5360c78a1befda4626b7065bc937616
data/expanded_outputs/method2b/Q238_method2b_exp_20260413_213306.json,77868,f3a5ca4d0a4a1a8ad608ab0bbaa056cdef426822399da7644c1f6c2670a44e53
data/expanded_outputs/method2b/Q238_method2b_exp_20260413_213306.md,5458,d0db8099283699a05df4b9c12e582f3042b076d77a5716f0c9ad47f6873283ab
data/expanded_outputs/method2b/Q239_method2b_exp_20260413_213632.json,31940,0434595302195c822c95bf3665e5f54a6327f24e96e56d2e65877e02d7707732
data/expanded_outputs/method2b/Q239_method2b_exp_20260413_213632.md,4510,0c10b62fe45849bc864a5e088e2ac2d40a8085096c867b674514be17ed15b1d8
data/expanded_outputs/method2b/Q23_method2b_exp_20260413_000959.json,8997,80b56fc818a24a7312b53020b9a3c65a1d44679e7b9a6d619e1e233d5dc75d8b
data/expanded_outputs/method2b/Q23_method2b_exp_20260413_000959.md,5224,f10cabef35cca4c0c9dce0f80643aa01a340fd26deea11523d3ae1afa12a7dab
data/expanded_outputs/method2b/Q240_method2b_exp_20260413_214025.json,63479,72dec737fba5977d89428d8adc7449c9be2d76a3d3b66d71dea0448cb7c92d1d
data/expanded_outputs/method2b/Q240_method2b_exp_20260413_214025.md,4943,245d29f70d0d375379f278cf1652f4831263d2e71296df53fc7dde82aeefd4c0
data/expanded_outputs/method2b/Q241_method2b_exp_20260413_214409.json,37625,486773659311973d3beb34ba1479db19d671e953509cd8ff67fcc1fcf8f1788e
data/expanded_outputs/method2b/Q241_method2b_exp_20260413_214409.md,5048,727a2cf18c081b1a9d2d5dfe952588ac795a4f41e76f83764612790558ac8c37
data/expanded_outputs/method2b/Q242_method2b_exp_20260413_214820.json,208981,c164723667f93a55cdf7658c9c7dd96ad2ca62ae0c8987d9de17423e473d5987
data/expanded_outputs/method2b/Q242_method2b_exp_20260413_214820.md,5135,87fa91e28188d12563eafbcdbf19350abbee6e7bb54ce2d42a9540ae9548dc2a
data/expanded_outputs/method2b/Q243_method2b_exp_20260413_215224.json,81430,18673903af19b1a2f51036ea99d0299054d735549c81bba896a5dda650452389
data/expanded_outputs/method2b/Q243_method2b_exp_20260413_215224.md,5203,de69a3e0d5a3f273c33cc899190cd2ebfe8c63acd1c4ad3b967142f5b2cacc29
data/expanded_outputs/method2b/Q244_method2b_exp_20260413_215613.json,48477,22a2123198e3b070f668b3484aea46bfda4d865e17ba65aca7792d919412c7d8
data/expanded_outputs/method2b/Q244_method2b_exp_20260413_215613.md,4786,d872d5a92f78bbe9631f2931eb2964f3c96f68452f9de91a386d32a9748e7948
data/expanded_outputs/method2b/Q245_method2b_exp_20260413_220005.json,23177,1e5ed42c88ad15808dce2929f6484df1fb364d21fa64e72eb668739446069a72
data/expanded_outputs/method2b/Q245_method2b_exp_20260413_220005.md,5244,c2df5a0a7ee6df9ef4e3c24456b33a842c72464a2a70bb4bf809a2cc8aaf57c3
data/expanded_outputs/method2b/Q246_method2b_exp_20260413_220449.json,74934,eeffa48d237e12aba91f10f1e629f37ddbad1e5a4ce03d0f06cc3e300e17fcbc
data/expanded_outputs/method2b/Q246_method2b_exp_20260413_220449.md,5672,67cf60ebf30e0ecbb90d072f4f0772bad3408d52da86fdc7c859df19f2af9752
data/expanded_outputs/method2b/Q247_method2b_exp_20260413_220935.json,20616,1d82e013366e7656d00c019ee73f7aabae07dafbd6f35adb0223f3e4cf52ddad
data/expanded_outputs/method2b/Q247_method2b_exp_20260413_220935.md,4421,c6205d86ff1ca6604dd00b8f4d792e186bf8a0898b3445a1c29b6dc3467555b7
data/expanded_outputs/method2b/Q248_method2b_exp_20260413_221347.json,33686,53012c24b45abd79c2fc7e60175285ef1a6cf8a9d12b16484fe53f6611b1180e
data/expanded_outputs/method2b/Q248_method2b_exp_20260413_221347.md,4829,0f09a7b8517a80d1bec14ba4ff0871c2c08fb43ed246b4acff3cadaa6c1c0075
data/expanded_outputs/method2b/Q249_method2b_exp_20260413_221738.json,50831,0abd95a5c2fd66d5b4775070d722ca1b5eab86c91fa5503da6a3f232ae8d1b5b
data/expanded_outputs/method2b/Q249_method2b_exp_20260413_221738.md,4684,e2e5874c0f38c56542e6df2cac29102defbcc9a19c90d080692bf772c46c7cbb
data/expanded_outputs/method2b/Q24_method2b_exp_20260413_001413.json,14493,eef5194fb1a8d04c1700d5445d3c4af4f8f425406fa904022199377ff11c61b3
data/expanded_outputs/method2b/Q24_method2b_exp_20260413_001413.md,5983,14ffab7914b3342f0e1d53cd07079ad2d6589cea236b949689002d91254f8d77
data/expanded_outputs/method2b/Q250_method2b_exp_20260413_222125.json,50415,f3be9de3ed5da5b9de710239f36129478ee87a5db8b9e9ecc7a83b0325931e46
data/expanded_outputs/method2b/Q250_method2b_exp_20260413_222125.md,4922,74748b3ad7406dd7043ac0245189faacfe406bf6073a553c5852585c6001dc4e
data/expanded_outputs/method2b/Q251_method2b_exp_20260413_222506.json,56501,ee98d7839cc7d9619fddbde7b170ea5cf4dc98480161e66ed4b7723e927ed7bd
data/expanded_outputs/method2b/Q251_method2b_exp_20260413_222506.md,4596,8bd385d9e38c458a3e3f29823199823fae354b69ea5b9bd41128efdecc31af69
data/expanded_outputs/method2b/Q25_method2b_exp_20260413_001802.json,17233,3b23484f9506b668026cfa57b3febb86d518399dbf23b26b89fda1a1b10172ff
data/expanded_outputs/method2b/Q25_method2b_exp_20260413_001802.md,5985,66b1bcd9492d8d12866ccf0de384d486dbda6ab3888bb3cf34beb73d0bbac4bb
data/expanded_outputs/method2b/Q26_method2b_exp_20260413_002126.json,14111,652118231d584f5af643b740597d5b85aba4f1345bfd20acde6bcc43fd6572b7
data/expanded_outputs/method2b/Q26_method2b_exp_20260413_002126.md,5588,e917bffc468abc6ca7e0aadc833b301164456b6447047e0e39489a0bfa35fbd7
data/expanded_outputs/method2b/Q27_method2b_exp_20260413_002542.json,21248,da5f83def745b6cc653ed8a06d273a42c9a6a3c30cfb6ef8280f4b9ac5d76159
data/expanded_outputs/method2b/Q27_method2b_exp_20260413_002542.md,6716,12eee4fc444e8de05c8c4e998d322d53bd3fff9a22892808395a520ed912f443
data/expanded_outputs/method2b/Q28_method2b_exp_20260413_002937.json,18941,ddb07ecb33b7e5663bf052cc7fd8c62d46c2521bc04027c438735b20543880bd
data/expanded_outputs/method2b/Q28_method2b_exp_20260413_002937.md,5386,4a41395261b5aa68c7bf8067ef9e19459f3c99a734a5ce28a98ec7d7af7b0502
data/expanded_outputs/method2b/Q29_method2b_exp_20260413_003306.json,17212,83c7d1251cfc28fc9fc046c3ca61a47d936104fa9974c0674d42487c4fd50b78
data/expanded_outputs/method2b/Q29_method2b_exp_20260413_003306.md,4299,dd5e2e590b863e0b61a314e7cc73362ddb0c3e863f5b06fa57393f41754f551b
data/expanded_outputs/method2b/Q30_method2b_exp_20260413_003724.json,19553,eebed62bf691499e72b5b356d3601dc246a78e22e4efdc8204b60760fd7a414b
data/expanded_outputs/method2b/Q30_method2b_exp_20260413_003724.md,7220,afbdca2cc5aa737ec6b892c2334e8232be489577446702816c710ee81e8c3244
data/expanded_outputs/method2b/Q31_method2b_exp_20260413_004117.json,17254,c29cfde3382c71b9f6e43ee691eb97037c4ef3d4a2bd3f4f82ee577a722e94ac
data/expanded_outputs/method2b/Q31_method2b_exp_20260413_004117.md,5608,9d4ba9258f7306012756af171283334a6b5351539a7e91c1a81611e20350221f
data/expanded_outputs/method2b/Q32_method2b_exp_20260413_004427.json,17254,4564afde30f94f12780183bf37e3a5ba20c105e025c9626475ac304a56624f14
data/expanded_outputs/method2b/Q32_method2b_exp_20260413_004427.md,4906,e05d56ffe8b62dad402e102af870cdff8505505432861ab72c03c7aef4c25d4d
data/expanded_outputs/method2b/Q33_method2b_exp_20260413_004744.json,14169,e01bc9b188d9c6bbd89fc244bcb8a76675a37e0b4a19c23565f6f4849fb50ae2
data/expanded_outputs/method2b/Q33_method2b_exp_20260413_004744.md,4665,34b6ec72f21c9d69a77f3ffe9520319928472a207b08f5293076cdd1b2e41b06
data/expanded_outputs/method2b/Q34_method2b_exp_20260413_005101.json,17251,c0eb83fa44c093b637af4e81b70be3459d34a2b92b40d1925bccf48649b3cb80
data/expanded_outputs/method2b/Q34_method2b_exp_20260413_005101.md,5455,c53d058ac980e406b8e92508967f87f9b4e015a639e10319ded98a2f9fd599d3
data/expanded_outputs/method2b/Q35_method2b_exp_20260413_005406.json,17248,96dbcdf269e6ca42e0ddee1f3850bf6c7af53722b2f6eb748eee90a29438678c
data/expanded_outputs/method2b/Q35_method2b_exp_20260413_005406.md,4641,6d7df30d084be83db7fc9e037642faf398272a017d8e4528e3399973b2cd9013
data/expanded_outputs/method2b/Q36_method2b_exp_20260413_005718.json,18469,1f6d73d8466814328537ebb7fbb669c4f6849f85a1ecdbdbfcd8cdb068e1ed3e
data/expanded_outputs/method2b/Q36_method2b_exp_20260413_005718.md,5291,a1de368a3d59ff23177a323cd4f7e0fef64637628b14a1390c2347fece0824f9
data/expanded_outputs/method2b/Q37_method2b_exp_20260413_010011.json,31037,d65e8c64a57c9ef882782087e5e5f7753caf50b55fc2c7e360e34da0997c8cc8
data/expanded_outputs/method2b/Q37_method2b_exp_20260413_010011.md,4367,38b33247a3eb4b75271794d0b08124c0efaf0b4315968cd7852c55b3440ba3aa
data/expanded_outputs/method2b/Q38_method2b_exp_20260413_094810.json,23552,120c9fdecfe5e9d346999bad9f49db163a61f2f1639c61b4b37dc5349aa49685
data/expanded_outputs/method2b/Q38_method2b_exp_20260413_094810.md,4777,f3306e78946bb03c37f18e86842cc14ca6b1925d18e70f133053e4f4786e03ff
data/expanded_outputs/method2b/Q39_method2b_exp_20260413_075634.json,19507,d38231c8b03c477728e436dc274cd50e69183de1a3aca0908a24bf31be75590e
data/expanded_outputs/method2b/Q39_method2b_exp_20260413_075634.md,5844,9a3d45bdd15cf80677a4fcbc8c691a269d5d8807367647a3ed31078cf15a330a
data/expanded_outputs/method2b/Q40_method2b_exp_20260413_075927.json,45283,695206896b920d8d90cd364b02abcd0a6fc265aadd812af2b2729fdf36b78750
data/expanded_outputs/method2b/Q40_method2b_exp_20260413_075927.md,5195,0bf62881fe7b80e59eab8a6ebfbaba6ef6049a6764be8a6d9eb8d4457374a684
data/expanded_outputs/method2b/Q41_method2b_exp_20260413_080231.json,14162,602d7c1d0abfbc8114ae985b5fc8210eb2bdb088fbaf1874be78f6daf8201e30
data/expanded_outputs/method2b/Q41_method2b_exp_20260413_080231.md,3699,8000d60512ce5f239a409a7cb8594408a48d165944afb39b8666dec28cafaf54
data/expanded_outputs/method2b/Q42_method2b_exp_20260413_080553.json,19552,d60c26ac646d146034cca6f079cdbb56876f2613dd86059874aeb66e0599e282
data/expanded_outputs/method2b/Q42_method2b_exp_20260413_080553.md,5699,16dcb6ee5b45aaf3e83c2a2f4bf4598ba80d617bb4256ba3a58b3d5a67662e2c
data/expanded_outputs/method2b/Q43_method2b_exp_20260413_080931.json,17239,c10206f292c3baa933ec52a74dc0118dfe35282162cea832e9d491042d5a6e6e
data/expanded_outputs/method2b/Q43_method2b_exp_20260413_080931.md,5391,46e5290d3a18a45fc5ffc19b64e2d76538585bed372943543ad4707183ee93b3
data/expanded_outputs/method2b/Q44_method2b_exp_20260413_081310.json,20254,5f53fe13f6e185698f84bd72b25257462fce9fbefc53dbfc6d7fb6c35a60ac77
data/expanded_outputs/method2b/Q44_method2b_exp_20260413_081310.md,5919,6fd1d156b0f64459d21854d00f8b0b6ac0f3f118629e0a481d64ace100df46c5
data/expanded_outputs/method2b/Q45_method2b_exp_20260413_081612.json,7759,9086ab020ba35fbd4bbca65dd8f3182c20659beb73bf4dd7558d00e87abce917
data/expanded_outputs/method2b/Q45_method2b_exp_20260413_081612.md,4309,4ea320680f628631fd55703acf3d1e0ccf505195c85153c3ebe9961561db259d
data/expanded_outputs/method2b/Q46_method2b_exp_20260413_081854.json,17245,f0d5cc3cd4250e7fb11b1ad2c66bcb5777eae7fa6bfcb4f713c43da671d6a45c
data/expanded_outputs/method2b/Q46_method2b_exp_20260413_081854.md,4965,1f7f28b62625a10aea08053f4c384f05c18dda4a8044423f9ec9aa61cb18132f
data/expanded_outputs/method2b/Q47_method2b_exp_20260413_082121.json,17245,28a2f5fce02b7c692250cdd3880d0d796df290df4cb486724d8d9fe452c96d97
data/expanded_outputs/method2b/Q47_method2b_exp_20260413_082121.md,4849,1b774b4e2b22ffc430bde9c3224cd2ac1f0a206e6e9d3964006e205329a2b250
data/expanded_outputs/method2b/Q48_method2b_exp_20260413_082417.json,17233,7deb348e2b408a4c5c6690484008048da1ecf4dc5d02a5fa709b548d89238a48
data/expanded_outputs/method2b/Q48_method2b_exp_20260413_082417.md,4902,0a24ee634ad2d36d273b7d07bdba9ab78acdba30831f00c5f6cc091f2dede539
data/expanded_outputs/method2b/Q49_method2b_exp_20260413_082702.json,18140,5da980d163bdfcfaf0cc8f9df3bd1bb816f791ee5a1bf110a38e8aaed3684d5a
data/expanded_outputs/method2b/Q49_method2b_exp_20260413_082702.md,5547,cba45c04ccaca75818021433f01d49bbbd72a783d8511bd201fb4bac5d2b41b8
data/expanded_outputs/method2b/Q50_method2b_exp_20260413_082921.json,17242,2966527c4eb717be68c6183a3970853a9387e55200996f5c287a4f62536b3785
data/expanded_outputs/method2b/Q50_method2b_exp_20260413_082921.md,4311,b96cb566bff6d4b1d5c456bf1f4fb742168be12453d449fcb743c6e006b0ecd7
data/expanded_outputs/method2b/Q51_method2b_exp_20260413_083206.json,15810,ed38e3bd794df8fcd9d6c2e0907327b68f83abe2973c652a72d94f37d63a895e
data/expanded_outputs/method2b/Q51_method2b_exp_20260413_083206.md,4903,c898c6d1a2fd9cfc6d879a878baa3cfcee7759019bafcd2cb18b2b71855e7eb7
data/expanded_outputs/method2b/Q52_method2b_exp_20260413_083430.json,10257,94c36084160e26ea9a3ef52698a8026ecf2060be4f0e87e4bc3f6d8cd4f73b7c
data/expanded_outputs/method2b/Q52_method2b_exp_20260413_083430.md,4550,9a6aa17a8ddbc95f294ead7de6adae978c8bcbf69c6206b67665584f5ce911f1
data/expanded_outputs/method2b/Q53_method2b_exp_20260413_083704.json,10777,1e7657335bd6d59d10fb288ca08a66a91666c8ffd10307d219a2021c58a358fb
data/expanded_outputs/method2b/Q53_method2b_exp_20260413_083704.md,4504,5b377ecdb6a1b905d265748b528ccd7fe04aacc6274de8f957f30a0a99502237
data/expanded_outputs/method2b/Q54_method2b_exp_20260413_084008.json,9003,d362d3960123fd63483742b8a4b109daf3570a108bd4589ee6626fbb19aa6224
data/expanded_outputs/method2b/Q54_method2b_exp_20260413_084008.md,5672,d78739c42bb9d6a0a55f67d5ee3903b5d8788278ba3980a27dcabf8051f36e06
data/expanded_outputs/method2b/Q55_method2b_exp_20260413_084226.json,10649,c3f0d747278829a321ccc8843b2fa8a47c58f430509d9d958e085cc67d98e6ce
data/expanded_outputs/method2b/Q55_method2b_exp_20260413_084226.md,4603,cb4448de0d7109c967a34420859b68c40c1bedc7af631b0b5bb5c272a8c7bcb9
data/expanded_outputs/method2b/Q56_method2b_exp_20260413_084455.json,31656,781246edda53b8105362650473f777ff5a1392c520f0cc1782ccdd1d5d9bd5a9
data/expanded_outputs/method2b/Q56_method2b_exp_20260413_084455.md,5417,9848ea4d1b67f40d26fe64e3d20407b236de1acb99ae908594371d0f8f3d45a0
data/expanded_outputs/method2b/Q57_method2b_exp_20260413_084743.json,16509,226b0062f1cd086b14f8b5b8127e2891bf300d4d0c15bdac981c6458588bb0ce
data/expanded_outputs/method2b/Q57_method2b_exp_20260413_084743.md,5174,eaffcc10bb24a8a0b29bfa60c234abf0eea1205adb3ee872ba48fec75ed52d60
data/expanded_outputs/method2b/Q58_method2b_exp_20260413_085117.json,19537,e1ba0d2054bc94c54367751562c26ea175bfa8c9cfa80ef635c4607b2cfd4f87
data/expanded_outputs/method2b/Q58_method2b_exp_20260413_085117.md,5486,99f7ee95a82e647d359132879e4d70f1996a7753604283f31e006f34a12ee91d
data/expanded_outputs/method2b/Q59_method2b_exp_20260413_085349.json,7757,a98f90610ce8181c9ec608286db3b469d7f21682d70f53185b55faffdd9cd7c7
data/expanded_outputs/method2b/Q59_method2b_exp_20260413_085349.md,4584,14bb37f4d93ab3c475ba68c55f05f144a955dffd04ca17a161b7018726380d9d
data/expanded_outputs/method2b/Q60_method2b_exp_20260413_085652.json,18703,399735a1a83e61ac02a7f140d1c797adafa01a4ce4f6e6e3200801a8796e04ac
data/expanded_outputs/method2b/Q60_method2b_exp_20260413_085652.md,5312,252a4b3678428710884d89d9ba000d660b990cfc85d94e292bace70eed7f1805
data/expanded_outputs/method2b/errors.jsonl,3345,4f6dad7f5cc2efd378700c24422cfb12229be835c371b13a4c5166bc2818583d
data/expanded_outputs/method2b/metrics_summary.json,290,3cf74f329ef8a6d2f2422a10ec56da5286d8c0eddfff1112ee407463bf15c889
data/expanded_outputs/method2d/Q01_method2d_exp_20260412_223423.json,17221,d92df1e6ecda410de411bc4012e741b4e6a176685fdc1a4f0f44ca272ebf1495
data/expanded_outputs/method2d/Q01_method2d_exp_20260412_223423.md,3178,8e4b185f751b1a1feeaec224f815a487da6799e34a91e89e8d0c11a6583e1fc5
data/expanded_outputs/method2d/Q02_method2d_exp_20260412_223737.json,17215,22a763bb6c11cad9ebd86759e52c984ebe4a0b05518da42bd8e89eb3367cb4a2
data/expanded_outputs/method2d/Q02_method2d_exp_20260412_223737.md,2794,d05e78f2d1c393391a86f7bfa0b064b18e07522e15098309b364ae98be57d84d
data/expanded_outputs/method2d/Q03_method2d_exp_20260412_223849.json,17233,f7ecbf34a841ebcc7bb0b29700c7689426454a890dc8c1efaa425ae4c5de78bb
data/expanded_outputs/method2d/Q03_method2d_exp_20260412_223849.md,3384,bf792c653db5da54dff89d7aa3224e7ce37c85d26062abc366978042411a0fe9
data/expanded_outputs/method2d/Q03_method2d_exp_20260412_223900.json,17233,14e1b14fd6407d235170009ae19107f05c60d8a36e40b62803d969ff288525cd
data/expanded_outputs/method2d/Q03_method2d_exp_20260412_223900.md,3634,ccb88392e46b02886678fc49a4d53f8cfbfcc95953e182f3a60f8c0c4a47621d
data/expanded_outputs/method2d/Q04_method2d_exp_20260412_223946.json,15773,4b59707a48df86b6a44a0b3141a9d37690664796bffa2ed8c0a6e0fc206b3326
data/expanded_outputs/method2d/Q04_method2d_exp_20260412_223946.md,3369,fc514c2cb38c350af4ebbcb3e4d9d6166a75a60f9e57f535337cfa04827a314d
data/expanded_outputs/method2d/Q04_method2d_exp_20260412_223958.json,15773,8cbd5af61fb47ba1d36edc97d7a16d4f5be88a947e734f97836804c50ee87975
data/expanded_outputs/method2d/Q04_method2d_exp_20260412_223958.md,3011,e5420102568acfea4eca07732fe279ae6dd29a343cd086cb072e8df36221301f
data/expanded_outputs/method2d/Q05_method2d_exp_20260412_224100.json,17197,2b96a3be583521c52101f836e350f8c21491a8e65289237f15138a5fc4cf9c49
data/expanded_outputs/method2d/Q05_method2d_exp_20260412_224100.md,2928,cde8748afad2919f36a924d428c166310cf24519d42de949e52902e24d3af2b0
data/expanded_outputs/method2d/Q05_method2d_exp_20260412_224105.json,17197,8fba6361bff112f365107873de78555f93dcbbac42d16335b150c1a9e0170884
data/expanded_outputs/method2d/Q05_method2d_exp_20260412_224105.md,3189,16728e2af1d582999dfcf68b4f5edee1f0db5e14000a5ef375a46989878474a5
data/expanded_outputs/method2d/Q061_method2d_exp_20260412_233630.json,17228,f02e1d82e5d2b7b0af052892edd55c9ab5cb1add628f5878f85f0a811707ec9f
data/expanded_outputs/method2d/Q061_method2d_exp_20260412_233630.md,3101,95ac3280008167a0078dd2784babb944f38dd262099589a24f4527b448170153
data/expanded_outputs/method2d/Q061_method2d_exp_20260412_233643.json,17228,060b86f2ace1092a9fc8548b7b519991c79c617b12a73ff90933ad2979b4cfc0
data/expanded_outputs/method2d/Q061_method2d_exp_20260412_233643.md,3334,6b5850ae1ced0d85d4f3c895e5c5abe233f99da9a463c04d4d51ce9399784c9b
data/expanded_outputs/method2d/Q062_method2d_exp_20260412_233731.json,17222,e5432b6d7b7d9f4dcb9bb00c067c79111335e278963fbacd3fb51cf98bc68ca0
data/expanded_outputs/method2d/Q062_method2d_exp_20260412_233731.md,2868,0f6036762f6475a17351116a3c2c95a625476b825dc9365be7e61d8bebd94453
data/expanded_outputs/method2d/Q062_method2d_exp_20260412_233743.json,17222,95f1f220e6cadcbc5f52410b03436684a542722b9ff6511fbd4af2c3b772fe31
data/expanded_outputs/method2d/Q062_method2d_exp_20260412_233743.md,3132,20da30549c27b3c8fb48e7864ca22c4c79ace000e4084227e36bb50ffa22267e
data/expanded_outputs/method2d/Q063_method2d_exp_20260412_233835.json,17231,91686d8b2e8ded4f893238971f3554bdff3bffc08604fc1ae769385893da111f
data/expanded_outputs/method2d/Q063_method2d_exp_20260412_233835.md,3343,f36b31fe96dad2de29239cf7f4f3b1549d9cbe72b8cdf2f1b4bb218fd971ddad
data/expanded_outputs/method2d/Q063_method2d_exp_20260412_233848.json,17231,b080bcc0dd4b74cdfe98c87d9bdb9dd69b64b39157a54b848476e51890f0a56f
data/expanded_outputs/method2d/Q063_method2d_exp_20260412_233848.md,3336,9da300bba744f6c0d4351e84360767c4cd9d4a3cb22e79c0a8351e1ea86790eb
data/expanded_outputs/method2d/Q064_method2d_exp_20260412_233941.json,15947,fd64f28eea9528b251bf12e4deea413c58a9c64325763e32ebca15f03717452e
data/expanded_outputs/method2d/Q064_method2d_exp_20260412_233941.md,3616,9b2ad75ad1e81ae9bc5fffe59277213352f5d319ab8b18a174301cafa501c93f
data/expanded_outputs/method2d/Q064_method2d_exp_20260412_233956.json,15947,dee625d025866ff09bc01c9dc66622b81955f5c20af41f99e4e8a1090233e6fa
data/expanded_outputs/method2d/Q064_method2d_exp_20260412_233956.md,3999,71dc993e3aa4a50e4c8590a41ab54e3c77c6fa2f9bf936a2bf3f8074eeb02b18
data/expanded_outputs/method2d/Q065_method2d_exp_20260412_234037.json,16995,2130f7c580d52a8001688adc1ed2446ab7a1119f7960d1cc2ef72c220aa8f150
data/expanded_outputs/method2d/Q065_method2d_exp_20260412_234037.md,3375,8dcabd8bfaf7cddeaad0417f1361b35390b99f3d8b5a9b995f3e090cca421b8e
data/expanded_outputs/method2d/Q065_method2d_exp_20260412_234055.json,16995,7a47c278219d1cb0e1349fd9a5b4167938b7ccb8f030808450ef9d8de3703888
data/expanded_outputs/method2d/Q065_method2d_exp_20260412_234055.md,2967,c362b795b42bdc9cfd1f2b5b26b2feee42e53c92e3f8be8f3f99280768ffc937
data/expanded_outputs/method2d/Q066_method2d_exp_20260412_234144.json,17231,c60a81552b64150815b3a7d58fd8abec86d812fc6d8ef8dbe4b07c223800f4a4
data/expanded_outputs/method2d/Q066_method2d_exp_20260412_234144.md,3324,b72b6d1c6af10880fa2048b02239103470e7e98bc6ff33da6404b790288b9ef5
data/expanded_outputs/method2d/Q066_method2d_exp_20260412_234150.json,17231,50bb2aa34e5572e1e49fbb86ff53dbab05e274d748076621e42b81d97271e505
data/expanded_outputs/method2d/Q066_method2d_exp_20260412_234150.md,3175,dc0f7aa0f1bf8bcdd863b08eddda73f90a7f506b8d6a9611c6bc0b2a0af6e95d
data/expanded_outputs/method2d/Q067_method2d_exp_20260412_234256.json,18182,8042a488c97a033dc0ad9a4f554b23834ea986d6f2dfa7e738de7e708bf8f443
data/expanded_outputs/method2d/Q067_method2d_exp_20260412_234256.md,3012,234809e260ba24b765d46defe7d8e20d953844ed9aa207421f6b0ef872dc5289
data/expanded_outputs/method2d/Q067_method2d_exp_20260412_234258.json,18182,851cb9fe542d0806ab0c14cd1bde99c93611ae386ac071543ef97a4646a33cf9
data/expanded_outputs/method2d/Q067_method2d_exp_20260412_234258.md,3089,831ed6a990273305e0664f43dac71852baed83a75b9e827049b2863ff4af99b3
data/expanded_outputs/method2d/Q068_method2d_exp_20260412_234359.json,17237,657c9d4b64c6c4fc24c93c329dcb015c42b6c77d9e92efff402d64abae99e218
data/expanded_outputs/method2d/Q068_method2d_exp_20260412_234359.md,2874,aef72c56e7a299796405b569f032159333b0d2ae121ac28a28c965430959e265
data/expanded_outputs/method2d/Q068_method2d_exp_20260412_234402.json,17237,0617ef9120d10e58cc58c195a420a1c2cc9a790ee2136762338e2fdc2df31f32
data/expanded_outputs/method2d/Q068_method2d_exp_20260412_234402.md,3241,4d27b1a94ae049082e5299c85ab2f553704752b7a78e0cf6ba58bf6a91a09474
data/expanded_outputs/method2d/Q069_method2d_exp_20260412_234458.json,17228,e09838d36afe339c6a556250e61943187f9d828965e789552aed40c89380a6ea
data/expanded_outputs/method2d/Q069_method2d_exp_20260412_234458.md,3218,d6b0aef9fe58cd03061ef99949509b831027581768bb624505709bdd26e163a5
data/expanded_outputs/method2d/Q069_method2d_exp_20260412_234503.json,17228,81eaebde6d1990caa8c304c8ef89a9a29271e50da9da48b1ad5f4ce08684bb6b
data/expanded_outputs/method2d/Q069_method2d_exp_20260412_234503.md,3276,4132783011b1d438687556bdd91c57b26b4493b02ec57329b34a159bfd5c5995
data/expanded_outputs/method2d/Q06_method2d_exp_20260412_224211.json,21457,736992bb60eeabe1540958dddc9a320a010241a6ad96d6e7d42592eaa6b4522e
data/expanded_outputs/method2d/Q06_method2d_exp_20260412_224211.md,2902,97f72ade349d308f461e2bf6f9c9c0945621f2145e63c16364dbc0a387722fab
data/expanded_outputs/method2d/Q06_method2d_exp_20260412_224213.json,21457,260dacc71ce7ca691d51fb25a7c78f29522f547b438b1e7e51454ac533ba98ee
data/expanded_outputs/method2d/Q06_method2d_exp_20260412_224213.md,3100,6ff469674271875588198f4502d58e7e73ed83a8f18734b05bbfdede7858ef67
data/expanded_outputs/method2d/Q070_method2d_exp_20260412_234603.json,71219,faa1ba742c5378aa7fda96f250ada1750c80f1d928b93238e658482c61dbcd89
data/expanded_outputs/method2d/Q070_method2d_exp_20260412_234603.md,3273,b95820879290c9d551791e268d607266ed95fae6617ac4d26e75493a40d15c5b
data/expanded_outputs/method2d/Q070_method2d_exp_20260412_234607.json,71219,653321cbf8ebf3c4f63a7c44789fe08d70dd874768c9c81e2effcf756cdb6e6d
data/expanded_outputs/method2d/Q070_method2d_exp_20260412_234607.md,3176,7870ce5b9c7fbedce5db22e62b43452d05015baf5181962def00aca13eb47fb7
data/expanded_outputs/method2d/Q071_method2d_exp_20260412_234707.json,46803,a95cd46a2fa35bde0e3ea62760b74bebc96fa5105e587d7283dbc8a6f4f5674b
data/expanded_outputs/method2d/Q071_method2d_exp_20260412_234707.md,3326,fbb8c410851c2228e9ccd630035da5f4c68d3319bf190691032f66d7aa420a2c
data/expanded_outputs/method2d/Q071_method2d_exp_20260412_234712.json,46803,be8ab5a638db85e2b8712c375084cc1a1468085fbd9892ba4ad76b8e06da5b81
data/expanded_outputs/method2d/Q071_method2d_exp_20260412_234712.md,3575,3f46b6d662d3c83ab0105ea9c571a9d4fc92bf6af326685b156f22356b10e97a
data/expanded_outputs/method2d/Q072_method2d_exp_20260412_234751.json,10739,a30d82415034ad61ac28e3fd9d5f973f719765f473ee997582b1dc2375c26258
data/expanded_outputs/method2d/Q072_method2d_exp_20260412_234751.md,3387,77d531952cf6fb528b22339e06233f588dbb1108f1a44f7dd74fe74dec166298
data/expanded_outputs/method2d/Q072_method2d_exp_20260412_234752.json,10739,d5f1bfebfa2c593215002e8348e717a432c1d1c7bed876b4c8a96256f7ad0513
data/expanded_outputs/method2d/Q072_method2d_exp_20260412_234752.md,3162,316654ffea405eb9e2d89dca043eb4b00949013ba5832a237b3622e34f16c7c6
data/expanded_outputs/method2d/Q073_method2d_exp_20260412_234855.json,17264,bf3309347bad898daee87f1b56757a4a965cad30e0d054fb7b725e1140ebb30c
data/expanded_outputs/method2d/Q073_method2d_exp_20260412_234855.md,2601,357425174614ca40cf0c5bfaeb7029ea3defb296447cd1f033729f26bb4b5f5b
data/expanded_outputs/method2d/Q073_method2d_exp_20260412_234900.json,17264,6b8fb8255ce07bdad22b9c82cacd3d11bc09e6ba9d040beddc3ac355acdd1474
data/expanded_outputs/method2d/Q073_method2d_exp_20260412_234900.md,3138,e444295f80480bb98e07b184cea64115495c9f102b44b3a8d6b2c7e4765c2005
data/expanded_outputs/method2d/Q074_method2d_exp_20260412_235006.json,158333,5d3c4722dbd5d175d29933723713cb29ede6e32078ba789d0d00800c9dabb482
data/expanded_outputs/method2d/Q074_method2d_exp_20260412_235006.md,3500,f7e47b667a519cd8dbf658d33fdb8b95a3fc99b1e9ee345b20d58ac8268b49b2
data/expanded_outputs/method2d/Q074_method2d_exp_20260412_235012.json,158333,ee192e277d1dad7f9e6e8db515bb66e6806b8345bb81012d762c8ac65a1f4f3e
data/expanded_outputs/method2d/Q074_method2d_exp_20260412_235012.md,3346,1a76366c8162b6e162dd2afb5ea8447dee28984f59d89d8322e5dbe721e421a4
data/expanded_outputs/method2d/Q075_method2d_exp_20260412_235114.json,20877,331c7fd2a7bc97277709245410b81e3d3fe54cd9f38f0cc0efd657256bb10f92
data/expanded_outputs/method2d/Q075_method2d_exp_20260412_235114.md,3395,86e8f8a8e085f5b2cef38c5a10cef30cf1c33797bbe0261c830ce29a1886fdcb
data/expanded_outputs/method2d/Q075_method2d_exp_20260412_235119.json,20877,ff28e2cb73140851c46ac05488cc8df8e97d0ca856ce0506aa03f678a7f7eaab
data/expanded_outputs/method2d/Q075_method2d_exp_20260412_235119.md,3436,be4425769ad587b6be696f5251608ea381caf0e1af730b38549338ff98a15840
data/expanded_outputs/method2d/Q076_method2d_exp_20260412_235225.json,25267,4d5a0b2cbf70231c5649a4e4a81524787cf0e81f4c73c6c2dcf63b1fa563743d
data/expanded_outputs/method2d/Q076_method2d_exp_20260412_235225.md,3548,9b3136c13d35ce5fc0fe88f45dffc66e1f032582bf35f86fec6b37f54faa6664
data/expanded_outputs/method2d/Q076_method2d_exp_20260412_235227.json,25267,c7170b87cc18b8061a4bae2716c5994c6dc2a7d0a8bdeb921994e18784dc945b
data/expanded_outputs/method2d/Q076_method2d_exp_20260412_235227.md,3657,838ec5c0a1e4c2bab95026cb0f1fb32a7f998733fb03f4e60abbfbb1dbdaee53
data/expanded_outputs/method2d/Q077_method2d_exp_20260412_235325.json,17233,77d09d766284dfddbaa9cdea2db166381584411024ff1db5c3e5e0ddfb7cb104
data/expanded_outputs/method2d/Q077_method2d_exp_20260412_235325.md,2814,84f027bdd0865903bcc3acc5da9ac3b46b766b623f7cd90cbf845beff6def744
data/expanded_outputs/method2d/Q077_method2d_exp_20260412_235327.json,17233,14eaaa6da7cdb5a18ec9ea869f922913f3ba0dfec1ee53c734dd8fb1ab903d9a
data/expanded_outputs/method2d/Q077_method2d_exp_20260412_235327.md,3077,345f6bc68546852b622616bf2928855d994d6dbfef1c36259f2fdd9130fa6463
data/expanded_outputs/method2d/Q078_method2d_exp_20260412_235431.json,18241,5f8297f63b1d96f9e2a5d8e86439d2d65206d23b8fe41b31967da7eb90f8d45d
data/expanded_outputs/method2d/Q078_method2d_exp_20260412_235431.md,3055,e6f4c28d48de4a5205a36548789db15869bd5bf07915ea5b0f7564259919f439
data/expanded_outputs/method2d/Q078_method2d_exp_20260412_235433.json,18241,1859349a46786ad913d5c1455ac9736aede6d06ee11c65fa1c8c97cb068ae996
data/expanded_outputs/method2d/Q078_method2d_exp_20260412_235433.md,2871,e557c2cbf6f673ad2d0e29009699ad15b928a85806a65e0a6cc211efa1b588fb
data/expanded_outputs/method2d/Q079_method2d_exp_20260412_235538.json,17255,3c0725ce4e6f38bca15f795adcae0ad76c52e118587d0016f610ba754f6680b4
data/expanded_outputs/method2d/Q079_method2d_exp_20260412_235538.md,3064,19bd2d4666e69a8937d5a9f5e0a1b68170f15bb890d7b64c09b041160cd4e9cd
data/expanded_outputs/method2d/Q079_method2d_exp_20260412_235539.json,17255,2437f18ca50bbc6765f1426851c9e8dac28c7e8e85905ee0ab45dd631070a264
data/expanded_outputs/method2d/Q079_method2d_exp_20260412_235539.md,3203,153d3462d81112ce2370bfb4adaa90c9e5ba61c5e274fd22e292b14db05eb1de
data/expanded_outputs/method2d/Q07_method2d_exp_20260412_224318.json,7742,55768eb9e1c5193a413291f7eb018dd1f015631db13af7d3dc09202824ce27ca
data/expanded_outputs/method2d/Q07_method2d_exp_20260412_224318.md,2896,992c20ce64d48050135b873c7cae4800328e2a0fdfb907130cb46453268d758d
data/expanded_outputs/method2d/Q07_method2d_exp_20260412_224323.json,7742,cd3292da65c1386ce29e3341549ab9750b662361f938ada05cd1ab885c15aba0
data/expanded_outputs/method2d/Q07_method2d_exp_20260412_224323.md,2896,977705c720cbb4e64cd7040f1626f5264e2e5335fa08dcc3596d0865c2ac4c15
data/expanded_outputs/method2d/Q080_method2d_exp_20260412_235650.json,17237,35e8ec18dd197e254a06fab69d2a987536523aaecf535c046f3f762b869cbb83
data/expanded_outputs/method2d/Q080_method2d_exp_20260412_235650.md,3247,037752f1ac5e3ae76fe7367e03aab7adce96dd02d0ef84094af885318cfc03cf
data/expanded_outputs/method2d/Q080_method2d_exp_20260412_235652.json,17237,19ebefc29ea3be9fa71e42afd52f1347e96d5d98d2b2f1f34c57c54576938c84
data/expanded_outputs/method2d/Q080_method2d_exp_20260412_235652.md,3514,1054c2801cd05b75e768078744b8098dfcb4d422d715bd0b5aaf8f61e220216e
data/expanded_outputs/method2d/Q081_method2d_exp_20260412_235755.json,17237,91c8eb2a55542f47b7b2ea246f90f0f6b738adaa5fc3832a21d69f9f14ef515a
data/expanded_outputs/method2d/Q081_method2d_exp_20260412_235755.md,3125,2e0fbe84a94a391cce58ff1767c1616404d80867474a38bc06fc1c7f4d98ec9c
data/expanded_outputs/method2d/Q082_method2d_exp_20260412_235858.json,35329,a83a8f68c5c1dec8732caa74c16da744331b30baee9578ccc43e7ec0fcc5c0d5
data/expanded_outputs/method2d/Q082_method2d_exp_20260412_235858.md,3129,52d6993d6e23a58fe3e4d08076957a35411a814bc79fe7adc3e7c3919b5cf161
data/expanded_outputs/method2d/Q082_method2d_exp_20260412_235903.json,35329,85fda89aff5a9da92ccd484a5143a4a587af2e02fe254d6c43b2b798e94c4699
data/expanded_outputs/method2d/Q082_method2d_exp_20260412_235903.md,3288,6911ff3704d2153a22c89a2ba93902a98b60d701ed2a37ce510c9c7e8d63627c
data/expanded_outputs/method2d/Q083_method2d_exp_20260413_000008.json,15332,96f8f05c08fc74678768e1aecaf3de5e1bd6cb1fb2eddce50424b77815508e25
data/expanded_outputs/method2d/Q083_method2d_exp_20260413_000008.md,3502,9607715801b74cf8bc2c447fef2995827956c5d09196a4ca2f4e9cc1388a9cb7
data/expanded_outputs/method2d/Q083_method2d_exp_20260413_000010.json,15332,8c9c9052ff43752e307dfa8df153417f3507cda4953e37ed60f4b461a1988c27
data/expanded_outputs/method2d/Q083_method2d_exp_20260413_000010.md,3330,b150b8a5ea61a24a50fe1be48993d876c233f79aa71b457774dc3f5e0e9deafa
data/expanded_outputs/method2d/Q084_method2d_exp_20260413_000114.json,17264,8c891834a5a7ec5e6250096217b3248cbb999da9109ec5dbdba8e398a9317c30
data/expanded_outputs/method2d/Q084_method2d_exp_20260413_000114.md,3160,4adf7d142f5ee77e9815cb012bcbc263094199a93060d510ad9473760f436263
data/expanded_outputs/method2d/Q084_method2d_exp_20260413_000116.json,17264,0387ce0a15df1f8a4cfa8d03f5521d9220de577f972932619c73bef61a7dbf4d
data/expanded_outputs/method2d/Q084_method2d_exp_20260413_000116.md,3012,21be96e5ae289ee20b9599f8ea68b57a171f896988f84706b33d6f3d082ba263
data/expanded_outputs/method2d/Q085_method2d_exp_20260413_000220.json,17249,ffd6921cdef6be6a6b728efaed452132a18d6eed298ac999b1b1c44a97700ae5
data/expanded_outputs/method2d/Q085_method2d_exp_20260413_000220.md,3010,a9f83768583b5b73d5c0bfc727a773a577ba555fa3a02048d25e0a2c3d6ecf8b
data/expanded_outputs/method2d/Q085_method2d_exp_20260413_000222.json,17249,a0ec04c8563871fb92fe57e458301fdb36a2be291fad7bc2eba63e32391fc79b
data/expanded_outputs/method2d/Q085_method2d_exp_20260413_000222.md,3464,bb5c28cc741b5e3644448066761e515ac3b0e06802277deac632829c5c00d009
data/expanded_outputs/method2d/Q086_method2d_exp_20260413_000332.json,17237,d65b0f7f92e5134a62d5cec1b27caee759d4f8e02006ae476c95b23bfc5ee548
data/expanded_outputs/method2d/Q086_method2d_exp_20260413_000332.md,3102,afa0a4db5638a34fcf87275b9c044534870543901547566df60d65d677705167
data/expanded_outputs/method2d/Q086_method2d_exp_20260413_000333.json,17237,9e2ec15f89b5ae6ac49fcc1112e68f25038d16129c2ed6591a79a6dda147b5c2
data/expanded_outputs/method2d/Q086_method2d_exp_20260413_000333.md,3220,8d5933c8042097f6543b40b641ba759386eaea77741fe7b7a90ed5f539ede724
data/expanded_outputs/method2d/Q087_method2d_exp_20260413_000458.json,17247,cda63d2d421a79d110c1ca62cde60cc0a3bbef2be9c2495b9c1c79b4464ae7a5
data/expanded_outputs/method2d/Q087_method2d_exp_20260413_000458.md,2927,81aafdc1de211e1b8eb72b955020f9a6b21345dae35f0c0420d2c229a82f0b94
data/expanded_outputs/method2d/Q087_method2d_exp_20260413_000511.json,17247,dcbbaf7571d71d76d2c17f22bb16f7ce32d9d27e10595dc8b6f11e720f89f670
data/expanded_outputs/method2d/Q087_method2d_exp_20260413_000511.md,2932,c077248ec5117bbc681a53dc2fd99479bded6b48b0649d5069762996694d2e0a
data/expanded_outputs/method2d/Q088_method2d_exp_20260413_000608.json,19182,2f77f60dd83857836a7bc8320a4d1db1f63c1d91482940648afd4180efc0af83
data/expanded_outputs/method2d/Q088_method2d_exp_20260413_000608.md,3628,8c3d4d69a07f60d30ee785f79f3bb2ca391da543d45317b32c177adb15dae788
data/expanded_outputs/method2d/Q088_method2d_exp_20260413_000619.json,19182,d665f01bf28f000bd0d08a3918d6cd1bb00c33913c69bda56342b2861c8e8c4a
data/expanded_outputs/method2d/Q088_method2d_exp_20260413_000619.md,3227,d9000a08d8cc78d80fda3bb44aad0864a95b6615ce56cab07f217c786b7d0b09
data/expanded_outputs/method2d/Q089_method2d_exp_20260413_000717.json,20937,527d09389aec05cf1c840f65cf8627cf6603d9ac49658f0b064a346459dc1e77
data/expanded_outputs/method2d/Q089_method2d_exp_20260413_000717.md,3243,1f9a9ef675037b1ee8a34bebe75ea0450d1ad0d66b648e9bf7547be0deddf81d
data/expanded_outputs/method2d/Q089_method2d_exp_20260413_000728.json,20937,5bc502f41638b8e39b471845b7e44506bced636f26aa4a8e9b3331e8b120f6a4
data/expanded_outputs/method2d/Q089_method2d_exp_20260413_000728.md,3422,c395b21bc908d970d7fd8616d76dd0c048c9d4a6c8d4bd0b12f813fda4186c10
data/expanded_outputs/method2d/Q08_method2d_exp_20260412_224420.json,14459,384af8003bfc02fc9da8157630b22b4c8bab2b7a5df9cdd04e40126a27e03c74
data/expanded_outputs/method2d/Q08_method2d_exp_20260412_224420.md,3505,e451c5b87a381178febcc6ddfc71caeb75557b3d2e7b654082f777920502293f
data/expanded_outputs/method2d/Q08_method2d_exp_20260412_224425.json,14459,0d09849d698823c1064b410b9af82bc300fb5ef511e45c5e8c2e6d6a0136260c
data/expanded_outputs/method2d/Q08_method2d_exp_20260412_224425.md,3528,24ee35fa6e34572c71f26b8b3c7c57a3664eccd8de776ef95ffc20b46c468341
data/expanded_outputs/method2d/Q090_method2d_exp_20260413_000817.json,9020,af1eee6811d3b46245ce36f2468dd9943c5cc683532209ec1ecbbd42364d6530
data/expanded_outputs/method2d/Q090_method2d_exp_20260413_000817.md,2944,5ee10d06758a5642eb1ac0c526a708c3d7d209744b98d7fabe76d854c81bcff6
data/expanded_outputs/method2d/Q090_method2d_exp_20260413_000821.json,9020,0c9edaa4485ab4e012172e528f10bab6de589779d89d7266b03797d4cf0c75d4
data/expanded_outputs/method2d/Q090_method2d_exp_20260413_000821.md,3055,67cf80cb1ff13318c9d49796ed8cb60812be817d65c2262b54e5933df811891d
data/expanded_outputs/method2d/Q091_method2d_exp_20260413_000914.json,9004,eb979ad5aa1f2f16a71bff9e0399030a87c6414373a4bb5456388978fa4f9c7d
data/expanded_outputs/method2d/Q091_method2d_exp_20260413_000914.md,2957,ed99e5b2247a06290539d86943fbe0df73640a05e358d70d4020a880c5bb0f0d
data/expanded_outputs/method2d/Q092_method2d_exp_20260413_001017.json,18347,de7b9727d11b359b794e1e014fe18e634b4f19ed4fc8248bb1a14faa4b33bdef
data/expanded_outputs/method2d/Q092_method2d_exp_20260413_001017.md,2896,62a1e43a7cfa3db176dd562383b2c8bdbbbae579d138205258a35005d38e530a
data/expanded_outputs/method2d/Q092_method2d_exp_20260413_001020.json,18347,4c4c9d291ab11db8911c138ed8dc6c4e53a9a8882d719bf2c3cc2192312f92a1
data/expanded_outputs/method2d/Q092_method2d_exp_20260413_001020.md,3215,f478549a999ee0240e9b9a7b38bba2b7a991a95c3fa5b3221d01aed632809fd9
data/expanded_outputs/method2d/Q093_method2d_exp_20260413_001127.json,20423,a462425ce9ad68f190471c239da05dcecbbd2f85bb1c27d97032f3f1c1e39b8e
data/expanded_outputs/method2d/Q093_method2d_exp_20260413_001127.md,3251,8fc7692f43bb9e3f74f27ee3ef1a09c37346e0f69a59329173f40392bd32ba87
data/expanded_outputs/method2d/Q093_method2d_exp_20260413_001130.json,20423,7a21d086b6d391cdb88f96c64bdbc634ba8101c715ecabaad4ca3e35c5b10f9b
data/expanded_outputs/method2d/Q093_method2d_exp_20260413_001130.md,3026,1bbdfca6abe83d1c8342576cdfb327327b5434a45cc4a576eff65f035d35170e
data/expanded_outputs/method2d/Q094_method2d_exp_20260413_001235.json,17243,4875fd24a318dc1423853a59f718ca240dc99f365655ae32043eb023d26140df
data/expanded_outputs/method2d/Q094_method2d_exp_20260413_001235.md,2900,ef054fc51b91214213bfe55cdadf9847a7c92db0b94b379d88ca4f0e751f7322
data/expanded_outputs/method2d/Q095_method2d_exp_20260413_001341.json,18702,e318cd05903e89b9ce7c46fb87fd36ad321d8fd996e322bebc04055607129ce4
data/expanded_outputs/method2d/Q095_method2d_exp_20260413_001341.md,2825,586d451ef4b2fe6b19450b6e874bf72075cddfa50919d4dc1d0c772945da0de1
data/expanded_outputs/method2d/Q095_method2d_exp_20260413_001343.json,18702,8960aa82396cb55020fc7a36b5af4ba2a4f0096e46ff5d67d6a47ec57ad43d5f
data/expanded_outputs/method2d/Q095_method2d_exp_20260413_001343.md,3065,89f8a5d7283a17eaf0c2bb23de12c82dec6cb0c566e9a0b016174158a78ae9d9
data/expanded_outputs/method2d/Q096_method2d_exp_20260413_001446.json,19174,947956593317c562d500b099ba3a04a665707e682136fdee1551a8c51079b07b
data/expanded_outputs/method2d/Q096_method2d_exp_20260413_001446.md,2994,9b12c91e72c192bf0f6f50978f00ce499c4e846497ff7fcfdbd19456de284b3a
data/expanded_outputs/method2d/Q096_method2d_exp_20260413_001450.json,19174,3a6d15f39723374fbb24c4e03261adf369908c5988119a7735f18a15cd69b44d
data/expanded_outputs/method2d/Q096_method2d_exp_20260413_001450.md,3069,8c639b961e69b58871e3fb59f53f177a7989af9ea13a954973129b3a0aa90f72
data/expanded_outputs/method2d/Q097_method2d_exp_20260413_001602.json,19191,f60d2f60e77f81d186ff1cb2fc33bb47c80b4848e826fe50cbea2f3950d64909
data/expanded_outputs/method2d/Q097_method2d_exp_20260413_001602.md,3430,b213600479f6724892b97c927be9ea43eeea69273d63b8e5cbb621ce9b6dfe93
data/expanded_outputs/method2d/Q097_method2d_exp_20260413_001603.json,19191,605f5b3b91f6d3b7e5888b529ed8550aa807c64c103beb06a38529f8ce49e2ec
data/expanded_outputs/method2d/Q097_method2d_exp_20260413_001603.md,3227,7e1b025ed1e2d7367613e4de75c36cf3e3432923692d4b60f771bc0acb82e61a
data/expanded_outputs/method2d/Q098_method2d_exp_20260413_001706.json,19181,536c1d8423359c917439730097ae3fc50fcc257450e5c92aaedcf7864b8deaa5
data/expanded_outputs/method2d/Q098_method2d_exp_20260413_001706.md,3345,fe92ec31ab71037a0347ef7c2fce94c2635be00714132f68553766b9882d1582
data/expanded_outputs/method2d/Q098_method2d_exp_20260413_001711.json,19181,a6e3c45045426d9c7fd828580e99bfb8ff13dcab8ed6020b0537768fe11fd6a0
data/expanded_outputs/method2d/Q098_method2d_exp_20260413_001711.md,3176,7ab34f5254a354732aae506972d3219c75cf4713b5e02cca97f0a8b6739ae8cb
data/expanded_outputs/method2d/Q099_method2d_exp_20260413_001818.json,19539,d97ff72cfcb77cf95165d2f955ab2bf2ddba742eb750146d4fd6e344c3f453ac
data/expanded_outputs/method2d/Q099_method2d_exp_20260413_001818.md,2874,7cf1ae93dd23f83cacb045b1ffcd927aebe47a9e2159081fae51d26cdf2f576f
data/expanded_outputs/method2d/Q099_method2d_exp_20260413_001820.json,19539,13fc18f5992da035416e621c082ca5c9cd042e0e7dba34fe9a5781ebe0efa7a9
data/expanded_outputs/method2d/Q099_method2d_exp_20260413_001820.md,3246,03e9393674fb1a81e29520761e6a0f3f7f9755dc9d74ee1606df9a3c8d7eccc5
data/expanded_outputs/method2d/Q09_method2d_exp_20260412_224514.json,17221,4ddeef5a200424f94028855e916f0077a259b6e615810c828b4269f02c48bbc1
data/expanded_outputs/method2d/Q09_method2d_exp_20260412_224514.md,3840,510ea22f72754ba983b4610477718bd5323dca4c300c9665b9cc09a7eb564195
data/expanded_outputs/method2d/Q09_method2d_exp_20260412_224526.json,17221,0135d8840cddd4c3c87e18dd2378d9c33a6adeccd3a2b9949173beeb4eed5221
data/expanded_outputs/method2d/Q09_method2d_exp_20260412_224526.md,3615,6c6512c538fe91f4d9b4161d334eb1efda07ba30bce917d162a0126fd345e919
data/expanded_outputs/method2d/Q100_method2d_exp_20260413_001928.json,17237,e195774c776aa8c0ef0181ea81e4fee46746833412ce446b368929687aab6029
data/expanded_outputs/method2d/Q100_method2d_exp_20260413_001928.md,3073,cb30cd8253ec8ef259b8610bce6f0ae439f7afaf3f596fc6cfc9c70d6a99f32d
data/expanded_outputs/method2d/Q100_method2d_exp_20260413_001931.json,17237,18c35a9dde67b46828d45826c94e7fcee1788ff49ca9beef9c4429f88283f7bf
data/expanded_outputs/method2d/Q100_method2d_exp_20260413_001931.md,3384,619754bee058b5748dcd52dbf53b1f4b8d8b214b9451c4db36474865302e27b4
data/expanded_outputs/method2d/Q101_method2d_exp_20260413_002040.json,20882,6f6b91f2084241c1884be3314286ffd60b066c4977d05147139abf709a60106d
data/expanded_outputs/method2d/Q101_method2d_exp_20260413_002040.md,3410,f4608b2b7c9968f942cd615e9f08cdbac7ba7bef42f36b1cdb75d7838276fccb
data/expanded_outputs/method2d/Q101_method2d_exp_20260413_002041.json,20882,f796a7cf989bab62838a7924d3b915a35b8ade868e0910e5f5c3646fe8a3660c
data/expanded_outputs/method2d/Q101_method2d_exp_20260413_002041.md,3556,652cdf3c2d92ceca78200cd933a58519ffa7b23308fb0590ee792ac112d3b7bd
data/expanded_outputs/method2d/Q102_method2d_exp_20260413_002147.json,19829,3190ccde6de0155469a4f306bfc93adee86a82fd90925b5785bd546969d02334
data/expanded_outputs/method2d/Q102_method2d_exp_20260413_002147.md,3058,ffb183ce128f2bab7c82b7e8e2e98e1f269668e27a752f564795039b1bc724f2
data/expanded_outputs/method2d/Q102_method2d_exp_20260413_002150.json,19829,9960f1915dff454b5b3d0f7fc2f37aac67bd97fe7bc2c4f0c538a657883dd45c
data/expanded_outputs/method2d/Q102_method2d_exp_20260413_002150.md,3138,eeb74ab60a2043f66e94f5ab02d9487c7433df726ed8f40e048bb52228ba7529
data/expanded_outputs/method2d/Q103_method2d_exp_20260413_002253.json,17231,198a21fc99edfc77f2f714c7b8f1854918defba08bb5be00a522895232b41147
data/expanded_outputs/method2d/Q103_method2d_exp_20260413_002253.md,3088,7f1fe80c380b726c4c604c3bd5057145ea201b9234ff348c9dd22bec2215ba9b
data/expanded_outputs/method2d/Q103_method2d_exp_20260413_002307.json,17231,7df5d0b6b1e76f97477b7acddae669bb8614f577966a3b7d8f88cb566c04c0d4
data/expanded_outputs/method2d/Q103_method2d_exp_20260413_002307.md,3508,58d3de5edb59c71be74ea1182cb26d29a55e8085f3360c8880aee7b7cbb0a384
data/expanded_outputs/method2d/Q104_method2d_exp_20260413_002359.json,23476,762e0825064dc868346bf465581bbf32d0eb0651e3a45066936473342de7c569
data/expanded_outputs/method2d/Q104_method2d_exp_20260413_002359.md,3137,0e946172fec315b1f6ac68babc21c722ed7ce6c1071ea80e79167d822df64248
data/expanded_outputs/method2d/Q104_method2d_exp_20260413_002408.json,23476,0bb093454c55c133dd831ce4f9dd4a293e1dafdaeb10c65b287082fe79f781f9
data/expanded_outputs/method2d/Q104_method2d_exp_20260413_002408.md,2946,86013e98c12bc9ba826ecb7abe9fa23f463432d33defcc1ceaa8ac583385a0d7
data/expanded_outputs/method2d/Q105_method2d_exp_20260413_002505.json,158327,74e55bd0788b34fab30251f8c9d76449a539bb371d1d666477af394bb18a1313
data/expanded_outputs/method2d/Q105_method2d_exp_20260413_002505.md,3358,9a8452406516d7afca3171010d3e62d3c300ce248e7cac06d43bdabc1b7648de
data/expanded_outputs/method2d/Q105_method2d_exp_20260413_002507.json,158327,5c97d7adfabb0d32c0db811eaaa0e0d4e84bc56bc97166c6893fce7026554273
data/expanded_outputs/method2d/Q105_method2d_exp_20260413_002507.md,3106,d6f92b397decfe5e493c42ec4bc476fa9e42a52934c39a4d2a324374c1eb5fc8
data/expanded_outputs/method2d/Q106_method2d_exp_20260413_002613.json,17249,542f0aea1a7e91ee92b96260ec0a5efe2b96bd4266e78ce925d9b1e3609f7edb
data/expanded_outputs/method2d/Q106_method2d_exp_20260413_002613.md,3520,5051084a01035de576ef2ebfd3a1655d2d2642159eff200b13b00b258c1e8500
data/expanded_outputs/method2d/Q106_method2d_exp_20260413_002614.json,17249,e2fe783b81a49676b867bf1bf7ab498355f60951d142517989695adf9923c8b5
data/expanded_outputs/method2d/Q106_method2d_exp_20260413_002614.md,3185,63905aad07a9abaf4f2678f52f659040b2923da0f873bb1eb31aae37cf3281c4
data/expanded_outputs/method2d/Q107_method2d_exp_20260413_002719.json,17246,7b6d53848ed2f9f964082d12c580fd74de884deb634641fe215f0809266c9148
data/expanded_outputs/method2d/Q107_method2d_exp_20260413_002719.md,3288,e73dcf56167b1648cd3596d9812c722f854461c9c2947fa82d6067652b06d3e2
data/expanded_outputs/method2d/Q107_method2d_exp_20260413_002722.json,17246,42dbec78e34d7136b7d600f331baab36f8328bf403ceb3f6d53f27fda5179e9e
data/expanded_outputs/method2d/Q107_method2d_exp_20260413_002722.md,3162,995f4e7304ebb45e98dc9b073a38ba9ddffa1659e33ecce7dcabdb97c22092c0
data/expanded_outputs/method2d/Q108_method2d_exp_20260413_002801.json,18153,e9b0063637342a6af68d7eeb592bc8d1cc6749f5b17c9f72a87cafe32ca60f22
data/expanded_outputs/method2d/Q108_method2d_exp_20260413_002801.md,3268,11998ddbec9296186932ed5f92578f26383f528360deb7f18120dd18991aa527
data/expanded_outputs/method2d/Q108_method2d_exp_20260413_002804.json,18153,0f2372d611521866fba3ece766245147b724a5da8f9718fed19f893d630af6f5
data/expanded_outputs/method2d/Q108_method2d_exp_20260413_002804.md,4144,f847b0ee995eb8f2d52fddf301f364190c24f5d417d749e98d336e84de33525a
data/expanded_outputs/method2d/Q109_method2d_exp_20260413_002847.json,18379,ab94f4b49313607fb4e19c20c94f6656f746493003d4c7d1bd07fe354f86b823
data/expanded_outputs/method2d/Q109_method2d_exp_20260413_002847.md,3840,a8772c98fbde1e114435609b78fd944f9f369a392c6c3da33da821f3836e9de4
data/expanded_outputs/method2d/Q109_method2d_exp_20260413_002905.json,18379,8c10b14311dba616f2ebdbb1e5711b8662aa782692757302468fc6305847f5c0
data/expanded_outputs/method2d/Q109_method2d_exp_20260413_002905.md,3463,f7337273f74f17faa15a57f31af915c78259930b3ea61ae9f64161ef53328218
data/expanded_outputs/method2d/Q10_method2d_exp_20260412_224623.json,17595,110b3d04fabe1ec5dd09d538797c64d3332d6a8983ee870d6fd5d92635a00cbf
data/expanded_outputs/method2d/Q10_method2d_exp_20260412_224623.md,3413,a1614fc5c620cb23a094a54bedc076b5088a3170f3ac3d904573cba84a7981e6
data/expanded_outputs/method2d/Q10_method2d_exp_20260412_224638.json,17595,c12066fa361ff952cdbfaed388451c6514bcea6b0f1c2f98a7c065bbc38bd75e
data/expanded_outputs/method2d/Q10_method2d_exp_20260412_224638.md,3850,39b450e3933818b21c2b2db403dc78c0b8755ff2888ed4ac4d226e6ac5ef03d9
data/expanded_outputs/method2d/Q110_method2d_exp_20260413_002959.json,25950,1a6fc5eb344ff8b4872a90b0241a8e87d4b1e033584b597e8d0a4e35ae60da6a
data/expanded_outputs/method2d/Q110_method2d_exp_20260413_002959.md,3747,a3955a595a6681431157920527ee65b80491237096fa7ac87e1c950905590dd4
data/expanded_outputs/method2d/Q110_method2d_exp_20260413_003013.json,25950,83be52e407d9de666a28814f1c1ccae5452b1e55e5f9847b11edeef72290de32
data/expanded_outputs/method2d/Q110_method2d_exp_20260413_003013.md,3168,4e6c130b692fc16a634b1385c5d62b65125ca459098f3684eff4e5d57f166424
data/expanded_outputs/method2d/Q111_method2d_exp_20260413_003046.json,41078,9d7b5fb542da63d6f2dd80c0127f90188b34bf28dc49b066cd6f357191566ea1
data/expanded_outputs/method2d/Q111_method2d_exp_20260413_003046.md,3739,691520a0111c97367b28a297d05484cd8976d053abaa4fcb53b6376dd490f139
data/expanded_outputs/method2d/Q111_method2d_exp_20260413_003122.json,41078,61be5ebc0c69b4c982a0ebd0c0435741ee38cad10d8e8d471742f8a2f4f8b8c7
data/expanded_outputs/method2d/Q111_method2d_exp_20260413_003122.md,3648,6ddb4a82fdb3cc20222fa1d0a052621f4851fceda3bc136c80e7c5a9e77f4e2c
data/expanded_outputs/method2d/Q112_method2d_exp_20260413_003154.json,65221,39cdae6c2b49d06e9a7c04d090399a3dffde2c33130e742e0113ef2c61dd79eb
data/expanded_outputs/method2d/Q112_method2d_exp_20260413_003154.md,3456,2796b44f637cb1db01b2a4298c0d84a39ed3289f8c6ece30aedb9d2ad4ffd9ff
data/expanded_outputs/method2d/Q112_method2d_exp_20260413_003229.json,65221,e3e477ee10a2838be07806817cb645f12c58f1b43613f84569ac654d048ee8b7
data/expanded_outputs/method2d/Q112_method2d_exp_20260413_003229.md,2997,5ed6b662e0f4e404549d7f55884346030667dd303cea7c1808d758af252b2daf
data/expanded_outputs/method2d/Q113_method2d_exp_20260413_003300.json,63787,23dc1b0bcc1aea3e42975be888059722802f41474eff62507d737064cee7d84e
data/expanded_outputs/method2d/Q113_method2d_exp_20260413_003300.md,3445,7267d8240ffad6a66d442ab5204804231563ff80c84382be46eab66d52a689e4
data/expanded_outputs/method2d/Q113_method2d_exp_20260413_003333.json,63787,97721406dacd7bdd4e969b447ab7edb6cc7ac2a92e20eebfb53308c5a276b9f9
data/expanded_outputs/method2d/Q113_method2d_exp_20260413_003333.md,3132,f30e6e13d09c1bddd79520fd4fc7e84fc6474ba09a99a6abb7408af5e436cb30
data/expanded_outputs/method2d/Q114_method2d_exp_20260413_003404.json,75134,155965db27f1811b16c1c663ecd02c8fe0e6ab95019d1d7aeb1f12a76e1d89b8
data/expanded_outputs/method2d/Q114_method2d_exp_20260413_003404.md,3470,9d9bea47d88f49bc2962b2ec681ed400ae5db857d27a8406ff2c229efed23c7c
data/expanded_outputs/method2d/Q114_method2d_exp_20260413_003435.json,75134,dad7a2ec9a7d27eb119cd79e4ec5b4d09bcbe6ffb9fbcf169806faa9f180e3e8
data/expanded_outputs/method2d/Q114_method2d_exp_20260413_003435.md,3414,f76e0da4a44e787102cc8c2a9ade3d579d34ffe5ebc38fd9e2086f5a163c57b6
data/expanded_outputs/method2d/Q115_method2d_exp_20260413_003507.json,20842,441e3784023b153bb72b6ba214f50523b6bce08c269e0f8a0b82aee7ae9e1419
data/expanded_outputs/method2d/Q115_method2d_exp_20260413_003507.md,3514,fbf1e6933604d3616c03ee57e73e28288fd975a25b53b8be013f2dfada4638c8
data/expanded_outputs/method2d/Q115_method2d_exp_20260413_003541.json,20842,f8ef9a9f080bdfccb17e07ad3219bb1190b571ff1fd06008cf7ae124bb1ec1ac
data/expanded_outputs/method2d/Q115_method2d_exp_20260413_003541.md,3307,09ad27feb0321b0589ac8bb24425fbe161fc6d2d636f253cb963eb72b72dc426
data/expanded_outputs/method2d/Q116_method2d_exp_20260413_003613.json,36660,136a062270e262c8814e0513148062c9f4b55d3db3e2d9a2a18499db481a42fd
data/expanded_outputs/method2d/Q116_method2d_exp_20260413_003613.md,3100,26e9f0af1196ab647a46d74f32cafadf352aaa4180b716ed9e1f8ed7cef5fba0
data/expanded_outputs/method2d/Q116_method2d_exp_20260413_003645.json,36660,19d845782531d5046f0d495913ae665ce292928881560ac9c0fdc518d17fea71
data/expanded_outputs/method2d/Q116_method2d_exp_20260413_003645.md,3213,0d9723ec87e2ab19d77c6a16290c6959ebfa6c5cf46b10beb2c79917de1a19fe
data/expanded_outputs/method2d/Q117_method2d_exp_20260413_003725.json,26121,77a5e20d5c540f0978b7d57a5d5f75ef68b4ac996ab8f1e51c601c252edc7e38
data/expanded_outputs/method2d/Q117_method2d_exp_20260413_003725.md,3431,40ffb0313835ca56173810b70f1881b6a4e88f68d4de34246c08390afd15dd86
data/expanded_outputs/method2d/Q117_method2d_exp_20260413_003802.json,26121,205ed46849ff1ea84e09668f0cb8376359571fa888259c697441c09fb04244fe
data/expanded_outputs/method2d/Q117_method2d_exp_20260413_003802.md,3331,0495dd40ef9a5468504826b8e2a92a2afe9f48fcd9ac5988a30ea40734aa995c
data/expanded_outputs/method2d/Q118_method2d_exp_20260413_003833.json,80747,aadeff29456e11362d0c2fc6532b815f18dcd31b3c2323295b4e679be61d3c0f
data/expanded_outputs/method2d/Q118_method2d_exp_20260413_003833.md,2775,f2b1763453b35a552c57ebd87959550d7943fd4dc67a8ef3a4ba6a702e6b9fc4
data/expanded_outputs/method2d/Q118_method2d_exp_20260413_003903.json,80747,621555b55d3d96371536e41c50c30e6e31d0fc2c003c0d3f35db2939eb193fb2
data/expanded_outputs/method2d/Q118_method2d_exp_20260413_003903.md,2993,287f91277d89e6e27a47828a917c46c24300712bec8567b25016c0e2dbf30a84
data/expanded_outputs/method2d/Q119_method2d_exp_20260413_003939.json,55725,6852bfba4dbd391ef03f5e09babfe0906256e7aabcda81b01b5b4a9db1f54b33
data/expanded_outputs/method2d/Q119_method2d_exp_20260413_003939.md,3111,542ee775114a560c396a05c17834e39edaeda3d5b7179d4ca4c1ae8e2ad062f0
data/expanded_outputs/method2d/Q119_method2d_exp_20260413_004015.json,55725,5bb4bb0fb0e52a0ad9a69decf73ddd246c66d2e44d3d9f2d53319961abd84647
data/expanded_outputs/method2d/Q119_method2d_exp_20260413_004015.md,3287,82e76a482c4c758d0cf6db530e7159d60eee2de00e59c318012f3a1a320cdf7d
data/expanded_outputs/method2d/Q11_method2d_exp_20260412_224730.json,17200,07e6f6859eb228be85a48c9fd15f068dd0bc9a559ecb7f4862386277ff417069
data/expanded_outputs/method2d/Q11_method2d_exp_20260412_224730.md,3133,c8fa6365f9c9214810bf238c49c8b21841d09217ead7e54896f654834c35d8fe
data/expanded_outputs/method2d/Q11_method2d_exp_20260412_224751.json,17200,98e30f2c17a41f06b32f42ac6d56ad97ec6a112de0f8f30a94a9f3a4409d879f
data/expanded_outputs/method2d/Q11_method2d_exp_20260412_224751.md,3070,be605274a4524f93a0a0f4d0e123a8399a5caa4b5a404dcf7743ec44b5a4773d
data/expanded_outputs/method2d/Q120_method2d_exp_20260413_004042.json,63891,635849629034a46f92862959394ffd2b1bee7d154a8471b53b6494fc60e4014c
data/expanded_outputs/method2d/Q120_method2d_exp_20260413_004042.md,3395,efbfb5cbbb239a1a7c2b3321d1d2a6228e4a2f2a27a2a3b3e653bb79dcdeeef4
data/expanded_outputs/method2d/Q120_method2d_exp_20260413_004127.json,63891,de46703c087984043d775ffb172ba2d3851e56ffcb0fc3f037f16a19f6fbc57c
data/expanded_outputs/method2d/Q120_method2d_exp_20260413_004127.md,3527,51413e33906db3c72e792dd789e14ce0cc469538c22f0819412b6fadd7e5d658
data/expanded_outputs/method2d/Q121_method2d_exp_20260413_004152.json,20564,a8283b0295bbb6e2ce9f9cdb8c079ebc573e916e18651fc2a0c7bfa2da7c57d7
data/expanded_outputs/method2d/Q121_method2d_exp_20260413_004152.md,3267,0930cd50d84c8c983df8548ebb4d8fe8ddcb28ded5fafd12f2cfe75e0f4c85a0
data/expanded_outputs/method2d/Q121_method2d_exp_20260413_004239.json,20564,a4206f31fda1c2443a70fce78df70f487073679b9f0ae4b2e4a8e0a2de3ae216
data/expanded_outputs/method2d/Q121_method2d_exp_20260413_004239.md,3367,74e7690b9b7932df25ab0b45580a390289e06cd1afde3c56e6942e39bf6e9a03
data/expanded_outputs/method2d/Q122_method2d_exp_20260413_004259.json,47823,7a80be1b624862831e10e3cc9c1ee5a6cdd82d0a6663f7fa348a654a908ba85a
data/expanded_outputs/method2d/Q122_method2d_exp_20260413_004259.md,3539,e64b638c04963a9c62de2fe432d6fa27b5bd908928b33a8ea8ea91cd19754229
data/expanded_outputs/method2d/Q122_method2d_exp_20260413_004348.json,47823,c40ad67405a176415113ce926369412556f809d59910a047a0f228d223479a2f
data/expanded_outputs/method2d/Q122_method2d_exp_20260413_004348.md,3676,33ad175f24f6cd3d916fee4dccb3ae3125dacc83c6f1b8ff123ac7fa1359019d
data/expanded_outputs/method2d/Q123_method2d_exp_20260413_004344.json,53392,b0c60d597ecf04f36842f23c832a501a875ff25f7831421ae1469243098fb162
data/expanded_outputs/method2d/Q123_method2d_exp_20260413_004344.md,3228,5ca5cdff92485ea8bd7f13db10412576eb48784ca348183e6813cbd340beb8f0
data/expanded_outputs/method2d/Q124_method2d_exp_20260413_004426.json,48799,b956c5b624471b87a9609c039af2fdfe6cf575a7bdb154823a0b3ee3e73e6521
data/expanded_outputs/method2d/Q124_method2d_exp_20260413_004426.md,3307,cb4027c1d9c4aa796180a7020a96039e632d47895fa7096854b624b2e964899d
data/expanded_outputs/method2d/Q124_method2d_exp_20260413_004454.json,48799,278f8e3c5f92ae2893848f19a5a532bb370a86da5962abf38805d4bd4ee57beb
data/expanded_outputs/method2d/Q124_method2d_exp_20260413_004454.md,3706,8b2686b0960a46d58e51fdc43e26116d7d6ff58e279a78f9959f68a08e2db97d
data/expanded_outputs/method2d/Q125_method2d_exp_20260413_004523.json,48454,1588e8fc3d0b51dbf05535499443dc61b03ecf1bec660f6dd9cd0532c1fdaa6a
data/expanded_outputs/method2d/Q125_method2d_exp_20260413_004523.md,3152,620aed77c53ab91eb52c890455d0cbecd3f55cbbccfa650d73f6e17d3f0fc9d1
data/expanded_outputs/method2d/Q125_method2d_exp_20260413_004548.json,48454,9bee1c0035e988307d1f28f21a6b2cd0f721794eb7e7a8f532880f30adbafa2b
data/expanded_outputs/method2d/Q125_method2d_exp_20260413_004548.md,3031,6e903d696cfbf6f67a1d3ce14da17935bff572b61cef53a8b19ed93e7a41c76f
data/expanded_outputs/method2d/Q126_method2d_exp_20260413_004622.json,36160,e595f33457b1c4dfeaff4a7fb0a0b27cc9d2b2030a57309794a12c3d6528b8a1
data/expanded_outputs/method2d/Q126_method2d_exp_20260413_004622.md,2896,a93cd96212bde7d554e9c9cdb43bea14f95184858dc99584cd8fe633665c2bcb
data/expanded_outputs/method2d/Q126_method2d_exp_20260413_004647.json,36160,3ee34a34dd5d86957178b079527c3c1f687e136f123c47ebd92e154ccf96956d
data/expanded_outputs/method2d/Q126_method2d_exp_20260413_004647.md,3071,fca9462399a86e54072c68bc75c5559a7824a26ac06960a3527f5dcb42aa0d90
data/expanded_outputs/method2d/Q127_method2d_exp_20260413_004725.json,39741,4da27d126d3537e426e06f78d332037765444ba78c7fc776360e66a03884c6be
data/expanded_outputs/method2d/Q127_method2d_exp_20260413_004725.md,3356,7c22cde6115593759256193280d75756add5b7a212c45c6de22f5f698ebe27f5
data/expanded_outputs/method2d/Q128_method2d_exp_20260413_004833.json,26689,e81b701d9af90aa901178407014e520698b1a50da29f8a55e89aa98896925dc0
data/expanded_outputs/method2d/Q128_method2d_exp_20260413_004833.md,3529,c1a1affeb28d496986afc2a0ffa9bf9e6a5b99e3b886fe5a8aa1aa02abb97cf5
data/expanded_outputs/method2d/Q128_method2d_exp_20260413_004837.json,26689,1c227c57b274d8ecfc57f9fbbe5f74f5bc19307bde6f7761b5c2e8484eb2889b
data/expanded_outputs/method2d/Q128_method2d_exp_20260413_004837.md,3328,1c2683f4e9c8c86c807d3d53fa21e2a0992f5245b255842402725e22570e80b2
data/expanded_outputs/method2d/Q129_method2d_exp_20260413_004921.json,65166,5773cd28fd2f06059f5f98053b6f8df87ac2bb41ac962f2483d26328dc613551
data/expanded_outputs/method2d/Q129_method2d_exp_20260413_004921.md,3508,b7e59279a8f593fbd415dac8b5ef2a9f258c4617bea9e82f21970216e1d4d232
data/expanded_outputs/method2d/Q129_method2d_exp_20260413_004936.json,65166,b0db8e1d86b811b85f600c3490bb843065bc194df3faafa291febf9061a4eb5d
data/expanded_outputs/method2d/Q129_method2d_exp_20260413_004936.md,3018,d2b2aaf0f7db3c4c78cf09f45b707601dfbcb7f4a2ab8addd9a79626ed63e797
data/expanded_outputs/method2d/Q12_method2d_exp_20260412_224837.json,56020,a31b65dbe478b2cbba848101a603ce1083d42f1717cb1bd929688d9421eed62e
data/expanded_outputs/method2d/Q12_method2d_exp_20260412_224837.md,3084,0b05dad43c79b5a7faeda8e4375b31255785b82c85e6218361dbd5941d214f5a
data/expanded_outputs/method2d/Q12_method2d_exp_20260412_224853.json,56020,53ccf64de90709635e62301672f632bbfb094d61b1e0db68486df6aaea3d6a86
data/expanded_outputs/method2d/Q12_method2d_exp_20260412_224853.md,2922,f93b6627725918b5c20aa2a6666ce84ec956690a2fde8dfc077e94c0f5a4a6bb
data/expanded_outputs/method2d/Q130_method2d_exp_20260413_005025.json,48017,2378de46f84ac92d794bdd9e63d353394580ebf4ae0314eff7f841e69f94d364
data/expanded_outputs/method2d/Q130_method2d_exp_20260413_005025.md,2994,1357bc1d64cbd2a60b98c7a88484707b63a1c73d5fb104da82b4e57fa9a47108
data/expanded_outputs/method2d/Q130_method2d_exp_20260413_005042.json,48017,583957e11b1b2e1eb7830f751a59a1873a5a5fab2c7982d6838e9f81b0c33ebe
data/expanded_outputs/method2d/Q130_method2d_exp_20260413_005042.md,3027,10e844a2bb218ee6bb156a0d107d8f553c9975f9cf8a9da92db52f98b77feb59
data/expanded_outputs/method2d/Q131_method2d_exp_20260413_005109.json,30266,ca515319be4b1ed8fc35463e12a57e5738859946bc6ac7ba5d8dc5e06a5461fc
data/expanded_outputs/method2d/Q131_method2d_exp_20260413_005109.md,3428,bb932e581cfdc7e07781c56955f5c9bd89e6985bd2bc41f6494dba19ee1f861a
data/expanded_outputs/method2d/Q131_method2d_exp_20260413_005136.json,30266,61481f9964acd9f9fcf8c11f8843eb7264f982f76dfe4071e2c74dd6f6a4c55a
data/expanded_outputs/method2d/Q131_method2d_exp_20260413_005136.md,3484,918027515d36ccccfda5d2fbea94e98e4761500349db98adc747b0f39a094ad1
data/expanded_outputs/method2d/Q132_method2d_exp_20260413_005217.json,26567,9f0516c615f5fd9a4e0e4a6d1bcabfef8dbf5b33e800274f7e84d97d3e959994
data/expanded_outputs/method2d/Q132_method2d_exp_20260413_005217.md,3418,412e334d1c3b96adc7722947729ae84cc73598ad69d0b36171156af73e7b90b8
data/expanded_outputs/method2d/Q132_method2d_exp_20260413_005245.json,26567,83bcbb22ac87aea01cd03d44e6adfda8b8bb4b8a4747b6f1b4d3cba03231a42f
data/expanded_outputs/method2d/Q132_method2d_exp_20260413_005245.md,3355,ef9e7ac33948f128bb7655f60e77ed37fbed80ff3bd20912578e8cd701da1d32
data/expanded_outputs/method2d/Q133_method2d_exp_20260413_005328.json,201734,eb9b4d312418b04d90bad56a052380bfc24df803bf0f1413748783483af2cde2
data/expanded_outputs/method2d/Q133_method2d_exp_20260413_005328.md,3254,e5d533caf085735a7a76ddec7457c91a46a1b01a2f7bad925a9e8e850d26f8e9
data/expanded_outputs/method2d/Q133_method2d_exp_20260413_005354.json,201734,f1205c0cae2d9d6e63a2ec37d6668e1ee5788d099dde6d35145c1f31f3f374f0
data/expanded_outputs/method2d/Q133_method2d_exp_20260413_005354.md,3130,6e4a25693b32aef7c0d8f0f663daab42dc2a2faddd3087a6ebe9b7a8c8e74149
data/expanded_outputs/method2d/Q134_method2d_exp_20260413_005429.json,24985,8a95b3bc049625f58fdef8a8618e73f8670c290c6a13ab49fa171627604e3486
data/expanded_outputs/method2d/Q134_method2d_exp_20260413_005429.md,3108,1c6e7380ee1d2a7361cc5641c6fc78cc8345655ccad4bd37a1545c32cfa4f3af
data/expanded_outputs/method2d/Q134_method2d_exp_20260413_005457.json,24985,62db8c4a6b20bd91c1b7be12b4066fd567808b758fedd9018d0d8bf663b6929c
data/expanded_outputs/method2d/Q134_method2d_exp_20260413_005457.md,3267,cbc063b718e66e5479f9a13e41ed785ef8b7831a418b2462a249ed265cf24763
data/expanded_outputs/method2d/Q135_method2d_exp_20260413_005535.json,71837,53a55575b68ddd25ff3574f8a820f61db602172fe01547426cc676cbeb00c8ad
data/expanded_outputs/method2d/Q135_method2d_exp_20260413_005535.md,3164,176361b330349862fa3a5162994d1317356283d22cc3ad96fbc371faf759f581
data/expanded_outputs/method2d/Q135_method2d_exp_20260413_005608.json,71837,fe7f4acdb2ac12f565fdb52fb8441fee2d1ec28faf5fb8b798c3482de0a9ef0c
data/expanded_outputs/method2d/Q135_method2d_exp_20260413_005608.md,3255,b9bbe414ec68cbeb14cfcf3916ce88c9815e62617d5069af14470cf2ae753c4c
data/expanded_outputs/method2d/Q136_method2d_exp_20260413_005640.json,87798,9b1b68e6ba63332f2284379ad6d1cf29a0422b929fcdc634b47c4d2139ef5cdb
data/expanded_outputs/method2d/Q136_method2d_exp_20260413_005640.md,3257,3381c44e949e723a7752a226f93e94dca8cd26c29254315b1ac557499464ed67
data/expanded_outputs/method2d/Q136_method2d_exp_20260413_005718.json,87798,d80b4879a13b6f686fef9b36d1348f61005b9955b1bb3b7282a639c411fc8365
data/expanded_outputs/method2d/Q136_method2d_exp_20260413_005718.md,3461,e1c33afba1995dfe040367b7d047adccfb90ae355084791973b605a81a178568
data/expanded_outputs/method2d/Q137_method2d_exp_20260413_005748.json,78886,17f027e6058892f06163d2a7b9f826f9624127693d6960026ac6f741a7cbb0d8
data/expanded_outputs/method2d/Q137_method2d_exp_20260413_005748.md,3251,5b4f75fe16ffd4cc7648d42a87afd71dfdd0c9b67f34caf0b73c9efe4656c952
data/expanded_outputs/method2d/Q137_method2d_exp_20260413_005827.json,78886,85b1aead8d60c65d161ad5fa1514af357e16ee03bdf5e3ff6dd81989683298fd
data/expanded_outputs/method2d/Q137_method2d_exp_20260413_005827.md,3386,bd9571d3c32f6c72a27ef316e02d3d1b65f094b4e7a3c994413b4cf808504404
data/expanded_outputs/method2d/Q138_method2d_exp_20260413_005857.json,28742,0381297efb8d277682a7e784020f73cb1b9c4e27e3537217d453bf50b55d095f
data/expanded_outputs/method2d/Q138_method2d_exp_20260413_005857.md,3485,852a69c0858269832baad9e661fadc75482cb60b53f2c5d7a91cb04a0f52099e
data/expanded_outputs/method2d/Q138_method2d_exp_20260413_005937.json,28742,ae23d19e16ed8ee30ace8bb613224cacba0e81bb80cc65900309d06000b5a92c
data/expanded_outputs/method2d/Q138_method2d_exp_20260413_005937.md,3214,4cc78a6cf4162bba3aedf691b0ccfb7f9a10f72567624f862969fb302b0caf9d
data/expanded_outputs/method2d/Q139_method2d_exp_20260413_010002.json,40579,2b9dede3858e5c3457fd47e1cad1be7a67dacbf67f55f280efa28b6167fc53ef
data/expanded_outputs/method2d/Q139_method2d_exp_20260413_010002.md,3031,132a4b76a9491ec6ed3fb76975f3b0ae631e69e80ef5e7cf6d2ea6ac97ef7299
data/expanded_outputs/method2d/Q13_method2d_exp_20260412_224935.json,17221,27062d71b08dbdbe6bfd8e03fb2538ce1777ce0724306da552d7fa190537b9d0
data/expanded_outputs/method2d/Q13_method2d_exp_20260412_224935.md,3049,79196af80ddb8ec931d81a217ec1d08bbbb47b963cbb521a79c52447a885f256
data/expanded_outputs/method2d/Q13_method2d_exp_20260412_224955.json,17221,12ca7917cacb871a59437af8d58c916c1b93c347f03d53a649bfee6a418c0ab2
data/expanded_outputs/method2d/Q13_method2d_exp_20260412_224955.md,3990,68f9dc5b8cfb70ed96ceaa9b664cb1faa579720510a12ebd8ebf79bad4cdc34f
data/expanded_outputs/method2d/Q140_method2d_exp_20260413_075130.json,187042,256b51ccdbaf821544c2353bee25d447e7693702d0d5d47d22a2cb0542afd2e7
data/expanded_outputs/method2d/Q140_method2d_exp_20260413_075130.md,3093,94782dff3e42da679acc55b1bbf92b67d74ee1d657312ce047fb9594242fd2de
data/expanded_outputs/method2d/Q140_method2d_exp_20260413_075152.json,187042,e8d0b3b3279267e5ae38ab67f63df972ad51ca60d5daffb1635355ed988a33ca
data/expanded_outputs/method2d/Q140_method2d_exp_20260413_075152.md,3374,59f6c82caaf7b5f0f92459571fb87714572ca4e1f490f53668948ab83d7194c0
data/expanded_outputs/method2d/Q141_method2d_exp_20260413_075234.json,93045,a36ad54bd575fbf51ab914f07d50714a6b5321d73b9dbfd32b8fc8177a90d85a
data/expanded_outputs/method2d/Q141_method2d_exp_20260413_075234.md,3195,36ea0f527c0ab4479a545584e374f8bf7f2f0f7c2eb558dd31810394d23119de
data/expanded_outputs/method2d/Q141_method2d_exp_20260413_075256.json,93045,6dba0b8b827ecee1d9894fa2621b0743f6f4a9cccd103860baf7b9e3fca5520d
data/expanded_outputs/method2d/Q141_method2d_exp_20260413_075256.md,3233,1672efd43d6a75420d3b572e9589f628f1e8b047e06e7886e938ffbf98f1d40a
data/expanded_outputs/method2d/Q142_method2d_exp_20260413_075436.json,91520,89502b02c7b7b30dfe8fea43f2c9e730a6f8b5298187e8c136af73db11162c6a
data/expanded_outputs/method2d/Q142_method2d_exp_20260413_075436.md,3219,477f99cdfa03a6b92ae850a5c6e74d4b39d6faa132f804eb170917b563e1619f
data/expanded_outputs/method2d/Q142_method2d_exp_20260413_075448.json,91520,d111d0e0ce7dc2df1fb1aa4ed276dd1ea62dceb0136b107ebb1e0e8999330a0c
data/expanded_outputs/method2d/Q142_method2d_exp_20260413_075448.md,3319,e5e87544da525c99d3cf55a04628ba8b2a951646a1983470b836c0f8231571d4
data/expanded_outputs/method2d/Q143_method2d_exp_20260413_075538.json,50502,d0d96e79603ac8575f7f034cf644e283d382ee54bdd4d765445725989929f937
data/expanded_outputs/method2d/Q143_method2d_exp_20260413_075538.md,3365,7a6d594388e5a1aa5510841dd23ed0dc0732f670cd052f53061faf79d979634b
data/expanded_outputs/method2d/Q143_method2d_exp_20260413_075547.json,50502,6bb7e5eb5dfcdc3710d6e86455bb489bb4ccf1e9c22ba870d265f4b9e9d43313
data/expanded_outputs/method2d/Q143_method2d_exp_20260413_075547.md,3056,4377df65647c6f6345015053bb0c6be0235ca9f7171492111ca896cbb596aaf8
data/expanded_outputs/method2d/Q144_method2d_exp_20260413_075640.json,73323,f6d1b2eaef34d4efa074769a2c56fccc1d46fc924f8aed4a6bd0a5e8b6f32424
data/expanded_outputs/method2d/Q144_method2d_exp_20260413_075640.md,3225,1220df98e93ce78a7861f48c6a0bcbe75afb796c270435a9a2fc5665d78db4de
data/expanded_outputs/method2d/Q144_method2d_exp_20260413_075643.json,73323,e9c42fb87c2a2548db1a0755c9a827f621b1ae290eb578a722fc85712e7dc400
data/expanded_outputs/method2d/Q144_method2d_exp_20260413_075643.md,2749,1739e3d598eccb05c7dfbf39c42ba61911c4d1c002daf2452f02df22ee2569c9
data/expanded_outputs/method2d/Q145_method2d_exp_20260413_075742.json,81300,a08e8302a66185f1e5ac2792684943efa94d439ff3002ecd0e43fbe6f8f2e231
data/expanded_outputs/method2d/Q145_method2d_exp_20260413_075742.md,3393,6e412ffbc6388e687d29313ad96bc077811febf801a2de14ce4006f39be00f69
data/expanded_outputs/method2d/Q145_method2d_exp_20260413_075745.json,81300,6766a21a842c696b3f9f17ada4053ac02df72026b90930c7dfb273d34cf83133
data/expanded_outputs/method2d/Q145_method2d_exp_20260413_075745.md,3686,8bb052bb64965c2f3156a37dca91675070a0236be9e800a884bba3027c1f2409
data/expanded_outputs/method2d/Q146_method2d_exp_20260413_075841.json,73367,7fe9a9ff006febbbb72c47f37a9ae69049b8d3900a864f52ebc19a0f52b142d9
data/expanded_outputs/method2d/Q146_method2d_exp_20260413_075841.md,3077,b8c9071f1991baea2ab33a77404b948022ba43f5e5fe851a68726f8d7ee43ad5
data/expanded_outputs/method2d/Q146_method2d_exp_20260413_075845.json,73367,231fc389176896157548222500ea0fd7947672b0be5ce08a4bce2d36f4a18e39
data/expanded_outputs/method2d/Q146_method2d_exp_20260413_075845.md,3271,2f5fe5df74bfb9896c6204bef6af50ee5cb7b0c1e71236b260cd07ade17dfdd6
data/expanded_outputs/method2d/Q147_method2d_exp_20260413_075941.json,59117,c946deaa9bffe8de79ddc59ec03dec781b0316b9ca931806b5049d173d55ebf6
data/expanded_outputs/method2d/Q147_method2d_exp_20260413_075941.md,3149,b693f05cb87b1eec5868ed0d7802dc91f96bc24325eea45748cdfd7dbfa06a41
data/expanded_outputs/method2d/Q147_method2d_exp_20260413_075952.json,59117,2bbffb58b745866a2b4f3720e5c239a589498721c3bd57180f929eb8e7bc3fab
data/expanded_outputs/method2d/Q147_method2d_exp_20260413_075952.md,3162,68e156fea3be87e584fda9ef09921f82466e7fe4cc5dfa61040e08d0a89998b9
data/expanded_outputs/method2d/Q148_method2d_exp_20260413_080022.json,92272,0099668b88602999b13eb794e18fa3676c0b21a70efa1893e8c846e2e748ef59
data/expanded_outputs/method2d/Q148_method2d_exp_20260413_080022.md,3704,be86df63e61e4be390a7e753973fb62afe7e3868c36f712f5853f2116946e0f3
data/expanded_outputs/method2d/Q148_method2d_exp_20260413_080101.json,92272,f27d6e0355e867646f80632bb4cbace3b25958134cd0957af28a4dfebf083c86
data/expanded_outputs/method2d/Q148_method2d_exp_20260413_080101.md,3473,cef07920b406a98ea4b76a3d1a7e83adcba576ea8928425f4a56524a6c01789a
data/expanded_outputs/method2d/Q149_method2d_exp_20260413_080136.json,46729,29d055c58a32ecfd796fbbcd939df9cf2c379c176607cebbad87bcf4b7a01928
data/expanded_outputs/method2d/Q149_method2d_exp_20260413_080136.md,3163,238e676f6cfe49726b1f465d97f696f1fbd15b2383410d96b00b0104bb77502e
data/expanded_outputs/method2d/Q149_method2d_exp_20260413_080204.json,46729,fd907195538969ecc51535e526081dc0d93f861ab7d8e83d6629a5c5b348431a
data/expanded_outputs/method2d/Q149_method2d_exp_20260413_080204.md,3276,f8487e125f00376668725a272e68d9df84807ee8a69a85780677608cdd8c90f9
data/expanded_outputs/method2d/Q14_method2d_exp_20260412_225035.json,17227,02cfe2921bc5ead4bfb4c61def2a1f71ab2bf90fa84022ca96fa3ae25c1e1c40
data/expanded_outputs/method2d/Q14_method2d_exp_20260412_225035.md,3224,5c40b8f0b5bf5f33071f45d8e81d6ec957c63c50a7a745be67ccd3bd24fc9acd
data/expanded_outputs/method2d/Q14_method2d_exp_20260412_225059.json,17227,e84cae27f30d974029c1d6d41a0cffeedaf32191c755c6d07d6eb92e0dce2125
data/expanded_outputs/method2d/Q14_method2d_exp_20260412_225059.md,3203,46ad4b93c782bb52d25b88041b4e09977a4fc2925c1a87a644e0a12da8ac182d
data/expanded_outputs/method2d/Q150_method2d_exp_20260413_080245.json,179397,072fd8fa12698030432d28f45ec81e5aa108916589fbaa414695d86bf191b563
data/expanded_outputs/method2d/Q150_method2d_exp_20260413_080245.md,3051,942fd1dc6a87a7d810f9aee99360f35a25a2042b07a4302170468980fc1584a2
data/expanded_outputs/method2d/Q150_method2d_exp_20260413_080309.json,179397,49f94ac6ca470cea2831649d5be2fc41c30153bf5d3412389344b49feb6aaf86
data/expanded_outputs/method2d/Q150_method2d_exp_20260413_080309.md,3081,1887a7b724ccb5d6969e495002dfea3db05c346ab7d1b7fc002202722e5b9189
data/expanded_outputs/method2d/Q151_method2d_exp_20260413_080348.json,89487,02614d2bc2b9cf778c5e4f6700aeb8d048e3b8ddce374dcb148d94c3e5f48bea
data/expanded_outputs/method2d/Q151_method2d_exp_20260413_080348.md,3115,21baed60a7e46727d21e2efee3f8eb5f0c4b7b060e74e8147110cd8d60d6f999
data/expanded_outputs/method2d/Q151_method2d_exp_20260413_080414.json,89487,8efc5f9396aa339c6b1617112662c18a17a86ff48ba1024e2bb83d22d124cb73
data/expanded_outputs/method2d/Q151_method2d_exp_20260413_080414.md,3375,1693b4ef073b82e6a6d0665b05afe2cfdca6111ad6214e3de5f957d66a86c548
data/expanded_outputs/method2d/Q152_method2d_exp_20260413_080445.json,72981,55d3ae7b41cb7c77eb2e43f61fd38409ad974cc0f5e10df7a2be63fce9030085
data/expanded_outputs/method2d/Q152_method2d_exp_20260413_080445.md,2890,e54cc1d4a8e074141f6e4602f752adcb9072f10999bbf56521e6de70a95a5be6
data/expanded_outputs/method2d/Q152_method2d_exp_20260413_080512.json,72981,41c8cbf9facb21b90526f9d3abb98817fedbbc0ce4e8f9973eb65c84a9e93771
data/expanded_outputs/method2d/Q152_method2d_exp_20260413_080512.md,3185,d9ab64c0cde557399a7da92569f6ac65baa8b7ea903195f4ab050a93d71d4be1
data/expanded_outputs/method2d/Q153_method2d_exp_20260413_080549.json,45032,e883991f9c8090e1d8fb4a07a0be027d423e1703bfb2fabe380e5545a6b00e54
data/expanded_outputs/method2d/Q153_method2d_exp_20260413_080549.md,3327,819ea868d32c99595e2f76e2ce00b38853a5012e107b0c7bd169ad24f34bd066
data/expanded_outputs/method2d/Q153_method2d_exp_20260413_080617.json,45032,1bc8831006e1d2ef693c9a575d1962ab87a47fb3fa7cd33e5235009a6d2d9ab1
data/expanded_outputs/method2d/Q153_method2d_exp_20260413_080617.md,3269,5a1c40f9c622fe53cee13033445c925cb351ed628252b45f5dd6c389fef173e6
data/expanded_outputs/method2d/Q154_method2d_exp_20260413_080653.json,16460,7153313bd066cb5025c3e0d1c29c4f013d7203c6913e848eebedffd8235b80f6
data/expanded_outputs/method2d/Q154_method2d_exp_20260413_080653.md,3292,89027ee50f3aeb197e3489a560fa478de7a7faa15591ef8f1236fd7ae37b6980
data/expanded_outputs/method2d/Q154_method2d_exp_20260413_080720.json,16460,dda0a4889aae65c1f992c05e46f68e88ff46350658782d97a34235492a22f38a
data/expanded_outputs/method2d/Q154_method2d_exp_20260413_080720.md,3463,ac82ad136fa4885b7261bca79cd9b81258e58d5f8b2df350aad3248cc708cc90
data/expanded_outputs/method2d/Q155_method2d_exp_20260413_080755.json,24562,bce001622f59f4b6f5c709654f581c4822c872ea9b0ff7477514c05c06392d75
data/expanded_outputs/method2d/Q155_method2d_exp_20260413_080755.md,3206,05b079bbc5ff6f01c3ebc13abf98a81bb210b1f211d6466a517a9193b60fd779
data/expanded_outputs/method2d/Q155_method2d_exp_20260413_080829.json,24562,9a77aba74b1a1daedf640dde26b71176d4bdf6a5f66ca964773b0d8965705a07
data/expanded_outputs/method2d/Q155_method2d_exp_20260413_080829.md,3374,ed50a1498adb9e8d6f340e4983fcc2eadcaac1bf6c8d3f391183fa1ed2605e58
data/expanded_outputs/method2d/Q156_method2d_exp_20260413_080859.json,31186,0a2b0dc11e57dd89a76ef4676a6090a172f7b96cc4a27ea5fb9dd6f07f66994a
data/expanded_outputs/method2d/Q156_method2d_exp_20260413_080859.md,3234,5bd45ca5dfb36017a5045980270689e8c45ccf5c60f364aaa410fc9ac7b85f0d
data/expanded_outputs/method2d/Q156_method2d_exp_20260413_080933.json,31186,6d40c76e3b993ee317b6723c2dfba42d6f11f09bc1806c803c0d236173aee541
data/expanded_outputs/method2d/Q156_method2d_exp_20260413_080933.md,3465,3f47c39927e8fdd09af276c69d33892b4b909f3980c40e7201105359368d43b4
data/expanded_outputs/method2d/Q157_method2d_exp_20260413_081005.json,30070,7a451e5d336288f2c772c685f997dc358de46a1ffa6fbe21691742b4afc3be31
data/expanded_outputs/method2d/Q157_method2d_exp_20260413_081005.md,3349,247e561d4687f36a33badecd62878032cff9d90751c025e3aecc3dd2699326a1
data/expanded_outputs/method2d/Q157_method2d_exp_20260413_081018.json,30070,b6eb608239b3456bb60dd731c1a7dafc543f1b536e2c611c3d588bbacf37e255
data/expanded_outputs/method2d/Q157_method2d_exp_20260413_081018.md,3546,b38a62a235bf9297956d3e0dbed18fdd8648b6e3e16313ed3bb85ad294b034c5
data/expanded_outputs/method2d/Q158_method2d_exp_20260413_081110.json,28916,da6cca0c5e309ec642bb4601d218d07f1e1f2e16caababd5d9db1eae3d6f57eb
data/expanded_outputs/method2d/Q158_method2d_exp_20260413_081110.md,3456,dd6e12962ee0718b9b214ac69a2604e78b8ba6f860093538a1ceb1dc61bde20c
data/expanded_outputs/method2d/Q158_method2d_exp_20260413_081126.json,28916,51a54b7fbe2101d7f1398a383a7a667ba552f286dd6444520334c2602f310484
data/expanded_outputs/method2d/Q158_method2d_exp_20260413_081126.md,3380,494781bfba4d80ed03251eb3ec4c484d965b7003fb1658576b383def1f670a28
data/expanded_outputs/method2d/Q159_method2d_exp_20260413_081214.json,33345,2d764fa94d5b976603e3b8ffdf297e392108e28ad6ef3b70f106fcc1ca3f87ac
data/expanded_outputs/method2d/Q159_method2d_exp_20260413_081214.md,3663,848e16f19b09547d948a51e1ccd8bde47d9026e2481ab6d4cd080f944a290d60
data/expanded_outputs/method2d/Q159_method2d_exp_20260413_081230.json,33345,a880d83cda9bf16cb58db4731182f98460ef4dc4fbcd928ddfdab68da7611488
data/expanded_outputs/method2d/Q159_method2d_exp_20260413_081230.md,3125,2db0edea032187a40c495f3813810a9eb26ba937b53d751475ad480eebb44d09
data/expanded_outputs/method2d/Q15_method2d_exp_20260412_225137.json,17203,1192f6d27a4d62d43040a9838c3402fc975ba90882607168667c89dc08f9a417
data/expanded_outputs/method2d/Q15_method2d_exp_20260412_225137.md,3125,26ee957295a03872d30cc4e46420891235f342ae0e0dba3b59a5568e764f1486
data/expanded_outputs/method2d/Q15_method2d_exp_20260412_225211.json,17203,0d5d8be7bd12ef15d9ef43b1fee7286dfe62925158c0ee78a60695175f291464
data/expanded_outputs/method2d/Q15_method2d_exp_20260412_225211.md,3497,2f3de9a22ef678cee03582a5c1cd739ebeda1cf9186c23dafd3b447b75086302
data/expanded_outputs/method2d/Q160_method2d_exp_20260413_081320.json,41133,e3a5de1ddd603bcd4d63162bf4f039ea63eb2b2bdcb93463f72c8cb37262fc98
data/expanded_outputs/method2d/Q160_method2d_exp_20260413_081320.md,3107,0cdc5dac287027805983acd11da71ea3af53c7dd4b77b27d77b268701a5a00fe
data/expanded_outputs/method2d/Q160_method2d_exp_20260413_081331.json,41133,acbad32319e3a2de57f325f8b0042631b9a240d0e7e6f2177855f8638e99678d
data/expanded_outputs/method2d/Q160_method2d_exp_20260413_081331.md,3296,1279337bc7243a78ff6fcb7dac36cae8405e5593e2cf73af66cd6cf4a9e5460f
data/expanded_outputs/method2d/Q161_method2d_exp_20260413_081421.json,90561,502f057a2fe8a19beb4990ee094762790565c845b65faff00318290195fabf9e
data/expanded_outputs/method2d/Q161_method2d_exp_20260413_081421.md,2775,891134de5e9a9c1134b1c1c2fa5beddac21f920533db0baa30a60b212b6f4879
data/expanded_outputs/method2d/Q161_method2d_exp_20260413_081433.json,90561,20b8a79c919ac90254059ce2f5e41e84eb8cca7cd06ae63c4360e068558a8587
data/expanded_outputs/method2d/Q161_method2d_exp_20260413_081433.md,3081,3a5a9c4cb12144b855f92a72c59cc073d9f14c0f123bb7d9425a1f527517f587
data/expanded_outputs/method2d/Q162_method2d_exp_20260413_081524.json,27385,1610e911d1aa1c47ad96e3f8728c625ff5a7cd29c63c7c9dbea7d91959b34acb
data/expanded_outputs/method2d/Q162_method2d_exp_20260413_081524.md,3285,ff761e313cb2982cf902e5fd792cbe09bd96740c695365c9233bee6d9f25a7c5
data/expanded_outputs/method2d/Q162_method2d_exp_20260413_081541.json,27385,33cedeeaf4a2a8696b6382e6e1b3b51ee587424fe6716ccb627508bc808b56ae
data/expanded_outputs/method2d/Q162_method2d_exp_20260413_081541.md,3123,4f9f91812bd45e53642d1c5812285fa86b05e91017eadf53e7bb35f97dec027a
data/expanded_outputs/method2d/Q163_method2d_exp_20260413_081625.json,46456,b55c56e28f251d1bd0ddc9bb0e1aa7c4b241dc9bc16ae5c8bfb1f068e8ae7968
data/expanded_outputs/method2d/Q163_method2d_exp_20260413_081625.md,3176,9a13e9cff37e38341bb130c3712c59bda1285d722ff7eb30e29d114618322349
data/expanded_outputs/method2d/Q163_method2d_exp_20260413_081642.json,46456,74d18d4d8bcbe9c742b36ad1c7c23d1de04fe50425843d77b2460ca3f44e774b
data/expanded_outputs/method2d/Q163_method2d_exp_20260413_081642.md,3390,9ff677b6a85832fb4d60fdf245ea2b56bcb6d09218738d4337f983bacc8afe71
data/expanded_outputs/method2d/Q164_method2d_exp_20260413_081708.json,47315,81b0011bea194aaa67186ced8fc6fd684ff937c8de36e4244d0cef9901bdc8f8
data/expanded_outputs/method2d/Q164_method2d_exp_20260413_081708.md,3235,874fcfb8c1b26ce7c4eb146f13d43e5068a6faef5bc77e9c0766f5ec6025b2aa
data/expanded_outputs/method2d/Q164_method2d_exp_20260413_081728.json,47315,91958b7c332b02879631b22ce10dfa50c68e9fb32838a2f6572579a8d82d71b8
data/expanded_outputs/method2d/Q164_method2d_exp_20260413_081728.md,3207,15ab26dad623b8c76c32c90b5106a5930ff756735ec20e27b69b672abd835fee
data/expanded_outputs/method2d/Q165_method2d_exp_20260413_081813.json,180159,25fe2fc0b004340f14ec2b5f480130bfa8bc4fcd9796fba7da3a5bb004e3ae43
data/expanded_outputs/method2d/Q165_method2d_exp_20260413_081813.md,3336,6d466e2a16caca2b626ac111f2e6c40cb96ce330f701ed0e8098ee2ea7510a2a
data/expanded_outputs/method2d/Q165_method2d_exp_20260413_081834.json,180159,c28361d74afc01483735acd56f23fc144e52e5a4612fec5e530b6658886eb301
data/expanded_outputs/method2d/Q165_method2d_exp_20260413_081834.md,3134,956de29bc9a202d0f0612c63dc86c053c4e428845faad716cb5889da5c52f30d
data/expanded_outputs/method2d/Q166_method2d_exp_20260413_081916.json,87522,0991e3edca1bf52598ab5104087a24b78f7f52adc171bfadb290bcd4dfd740a4
data/expanded_outputs/method2d/Q166_method2d_exp_20260413_081916.md,3243,107aba8a976b7c2efc68cd09bb848ed45bf2866fcf0e1a91b4a8bf24f4a0c699
data/expanded_outputs/method2d/Q166_method2d_exp_20260413_081936.json,87522,aa2fd18ba36b11fa416c468e830f82ade1d97d0cd10d6e003cb171d9bb6f54a0
data/expanded_outputs/method2d/Q166_method2d_exp_20260413_081936.md,3096,b2586253911da75644c9a4d1445e16ec141ea768081b597155276d7cd9100917
data/expanded_outputs/method2d/Q167_method2d_exp_20260413_082023.json,66076,4b301723360ac9346e8dd8786f238b9ae7796dcac778ea42fb29bd5621594eef
data/expanded_outputs/method2d/Q167_method2d_exp_20260413_082023.md,3496,aa92af8dda176f4957b12597619b93d19e5d322284d76c1381f786599b08874c
data/expanded_outputs/method2d/Q167_method2d_exp_20260413_082042.json,66076,1d10d98ec32d6265607716b5734c3d9bc4cae145369c4e603e9cc5942a62b4bc
data/expanded_outputs/method2d/Q167_method2d_exp_20260413_082042.md,3490,ef4fb6dca0d1f280a3ac5767cd0bd25c7930cbeecc7154a39a9d6f79599d1722
data/expanded_outputs/method2d/Q168_method2d_exp_20260413_082126.json,45596,eb423f14d56f8a8c32c74a32fa51b2358c5f94b3da5adf84e173c8cad259f3f6
data/expanded_outputs/method2d/Q168_method2d_exp_20260413_082126.md,3246,7e9b5449e72443a517946a36c0f6dbc96bfb065bc28aef01c295abc2616a9215
data/expanded_outputs/method2d/Q168_method2d_exp_20260413_082150.json,45596,37706d444474da429336198f01e3099aa8f2afaaaacafe91430e7fd5509ce0a6
data/expanded_outputs/method2d/Q168_method2d_exp_20260413_082150.md,3270,3eadd44a71dabd26548aede6ba76280278b1a69276a1b1ca0ebe01aaa8cb09f5
data/expanded_outputs/method2d/Q169_method2d_exp_20260413_082230.json,66138,bff3be2c699ddc327ccf5b8bf14b9b2a8deb75598e6d3799fbd83624bf805a8c
data/expanded_outputs/method2d/Q169_method2d_exp_20260413_082230.md,3565,9bc429c0093d61457cbc1df4e73ae1c771ab16045e2ebf04c632830a759d0150
data/expanded_outputs/method2d/Q169_method2d_exp_20260413_082256.json,66138,3e9207b814e416932c4f18c38f6c43afa859e9eba79c948599eafc9d03f8890f
data/expanded_outputs/method2d/Q169_method2d_exp_20260413_082256.md,3831,1e0e88ce1b480025b636a8f9f375c8469a8a87025229807701fe7caa069b2739
data/expanded_outputs/method2d/Q16_method2d_exp_20260412_225240.json,17224,574619593f7f8f2973db9b838e2ba2e049edd18ce5e8d0592f340ed8fda18f77
data/expanded_outputs/method2d/Q16_method2d_exp_20260412_225240.md,2799,4ed34cb8ba1aca9141a1a8e1b91115abdbc62034599dbff2bdde4b621db5d2bb
data/expanded_outputs/method2d/Q16_method2d_exp_20260412_225312.json,17224,f5c54703c8128b0a0f5bef9f4b1d54174a234a4d98029546208de57260c3ce54
data/expanded_outputs/method2d/Q16_method2d_exp_20260412_225312.md,3137,f01493180203d109ccc835e7dab163906841af3a6bccdcee247794fed9eee54c
data/expanded_outputs/method2d/Q170_method2d_exp_20260413_094548.json,38696,581056df7485eca27152f69c323392707efeb8bf34edff2ed49b02e4e52b6587
data/expanded_outputs/method2d/Q170_method2d_exp_20260413_094548.md,3097,f105b0929ea101e81fe2265905b0a9c7bb9f6e8c5cb39f358dcf96f3aed58b2a
data/expanded_outputs/method2d/Q171_method2d_exp_20260413_094655.json,23965,9efdd0e04308ef5ab582fd1674b55a5e04c6a1259bc423c93ca8a33585ad6abf
data/expanded_outputs/method2d/Q171_method2d_exp_20260413_094655.md,3443,0c26bf8db1dbceaad20515f18ce0a5500804929bf26a045a85f3d0160f93643f
data/expanded_outputs/method2d/Q172_method2d_exp_20260413_094806.json,47196,dabbf53d0e439ae9bce777773d19b07ac83101233460a9ca6f11c647bd760a45
data/expanded_outputs/method2d/Q172_method2d_exp_20260413_094806.md,3272,09d7d0822609e1d477408d81102c368bb21ff59e2077c16d025aad4fb1a9d25a
data/expanded_outputs/method2d/Q173_method2d_exp_20260413_094914.json,24223,77b40081c091b803f2ae360a0b7ab1de178b31fc8809d39683b5c2972df46166
data/expanded_outputs/method2d/Q173_method2d_exp_20260413_094914.md,3933,7c958d536b06857433266e697b8546fc3916d3710e59fafbc6e55d9cb93b10b9
data/expanded_outputs/method2d/Q174_method2d_exp_20260413_095057.json,50562,731a00eced6aa894765298232a5add34883bfd83aba75ad1aa0cd8efbddb169b
data/expanded_outputs/method2d/Q174_method2d_exp_20260413_095057.md,3393,266f701c8049a04ace224084854ace11a2de576ebe70af65105dcd7bad12ee32
data/expanded_outputs/method2d/Q175_method2d_exp_20260413_095207.json,83031,3d46061b91252fa9435dd2a076b7bcd0d118ee68e46d30ba4a7ff98489363491
data/expanded_outputs/method2d/Q175_method2d_exp_20260413_095207.md,3161,47e6ddc4970635ddeed3da824104a0c11a1816c1c5c219ce8dcd3284e799899b
data/expanded_outputs/method2d/Q176_method2d_exp_20260413_095317.json,54590,b8547f857b1495b4c84f9517d57fdc82d72a358577d6ebd1935ebf212903db87
data/expanded_outputs/method2d/Q176_method2d_exp_20260413_095317.md,3398,e7ea15eb711cb10a4ff733114a462b6d2b9e7b0bc18917dad4d76f7ec930f414
data/expanded_outputs/method2d/Q177_method2d_exp_20260413_095421.json,77334,d92da4dc3ca6ac4d9e5c220e15db2b8ac0c2fb2861ebf9a853d9856e9acbec8e
data/expanded_outputs/method2d/Q177_method2d_exp_20260413_095421.md,3392,84e96b880f302ef003b3b65f25cd571ef60e08089883b5b1d7ad90e631504fbf
data/expanded_outputs/method2d/Q178_method2d_exp_20260413_095533.json,32026,a580d789aded9cadf5c1f7affa183c9a768d854f227d041c8a4a731cb3fcafd2
data/expanded_outputs/method2d/Q178_method2d_exp_20260413_095533.md,3715,dd2a84797b0285def1f76394d2c005ee61601bc145c17dd1b407adb8f3383a40
data/expanded_outputs/method2d/Q179_method2d_exp_20260413_095653.json,81507,2deadd129d052a0698beee1ebe661b0c380309b7ea6635acd59f23c2abfdb49a
data/expanded_outputs/method2d/Q179_method2d_exp_20260413_095653.md,3574,14dda908d0faa08f32bd472aece89d98ea92598e5a9b238473720a07279c8dfa
data/expanded_outputs/method2d/Q17_method2d_exp_20260412_225344.json,17218,f6341f1bd0b9db6d2fe3442e7b2aea7e9005176a9d854b8a8ab9741201ec2d57
data/expanded_outputs/method2d/Q17_method2d_exp_20260412_225344.md,3370,52a6c4746b543b5ea015bfe94415fce681bec21496f0aebbac3d8fadba22fe88
data/expanded_outputs/method2d/Q17_method2d_exp_20260412_225419.json,17218,e9280eab260075e62119986a18c31817ec6dc323bc3e06d6a0d93dbcdd875f9f
data/expanded_outputs/method2d/Q17_method2d_exp_20260412_225419.md,3433,f40f878de91d6bf800ba7dd21e80166e904609539782a7f6db3dba4cde6d6949
data/expanded_outputs/method2d/Q180_method2d_exp_20260413_095754.json,20305,44e16748e69b308b64c32da7d5580ca3108639d0177de767f68409696400172c
data/expanded_outputs/method2d/Q180_method2d_exp_20260413_095754.md,3139,7d5d8fdcd472564501bd1f8a11e1e83f9b531cf6028206de76f6b57c907c83cc
data/expanded_outputs/method2d/Q181_method2d_exp_20260413_095857.json,39252,80922534d3a1297a65ed870913f6080311a048b8c9905c1cb3f49a98c62a8a2c
data/expanded_outputs/method2d/Q181_method2d_exp_20260413_095857.md,3260,f9915821ac7e88a9ae56eb641b0e8d4f43bce5dcf9037f936bbc9d6f79fd6bf7
data/expanded_outputs/method2d/Q182_method2d_exp_20260413_095959.json,67824,e356557bf7e33f541176c34a01d1dba4f6970b264ba77b51babbe8ca77832269
data/expanded_outputs/method2d/Q182_method2d_exp_20260413_095959.md,3099,d9f79948a4a3d6d449a3df1f6819ab05264ccb895ca8beef51d4cd9821f87f91
data/expanded_outputs/method2d/Q183_method2d_exp_20260413_100107.json,93501,77f1af025d2ed15ef8fc28858eafb5c838120dab796f88bf1bbf0cf98afd24ee
data/expanded_outputs/method2d/Q183_method2d_exp_20260413_100107.md,3624,0f90a78bc27c5a29ccfc11b730889e8ef7a4d972143f4ba3bae67c30e36c6635
data/expanded_outputs/method2d/Q184_method2d_exp_20260413_100215.json,185517,cfe2c115f5dde7652b0d1002973410c8beed6766fa0d5f20b0f24b965b51df0a
data/expanded_outputs/method2d/Q184_method2d_exp_20260413_100215.md,3372,16c79d8bf66d8bc38614aba3015e65d7b205896fe0c2fba74b3f267815753699
data/expanded_outputs/method2d/Q185_method2d_exp_20260413_100328.json,50777,1fd7449110881ccf0cd14eca13b7deb6b735c1305b43d661b61c05779fa4cd33
data/expanded_outputs/method2d/Q185_method2d_exp_20260413_100328.md,3088,4786966077c8954af645ef3dc9b2608e95d1753ed8efdce20700bf0b267d756d
data/expanded_outputs/method2d/Q186_method2d_exp_20260413_100435.json,39525,472aab02734755a584e49d46886168514922ddbd64d321125eb999e06417e455
data/expanded_outputs/method2d/Q186_method2d_exp_20260413_100435.md,3396,3659e4a704d90eab9d968fa0bc94bd4d3f9ce871136434bf490997b819639769
data/expanded_outputs/method2d/Q187_method2d_exp_20260413_100538.json,26655,fff1fc0ed6b76e0d93589ef2e0951c1ec97bbe332a272984079bdc44c635a7f1
data/expanded_outputs/method2d/Q187_method2d_exp_20260413_100538.md,3339,bd4a76b5dbbd0a304264ab80f4c1331dea6b5e1ce8d0ae04c747288d6744d496
data/expanded_outputs/method2d/Q188_method2d_exp_20260413_100644.json,35570,b430e8d7b7b127d01a6af08c88a0619762c7647fe8389233d3a40b26e49b4e5c
data/expanded_outputs/method2d/Q188_method2d_exp_20260413_100644.md,3327,048925ddbc9ba724f35e11f78280cd8b231312d1bfdbd5dce30e78d3b153ef5a
data/expanded_outputs/method2d/Q189_method2d_exp_20260413_100758.json,43536,c7fd29d610dc2a1e420f8d57666600d4110187c5116a79e40bd0c160818fa6f2
data/expanded_outputs/method2d/Q189_method2d_exp_20260413_100758.md,3244,c827580a5aed2de4aa635c3a4543e93b1c2ca9175b8b77599d49d38471be4608
data/expanded_outputs/method2d/Q18_method2d_exp_20260412_225428.json,14517,84ab411240c3313afca8dc659e82028eb867e210f3446bf6e71a32df7354a1e0
data/expanded_outputs/method2d/Q18_method2d_exp_20260412_225428.md,3712,9d89d78c00ffdd6e119f5a678c4181a8424178f1b2f59a990e64c077167e7aea
data/expanded_outputs/method2d/Q18_method2d_exp_20260412_225527.json,14517,119cac042cc8a811d1c59d80e31a50267fb35f0ca2fe2a35d281444bc5a4e231
data/expanded_outputs/method2d/Q18_method2d_exp_20260412_225527.md,3140,11dd6c3c9020f996d6dd13a6f7c6f8747a92733b05c0ba07ad36c891f21684ba
data/expanded_outputs/method2d/Q190_method2d_exp_20260413_100915.json,35793,da0dc6a0334ec313359e0fab66de1dbd6400f3881dc565bcad802e41b5586fd9
data/expanded_outputs/method2d/Q190_method2d_exp_20260413_100915.md,3150,6b02dac5fa10dc273bf3d2f32a57b6fb7888b6b516ab87e007ff122ded9bfa5f
data/expanded_outputs/method2d/Q191_method2d_exp_20260413_101022.json,34600,eb668d58d8fd40df00ea9b82ff5112c592e2876199b16070746dd9bdc56327e8
data/expanded_outputs/method2d/Q191_method2d_exp_20260413_101022.md,3297,a4d76b04afac467c590432b49ab5d4e05535a745df30c73249a02a5e558e7d9a
data/expanded_outputs/method2d/Q192_method2d_exp_20260413_101104.json,37268,d1e16b3d6c449fdf0be1c64fb43446fa286df53c186cdb579102609bc00b74d6
data/expanded_outputs/method2d/Q192_method2d_exp_20260413_101104.md,3330,0e1a4bc75ac3e36b29c1de2046561b7dc7346999085686bf3fcb578f92b18940
data/expanded_outputs/method2d/Q193_method2d_exp_20260413_101212.json,20518,1c0bf4dceadd651aa115cf0da8ae0ad8bcdeb465e84bd98421f982c8953e27a5
data/expanded_outputs/method2d/Q193_method2d_exp_20260413_101212.md,3276,9ec31ca82c24f02960a3af5cec157c230c0f777f6243ef6654d75958d823a401
data/expanded_outputs/method2d/Q194_method2d_exp_20260413_101321.json,26113,aea19e5c7f12e63441f00935e55a3c8930fe21242a52ecc658a604ee4a3c3a31
data/expanded_outputs/method2d/Q194_method2d_exp_20260413_101321.md,3314,bb60880f89874bf929c39c32159e742fef58c260122f3e88b1c3f19d426b8c23
data/expanded_outputs/method2d/Q195_method2d_exp_20260413_101431.json,28882,a524c3d6cddd2cde7c2eabb89b699b053da63d659d1cd10992c30240e5798eba
data/expanded_outputs/method2d/Q195_method2d_exp_20260413_101431.md,3136,9e8e15ce65e1db183111bcb2c0d9ac3b96a8633daf342bad04265fa4a09a12d1
data/expanded_outputs/method2d/Q196_method2d_exp_20260413_101544.json,47802,1227e0cf236534c6ad8e48534612891da43b3c8905e4fc2acb6543538d381fd8
data/expanded_outputs/method2d/Q196_method2d_exp_20260413_101544.md,3038,6bd1fe168f521705c525134c9332894a90d2833152bea061507b9b9048ed99c1
data/expanded_outputs/method2d/Q197_method2d_exp_20260413_101656.json,21018,2f6292b51667d9d183154b348224e7384da1aa19951d58c2e65872b050a21b6c
data/expanded_outputs/method2d/Q197_method2d_exp_20260413_101656.md,3110,b3860bb7977526ceb9ffe32286438b1908275399cdad241e79ca2c45e14dba22
data/expanded_outputs/method2d/Q198_method2d_exp_20260413_101805.json,39188,75559aededd52076b2b6d689e5c8da798f37dbe81ef33581c6cddd59d9a115b0
data/expanded_outputs/method2d/Q198_method2d_exp_20260413_101805.md,3788,47ff693a911305938e2ab081ede499e7efab76e4c371b65b9b2caab2dc23966d
data/expanded_outputs/method2d/Q199_method2d_exp_20260413_101912.json,42295,960b593eb7d71620dff0ec2e8dbaf05a76246aef48c9d630b7cad7f063158355
data/expanded_outputs/method2d/Q199_method2d_exp_20260413_101912.md,3396,3ad6f9de19ef9aae05ed64dd555d99a28483c12cf7ac02a54f296b4683578e85
data/expanded_outputs/method2d/Q19_method2d_exp_20260412_225515.json,17206,e74086932529018bd09145297bc546def42a04703aae7b38891215c5ec5275a5
data/expanded_outputs/method2d/Q19_method2d_exp_20260412_225515.md,3720,f790229d025178907e35900fe2c4129f53af76276927f3331ea602229e4caf7d
data/expanded_outputs/method2d/Q200_method2d_exp_20260413_102016.json,89307,b8e428867ee1c26ce3fc516869ff8f67cb1a8cf1396e2c4cffd3b68af9fddd68
data/expanded_outputs/method2d/Q200_method2d_exp_20260413_102016.md,3099,877a05328b224737e703c77b768dc829dca65348f442f1276934361e4063ffa9
data/expanded_outputs/method2d/Q201_method2d_exp_20260413_102134.json,62415,6e36a4ead06bd0f9250775bb31a5aa3b9fcc5fd477c7612c40f982afaa8f6601
data/expanded_outputs/method2d/Q201_method2d_exp_20260413_102134.md,3489,29a07070c71cf96b3ee0c2292eb1ba2f28af14839b23c20b4afcfabd8faf371e
data/expanded_outputs/method2d/Q202_method2d_exp_20260413_102242.json,48284,7ec0ca970df660f7cb3dc60e974adbb387ead0b8be896f43135745462706f5ba
data/expanded_outputs/method2d/Q202_method2d_exp_20260413_102242.md,3219,11422d9c16ab17333beb52eae2446bdc138bf0f581ead99b2ecf363cbcb754e7
data/expanded_outputs/method2d/Q203_method2d_exp_20260413_102344.json,35898,a80fdf3dcdb30edb793d08fd207527a760660b912ec1d610a9c57c46c2486d35
data/expanded_outputs/method2d/Q203_method2d_exp_20260413_102344.md,3032,d50e5736daa5122ca484ae34cf86a6a3bded28fbad983e6f7cfc63b1c72ea53c
data/expanded_outputs/method2d/Q204_method2d_exp_20260413_102453.json,39297,6d3b4f7c74efa356415bfc2772a3afe03a2366ef4cfcb6a53f15dae22a8dbe78
data/expanded_outputs/method2d/Q204_method2d_exp_20260413_102453.md,3273,29557121e95ec834efb1432ea991a6259f0951eb03b9dddc07aaec4f071aa544
data/expanded_outputs/method2d/Q205_method2d_exp_20260413_102556.json,43562,ec52e61c4578b2baf8b98b55e8f1093da7152e8501c60e8d21fad59c0227aebb
data/expanded_outputs/method2d/Q205_method2d_exp_20260413_102556.md,3054,f16991b0fc517acd760e7afe63f3d5af6fcf1a041d57e6c9353017ce69206c90
data/expanded_outputs/method2d/Q206_method2d_exp_20260413_102700.json,37036,fa21ed12a7fbe8e65e285435131fcaf8fa0983f2afb83fd6cc607078f50ba43d
data/expanded_outputs/method2d/Q206_method2d_exp_20260413_102700.md,3472,0e2d75dcf3b83a15ef4aebf2a05dfcf2a6f79be0807bc2d180567dcf1f636707
data/expanded_outputs/method2d/Q207_method2d_exp_20260413_102810.json,93670,b46aa2aa9a2dbe2524383dbcdf3fbbf5f67d37bd9ba0297c471f8aa888747e55
data/expanded_outputs/method2d/Q207_method2d_exp_20260413_102810.md,3071,ed0a900d61b6e9c2a3eb597f7a6dd9cf5bfdcf5add61ebdba46cd17712a58fdb
data/expanded_outputs/method2d/Q208_method2d_exp_20260413_102920.json,34266,0549c850cc48361bce34ef41af052a0d587fc90fcf95b082b6e538f024fba8bf
data/expanded_outputs/method2d/Q208_method2d_exp_20260413_102920.md,3372,d90dd95b963efed7b447aeff212779ae8f407a22447032e4b5708936366abd05
data/expanded_outputs/method2d/Q209_method2d_exp_20260413_103020.json,19515,dcdaab0649e5711fbdfe42f856be1824657b2e528385824a918ee0d4a661e2af
data/expanded_outputs/method2d/Q209_method2d_exp_20260413_103020.md,3436,e911d3b9a25984f674d6a0a8f7f9116cc752b4a6c6bbcd45d3a34e1a6b42171b
data/expanded_outputs/method2d/Q20_method2d_exp_20260412_225625.json,17212,6958d841a21349490880cdd4c2dd0448bf156f4add6760a879dab5dbedbed936
data/expanded_outputs/method2d/Q20_method2d_exp_20260412_225625.md,3084,a03d28744b732db289c4ebc58db9ae0ee7ef655e560ca3b07b2f7f7fa439ffa0
data/expanded_outputs/method2d/Q20_method2d_exp_20260412_225631.json,17212,a5cc4b3d98cf2f6e755967826891a4057719c35147b43c5d8b6c1d06a10317bd
data/expanded_outputs/method2d/Q20_method2d_exp_20260412_225631.md,2882,bee7f09e0ae814962a6877438253881c9e9de954130956f7941660ecb7d98ca0
data/expanded_outputs/method2d/Q210_method2d_exp_20260413_103135.json,47326,0f20fff7fc1ad14bbcb6ff19982001a5750bd23fc9a021501f463ae236533da3
data/expanded_outputs/method2d/Q210_method2d_exp_20260413_103135.md,3430,3f0aff0894b461c106545fc94aa6aa4a2a186621af2ce50b176f9f99095f59eb
data/expanded_outputs/method2d/Q211_method2d_exp_20260413_103243.json,38909,d0d9eb7a9435163e4c49469ff3d4d4fe7322eabc16976809a408c7bcd83ea856
data/expanded_outputs/method2d/Q211_method2d_exp_20260413_103243.md,3219,53a3a01ee1bc521ea8a5ae8028e2d658500a29b4789b86e7d7a78ed210d74e01
data/expanded_outputs/method2d/Q212_method2d_exp_20260413_103353.json,79391,7f2e1e5b00ce6f8ce6d767299c9ce81bff1c088cec303f558b71582dc03e8e98
data/expanded_outputs/method2d/Q212_method2d_exp_20260413_103353.md,3354,1fd2ae5410ee415da8503a7ab816c4e1bdbbc88168f8171da8475ec1aa47fe3d
data/expanded_outputs/method2d/Q213_method2d_exp_20260413_103455.json,33437,612530cbf15e564b30aa10759a098b5933a944bc19fb0595e8bacc06a3240f18
data/expanded_outputs/method2d/Q213_method2d_exp_20260413_103455.md,3281,821293b9ddb20a2ba11ec39ee88c795670b5bbd35db5a9290dab9fa75728cbee
data/expanded_outputs/method2d/Q214_method2d_exp_20260413_103607.json,59087,cb4ab5dd943f30defaef19c9c8b7c0869be2532a5ce83d57dc71505a8b6fcef8
data/expanded_outputs/method2d/Q214_method2d_exp_20260413_103607.md,3375,83ba622cd09ebbc1a70744cd1271036c9d556841fb66ed341e4733ed4782e32c
data/expanded_outputs/method2d/Q215_method2d_exp_20260413_103723.json,62907,afb346418b5f32e1c8716c164a980020b5596fbf7d5ce396fa771605ba1f3d32
data/expanded_outputs/method2d/Q215_method2d_exp_20260413_103723.md,3206,96115f1796290aaa051bbf099e3eca81824cb9f6ccadba75b64fb74b5ee4fda2
data/expanded_outputs/method2d/Q216_method2d_exp_20260413_103824.json,75843,afabc79e2fbe755efc4b99fa2b3139c161dfaddfc8219b689a0e808f7359b139
data/expanded_outputs/method2d/Q216_method2d_exp_20260413_103824.md,3268,559b29f5b4c4d84d2b3d5f9df8162b508fae1b2253e6cbdb6b45b753b7cc1e83
data/expanded_outputs/method2d/Q217_method2d_exp_20260413_103930.json,39840,65e6c830171c2ca6bf6845e6734bb6d6a18dd22d77cb5a96000a9f71fdd5c110
data/expanded_outputs/method2d/Q217_method2d_exp_20260413_103930.md,3340,ab66cd5bb89a9e034f42873008f5912757355692e35e56fc05ccff23c672831b
data/expanded_outputs/method2d/Q218_method2d_exp_20260413_104037.json,25275,9f902b3a2dea79dfbac04960c71d532e1a5a37522b8aff3b00e59303d897d5a1
data/expanded_outputs/method2d/Q218_method2d_exp_20260413_104037.md,3297,9bcf6428423a894d721eb3a4eb681086e29033bda75915279a77fed97ec36cbc
data/expanded_outputs/method2d/Q219_method2d_exp_20260413_104151.json,42505,64f94242b0b73af39f7a2d90dcdc9c275755c4ee661e79200162a631a57bb546
data/expanded_outputs/method2d/Q219_method2d_exp_20260413_104151.md,3437,9b6ecbf6101b0356178aa8b051a2b8ac7382b6902c4d2115dede3ef257d29a3b
data/expanded_outputs/method2d/Q21_method2d_exp_20260412_225715.json,8973,b2a29a6a575d3f38f5808eb7934c4d8c96324163efb589084babbfd08078a384
data/expanded_outputs/method2d/Q21_method2d_exp_20260412_225715.md,2995,528762ebe99fd338e35d4ce9ed855758ff46d76a2be24ce64936b349f66d299d
data/expanded_outputs/method2d/Q21_method2d_exp_20260412_225725.json,8973,01149e7b7ff3442e36c14fb3944797807f3d7c323b0db7baea4f8cecf806cbd1
data/expanded_outputs/method2d/Q21_method2d_exp_20260412_225725.md,3031,25e74612dbd0655668b62f730c0dd0b8b76ff1a91c8f85a78277f9f4a6679862
data/expanded_outputs/method2d/Q220_method2d_exp_20260413_104307.json,84940,751dca1ebecad574237829c3541ff0fb385c776f3108dd49963e4ff3213ccec0
data/expanded_outputs/method2d/Q220_method2d_exp_20260413_104307.md,4091,560b098534e683f7d6978689b3641b106d1acfc8f6ab0b129c216a53bbe4ccbe
data/expanded_outputs/method2d/Q221_method2d_exp_20260413_104418.json,101565,7da7be8fb5c901934127a9996c8df6114782bf6efde488fbff3aa6c96912ca98
data/expanded_outputs/method2d/Q221_method2d_exp_20260413_104418.md,3527,3ed5b91d752f8432c591b566bb4332875647f6861197f8705445f15bd8f66e0f
data/expanded_outputs/method2d/Q222_method2d_exp_20260413_104533.json,72919,0cd8219884bcfab964fe71b5de022c1eef7203d3e1e479aba1ed91e570637313
data/expanded_outputs/method2d/Q222_method2d_exp_20260413_104533.md,3455,5cbbc45b9be981314b8310ce072c8abe814b8473da25a8735590c5df3029d6ce
data/expanded_outputs/method2d/Q223_method2d_exp_20260413_113433.json,76303,39b4ec8d466a9d93363abf0c92f98994fe94dc5f14296eddb578e1191e6d9262
data/expanded_outputs/method2d/Q223_method2d_exp_20260413_113433.md,3327,8a931938845d902828f909fd63cc9003d455e8e4f2355509a47e0e922835aaa6
data/expanded_outputs/method2d/Q224_method2d_exp_20260413_104837.json,64922,30c7ded478dc885de2ded8566c2638c9af3679ee92581b4bdb3483ebfbb26a92
data/expanded_outputs/method2d/Q224_method2d_exp_20260413_104837.md,3440,0bd8a7a37245ae83bf1cf6cca3c0e007e077255a4e88148a3099f3f134a05fdc
data/expanded_outputs/method2d/Q225_method2d_exp_20260413_104943.json,69375,4387810002ef6de93783681143ecb338c8683ce7339831ee94456bcb90f192f0
data/expanded_outputs/method2d/Q225_method2d_exp_20260413_104943.md,3178,dc466215844e7b50316fd4dd18af3304910846b98fa925b86d9bae4634c429b6
data/expanded_outputs/method2d/Q226_method2d_exp_20260413_105104.json,80842,f1f8bf131b8b4afcd99433f3641de773297956abdc4eb85e567c28db84786271
data/expanded_outputs/method2d/Q226_method2d_exp_20260413_105104.md,3262,22927577da14a0384519906d7047d72854b3df39fe433b89733ca37009205abd
data/expanded_outputs/method2d/Q227_method2d_exp_20260413_105233.json,62800,40d49393778a4ced04cf799fb31938b05ad4b03312dfceac53dcfd10b6ebab3e
data/expanded_outputs/method2d/Q227_method2d_exp_20260413_105233.md,3274,cfb7829da85b1be71bd83f7c1529f03188fc0bb960e5799e5b5a40e4dd6ffe57
data/expanded_outputs/method2d/Q228_method2d_exp_20260413_105342.json,64248,64134784a4210d8a84b8b8b86506de854a731d8b2cf889a6e7d12a2c85a082a2
data/expanded_outputs/method2d/Q228_method2d_exp_20260413_105342.md,3014,d0ef98f1a4f62dcbdeacf9d625e088ad0ba40fe993f7108cb369e8d7baec2176
data/expanded_outputs/method2d/Q229_method2d_exp_20260413_105451.json,33666,6db7c844e1ce3dd8e80a557aae77bbde8148ed64c2cb0583396f998e7ddc3942
data/expanded_outputs/method2d/Q229_method2d_exp_20260413_105451.md,3310,10c021e519a3a2549f8fa21ffc1e5bba2818ca524664554f79a7b4648ae61afb
data/expanded_outputs/method2d/Q22_method2d_exp_20260412_225803.json,19339,9610fb7ec54ef818a96f2492c04f86a39cbe4782045fef74f149c194b67e70bf
data/expanded_outputs/method2d/Q22_method2d_exp_20260412_225803.md,3551,ca9592fc2de48e3acb7572fda376ebb3814e7a35cbbd188fcb6ce1f8e84ae24a
data/expanded_outputs/method2d/Q22_method2d_exp_20260412_225807.json,19339,f5d76841a5e604bc857781c50bec56a763417895a335ab253b556772e7047973
data/expanded_outputs/method2d/Q22_method2d_exp_20260412_225807.md,3646,a1f18753fdfcda3dc778b80bf7508b845f9adbf27d0239cd1c2142694069be58
data/expanded_outputs/method2d/Q230_method2d_exp_20260413_105603.json,54923,a48a50453e489c5ee2b8645e583618f14d88038fce4924e36e4a8396c355fb3f
data/expanded_outputs/method2d/Q230_method2d_exp_20260413_105603.md,3710,9d58d8a24fc7a9950e7792521487ded043b863990a89dc7e2d98fe6239507723
data/expanded_outputs/method2d/Q231_method2d_exp_20260413_105708.json,101804,84954a695dd5ecde059c633832dacfa71bf3b314e4151ab402373ef0ac47844b
data/expanded_outputs/method2d/Q231_method2d_exp_20260413_105708.md,3232,8856ebeb735e12d7c5690a2b91b5e9dc21fdffa9863af734acdda09a95bee17d
data/expanded_outputs/method2d/Q232_method2d_exp_20260413_105828.json,31866,2db06b79b84bf44f839809f1bba727aa74d91112488fb7f80131bf289bea70b2
data/expanded_outputs/method2d/Q232_method2d_exp_20260413_105828.md,3751,a6ca8da0e765f796140328575a7daa2b60fd6126595a9f9ad9fafc4e1ecbbdbd
data/expanded_outputs/method2d/Q233_method2d_exp_20260413_105938.json,27687,698851251e8c9b20357caa8889bac06191e247d196d90dc57a55940970f49eb5
data/expanded_outputs/method2d/Q233_method2d_exp_20260413_105938.md,3735,f7b9c71701c710a69edecacc33841eb13d689d75bcf615265e693dd1a9e1d3af
data/expanded_outputs/method2d/Q234_method2d_exp_20260413_110102.json,51908,ef08fedc904d7feefc29d3e3bf0e70bd077baf18f08a77db6220e04b250c2d3c
data/expanded_outputs/method2d/Q234_method2d_exp_20260413_110102.md,3039,65e71553f33b61c7aee9aeac45270269952af51da03cad04b594191c2da612a0
data/expanded_outputs/method2d/Q235_method2d_exp_20260413_110211.json,91438,59b323a48064e050cd808eedce57593bd3d21d37c702e0395ca608e38fc06e45
data/expanded_outputs/method2d/Q235_method2d_exp_20260413_110211.md,3201,1d38d784d671a706618216ead781a95b91d3d712030287efff89b5376a483864
data/expanded_outputs/method2d/Q236_method2d_exp_20260413_110322.json,100525,cd4539541d52713d53a42ccc763181ef4c6b7790c585f9f7a7ed9948720bac72
data/expanded_outputs/method2d/Q236_method2d_exp_20260413_110322.md,3245,1ccc2c76065a6db92a4eeb9cc700fb203a08f35a577fbceeea4ce92b6193a740
data/expanded_outputs/method2d/Q237_method2d_exp_20260413_110437.json,34906,c8254f320ac20df8227c3610bea6e4b092dc0105a62f89eed2675142d26af984
data/expanded_outputs/method2d/Q237_method2d_exp_20260413_110437.md,3381,3b85c4e2a2d795ccacac95f245c7d52be3bb3ff9de91b71d6804f23bdf557b64
data/expanded_outputs/method2d/Q238_method2d_exp_20260413_110548.json,77856,93ca56363fc090a5949f34a2743e2c58e23b63b657000a18ade26915bb506f2d
data/expanded_outputs/method2d/Q238_method2d_exp_20260413_110548.md,3443,8481fa7f8ae47816dba3bbbb81d4537ac0c9adaf293a617c262329e29b4851c3
data/expanded_outputs/method2d/Q239_method2d_exp_20260413_110703.json,31928,31349803f9b331c66a697519c314593a160dbe5f3c73e4e3a5e1e03f0f6018ff
data/expanded_outputs/method2d/Q239_method2d_exp_20260413_110703.md,3093,8b248d44ea03e93e19325463f6e8e49a40efd180a85454e7c946b427e12e86ca
data/expanded_outputs/method2d/Q23_method2d_exp_20260412_225900.json,8985,aaf6419a29da5cc47a77996a1ee8671f010666ebe97ea06e35f0ddaac3986b65
data/expanded_outputs/method2d/Q23_method2d_exp_20260412_225900.md,3316,2189b1a5bc25ea2d0b55f2a7b0402f2daf7877d4bf47b31e481575072638757d
data/expanded_outputs/method2d/Q23_method2d_exp_20260412_225901.json,8985,298844c098cd256f8fb4613a24e7d92ad0d1537e1a7999ffebacbb69c5cbacee
data/expanded_outputs/method2d/Q23_method2d_exp_20260412_225901.md,3270,400c7fb15914d2214d370e83c2f5fc19ce86791514a5c9575d86a2fa2842f77e
data/expanded_outputs/method2d/Q240_method2d_exp_20260413_110805.json,63467,48fd6f0b1b3df4552d53616d7a1ca8a5dd71c101d6da8b0a3a297427e382a6c3
data/expanded_outputs/method2d/Q240_method2d_exp_20260413_110805.md,3010,c54d8c346a0e17af5a2b1550fb0e25a359d99bdc29a89c9d9ac236a89bc9fa8d
data/expanded_outputs/method2d/Q241_method2d_exp_20260413_110913.json,37613,24f7df33e53d29cfbbc72c827c8b686738d3c93544bf7e69bb4f5db849926a8f
data/expanded_outputs/method2d/Q241_method2d_exp_20260413_110913.md,3754,1c57c86dd56da1665495f0ac35bef32938720f0250f78e9e541b05aab05aa85c
data/expanded_outputs/method2d/Q242_method2d_exp_20260413_111019.json,208969,dbe4baf2c73da588ae2afa6e8b408a543932d34af930aab4e2cf9f4ca5677019
data/expanded_outputs/method2d/Q242_method2d_exp_20260413_111019.md,3010,0dd6931c17c2a455dc121100d8516df3ca8041809753fcd608a66dce71f2426e
data/expanded_outputs/method2d/Q243_method2d_exp_20260413_111127.json,81418,a4b79942618570221c3eb5072ae569af36822c05187aa0daeb062dc322ff5e61
data/expanded_outputs/method2d/Q243_method2d_exp_20260413_111127.md,3235,c5856ea3dbb1fd5da3a90a3632d40e289112beb668511252b93f794b9e21ef4e
data/expanded_outputs/method2d/Q244_method2d_exp_20260413_111236.json,48465,3b5122e889a213197cc1ae6f83aad2421d379315ca904ba4af1ade6b068e219e
data/expanded_outputs/method2d/Q244_method2d_exp_20260413_111236.md,3341,5a328ae55dc30f1925026e1b2bffec4b00aa0eaba1c93e2684688a3a801023cb
data/expanded_outputs/method2d/Q245_method2d_exp_20260413_111347.json,23165,2df79297b22e4003c6d2f941e6cdaceaa961c6c51d48997bc9c8c70e5bdf522f
data/expanded_outputs/method2d/Q245_method2d_exp_20260413_111347.md,3442,0fee607d12c1f63c8cee83b4b376275208392db5053247d22bde2908321a66df
data/expanded_outputs/method2d/Q246_method2d_exp_20260413_111438.json,74922,e4df529ba62afc8b9d942b124c16cfb9b0e8ae14922ff98817927fccba81b728
data/expanded_outputs/method2d/Q246_method2d_exp_20260413_111438.md,3981,006995bd3e8f5c73bd9218ed69a6b964a665096b0019faca6f6027c2f6e3a259
data/expanded_outputs/method2d/Q247_method2d_exp_20260413_111551.json,20604,02e8e67162706e934ea386364a989cefde7a9319c0ecee9b6164f3d4495fbbe5
data/expanded_outputs/method2d/Q247_method2d_exp_20260413_111551.md,3662,545a7569ff8144bb474a46de465dd695bb2e3891862d98d2841ef1e64bdf128f
data/expanded_outputs/method2d/Q248_method2d_exp_20260413_111658.json,33674,6b131e1ee19aef5a767d185defda4c8616f1845344ae475ebfb5027408fbe3fc
data/expanded_outputs/method2d/Q248_method2d_exp_20260413_111658.md,3425,79232ecc36f2a361557d65e73b9a57f1b42e2ccdf205edfd1b9c80781f62f4da
data/expanded_outputs/method2d/Q249_method2d_exp_20260413_111816.json,50819,0bb3ffb64ddfaaffd7970708d386fa419d8de7d137914c0937126878a43e45cd
data/expanded_outputs/method2d/Q249_method2d_exp_20260413_111816.md,3580,7db2e7de0f64578d260ea63826bdf7c52d67445a91baa5b54010c468f5e68619
data/expanded_outputs/method2d/Q24_method2d_exp_20260412_225937.json,14481,4fc6275a9adcca930ac47d355995c4c70885659f2f3080d4a9e98c86f495c96d
data/expanded_outputs/method2d/Q24_method2d_exp_20260412_225937.md,3706,883abe682f46c169ca1505d8204e047b7f67cc30d09c5f2f834278a72914b3a2
data/expanded_outputs/method2d/Q24_method2d_exp_20260412_230002.json,14481,5d6d137c3a01b2bf4efc7b7d3e790c5d06eed1e31f4e7c82757cc32969effb65
data/expanded_outputs/method2d/Q24_method2d_exp_20260412_230002.md,3026,0c1a494f6b81a772e3d5b4dc5b673d032693ee4f58d9ffbebfc1d7315d28707d
data/expanded_outputs/method2d/Q250_method2d_exp_20260413_111931.json,50403,8b1382cb57defc8e8318447f33a010badb83ae62c1ad11fda095c5f6a1a0a839
data/expanded_outputs/method2d/Q250_method2d_exp_20260413_111931.md,3596,0e3ed3cf5c6285a1ad6a318668b83d1a6df4aeb1e46634d8907275bfa244a9ed
data/expanded_outputs/method2d/Q251_method2d_exp_20260413_112035.json,56489,88441bba1df25d58b23f5412739eb47d4816122cdb8ed2459f5e43bb967f8033
data/expanded_outputs/method2d/Q251_method2d_exp_20260413_112035.md,3299,721cfa76f191a32e814b1d848cba49a98b89e80fff802ebcecf12c783f2de0d6
data/expanded_outputs/method2d/Q25_method2d_exp_20260412_230043.json,17221,6b161ab83a2dbd525c9416deecdc87b6810f712321cf06d1353f44d0d4342607
data/expanded_outputs/method2d/Q25_method2d_exp_20260412_230043.md,3396,d912fa52374627a8c5decd3b1e868869c02cbe67238e805d795baffa3fe5d3a0
data/expanded_outputs/method2d/Q25_method2d_exp_20260412_230108.json,17221,de2924222bbfb4c74b24e0b4b39f3a7841df4ecf699cc5b352ce386f0926c354
data/expanded_outputs/method2d/Q25_method2d_exp_20260412_230108.md,3393,c8f71a69092584d68e608a70d7b5884b1c2179c48cff87c4a14a10195477d5f4
data/expanded_outputs/method2d/Q26_method2d_exp_20260412_230146.json,14099,8a03580b9479382b2e7a5a7af5729f0c93946bc2c4735b6dd6e43a8af8143887
data/expanded_outputs/method2d/Q26_method2d_exp_20260412_230146.md,3020,6aa30ed1dc1cd29bf11901d06c7b30b158f0b0001eff0f45b184005afdbbf533
data/expanded_outputs/method2d/Q26_method2d_exp_20260412_230212.json,14099,dc845dd04b46073d80d067dfdcccc619a1bccd06a37b06fa13e918a38c023bc3
data/expanded_outputs/method2d/Q26_method2d_exp_20260412_230212.md,3079,19f92e7e48eb045a3f6f80756451d94b4d52e0f296e243785531dc327494726c
data/expanded_outputs/method2d/Q27_method2d_exp_20260412_230246.json,21236,a9a2b239468bcd370505cda21ccc54ae67cc201cec600cea7898530d8927f397
data/expanded_outputs/method2d/Q27_method2d_exp_20260412_230246.md,2800,1f3c1efd52ee73441bb742824c35da6811f675b198a76e20826d84befd1054f7
data/expanded_outputs/method2d/Q27_method2d_exp_20260412_230322.json,21236,795e1cd91c50787f3781ee6b57e1b6a52fb9a6cbf3da76718984f6d757f1641b
data/expanded_outputs/method2d/Q27_method2d_exp_20260412_230322.md,3539,57f93e66eb9689d1e85baa0b9975a5937e7e703a58c947e8b6c0815742e0cdd7
data/expanded_outputs/method2d/Q28_method2d_exp_20260412_230331.json,18929,ffc239608f4edb44617e70cbef2242977d515e4c7667310aac55f3ad97a189f9
data/expanded_outputs/method2d/Q28_method2d_exp_20260412_230331.md,3447,b96fbc550a13d47f12b4394c91c3b55e913dd50c0e1f0ab74a4434db22874ae4
data/expanded_outputs/method2d/Q28_method2d_exp_20260412_230411.json,18929,763299c3d999b7dfb790638969274b599c54704e5256436fbb7bf87135529800
data/expanded_outputs/method2d/Q28_method2d_exp_20260412_230411.md,3783,ff89a00d16d4599669fbc3a8a3bae582b87a492af98d85bc10e3294d4e67164b
data/expanded_outputs/method2d/Q29_method2d_exp_20260412_230419.json,17200,39a91ab8ee6bc2c34f8169e15d54c82f1420788fa153d153b4a815f9dc7b1d1e
data/expanded_outputs/method2d/Q29_method2d_exp_20260412_230419.md,3588,b09f822d4adc6aa59b53c107abe03e2a6cf17480a138453a755505e098295be7
data/expanded_outputs/method2d/Q29_method2d_exp_20260412_230511.json,17200,98a0d91388246ba6c09e300f633e32cbe2faa1c7f52ca11150acf391933616c8
data/expanded_outputs/method2d/Q29_method2d_exp_20260412_230511.md,2928,daf8d2a3998baae266202b8f31f99d3fec8ec406e61e7420273e1a5982ef1e51
data/expanded_outputs/method2d/Q30_method2d_exp_20260412_230523.json,19541,cd7c2399182873101c575a16beabe0896a136b6babaf228429dec455ea409db5
data/expanded_outputs/method2d/Q30_method2d_exp_20260412_230523.md,3402,53a41fb3c1ad90ca96d696572910d862711bb21692e13a041dc7c34f4bb8275a
data/expanded_outputs/method2d/Q30_method2d_exp_20260412_230620.json,19541,1d9c323c874e72a653d3c31546279e9ee8cae0f58bf26b192926a15df9cf07fd
data/expanded_outputs/method2d/Q30_method2d_exp_20260412_230620.md,3761,d4799f4a35d7134527cce7a8fe132fcec512224eef9d17fc3cf5b6a35bdd06d1
data/expanded_outputs/method2d/Q31_method2d_exp_20260412_230601.json,17242,fe9efc546ee0269eb2d526a013071f34e1fab3b7ffc743ba8fbef3cf95dc952b
data/expanded_outputs/method2d/Q31_method2d_exp_20260412_230601.md,3550,d1c6acc7f34efbc38eb73bcd045e3692984bcf3a29a72c09cdb19ce32af6aa50
data/expanded_outputs/method2d/Q32_method2d_exp_20260412_230704.json,17242,78f080b832e025355066ccd716e7e9fbd7a81dcd53165571f7c5ba7bb5552004
data/expanded_outputs/method2d/Q32_method2d_exp_20260412_230704.md,2964,b11f705ef0cd369600deb90926274c595b30fe78bdfe4306cf845218933096c2
data/expanded_outputs/method2d/Q32_method2d_exp_20260412_230723.json,17242,32a37a603a38a262cb5c810a8ae892e85903163dfd6b95229e5ac12974f8fa87
data/expanded_outputs/method2d/Q32_method2d_exp_20260412_230723.md,3223,c5acf7da425ce96ef544cfacbbf6bee864421c96d89b49504a2621a1f6666d41
data/expanded_outputs/method2d/Q33_method2d_exp_20260412_230807.json,14157,de7de7e7f7696eb76cee2edc36937fc66915d4abe086cdcc18bfeaa844834517
data/expanded_outputs/method2d/Q33_method2d_exp_20260412_230807.md,3329,3e6eac66da23892f19b2203b8c58e3e718c2e7154c95d0c8d1b84ff456a61dec
data/expanded_outputs/method2d/Q33_method2d_exp_20260412_230824.json,14157,a8235625e26f8adabd8b6f3e615682ce296dab03793dd6237d3e54ca6f88be4b
data/expanded_outputs/method2d/Q33_method2d_exp_20260412_230824.md,2902,f513c2397d519f9dd2511a5b92687682b3ff776f1a6b7e7cf0e3f4b9b12cfaf2
data/expanded_outputs/method2d/Q34_method2d_exp_20260412_230905.json,17239,240acf29ea1f92b5509c4f0e217e3e231d829bd1e10150a2858f00c2c8818dcb
data/expanded_outputs/method2d/Q34_method2d_exp_20260412_230905.md,3113,9e32428391c870502c07672b93b04e5eb6ad1f07e932351391b72dcedfb15c87
data/expanded_outputs/method2d/Q34_method2d_exp_20260412_230928.json,17239,3cb757e86647f905b3e95c1f1605fb74616e1274b0068ae8da62f3413db7ea63
data/expanded_outputs/method2d/Q34_method2d_exp_20260412_230928.md,3302,c3a7321571da1df5e8c358fdb5d9c04571b18158264ea77fffa496851169f459
data/expanded_outputs/method2d/Q35_method2d_exp_20260412_231005.json,17236,7fe73112285c4ee8130948e27130ebecd798c16f10652972c4e6f692dfa14c2c
data/expanded_outputs/method2d/Q35_method2d_exp_20260412_231005.md,3136,d46e40c97528ad922b386932f80632f419c30e520f05b5a53e97843acea87fe8
data/expanded_outputs/method2d/Q35_method2d_exp_20260412_231029.json,17236,8ab2eb83515e3b6347f1b45dc2e33976a9d6d9b908749c28522b3e369b5ca5f4
data/expanded_outputs/method2d/Q35_method2d_exp_20260412_231029.md,3181,94c2c7467e800e5aec9b78eb19b11c254f3fc9cc92b3e289f07f48784869e614
data/expanded_outputs/method2d/Q36_method2d_exp_20260412_231046.json,18457,b69ab895cf93dcfe441808732cc022bff7e1c7c82d2727ba86572ce2a4005d87
data/expanded_outputs/method2d/Q36_method2d_exp_20260412_231046.md,3266,1c26f7b5a208e271f59cd1c5356ebd0f64018764f5feea92be9bd8ae3ae8b68c
data/expanded_outputs/method2d/Q36_method2d_exp_20260412_231110.json,18457,c97ba57250b20143d93d01c20e4946e7c2463acdadf397bfd16bc273d04b77d1
data/expanded_outputs/method2d/Q36_method2d_exp_20260412_231110.md,3460,1a8eb92c30b04a5df67b97fdbc014c5013fb84a7c48475b6a43794e2e0b97ddd
data/expanded_outputs/method2d/Q37_method2d_exp_20260412_231155.json,31025,0b5692eb9ebd52ae317920648f539cc5214bbfa2f4fd270b9878e6017e5c9c63
data/expanded_outputs/method2d/Q37_method2d_exp_20260412_231155.md,3016,863b71e4354eff8f9158eb5ea927843ca77bd17a037f742f6a267c5ad2efb262
data/expanded_outputs/method2d/Q37_method2d_exp_20260412_231220.json,31025,03c0937a158d94e920a47952a0d9fb3e8eee8e748f94cd17e9de05ac7673391e
data/expanded_outputs/method2d/Q37_method2d_exp_20260412_231220.md,3580,168124a21c7c4f1b421ed12553892ff9fd6a8cfc225084fff8cd7654df9b4e21
data/expanded_outputs/method2d/Q38_method2d_exp_20260412_231240.json,23540,5b5df79be0e3b81c483b80464a5472b4cb400ef9f4e0c36f464e4a9448d031ac
data/expanded_outputs/method2d/Q38_method2d_exp_20260412_231240.md,3409,7501855c7c09e04cbfd1056c82d20b97c2664221bd0d323c4ccd2b29c3fd2d35
data/expanded_outputs/method2d/Q38_method2d_exp_20260412_231321.json,23540,adba7a1ba850935e529483fb17dc4283749ba9c057c3f17586f2c72192a87df6
data/expanded_outputs/method2d/Q38_method2d_exp_20260412_231321.md,3160,f02591cf2e9ecf1ff7555074dd30a225ed5642ff14150aa62b8654f03a95d7de
data/expanded_outputs/method2d/Q39_method2d_exp_20260412_231348.json,19495,98caee8de12e0160eaaabd999c524338988a1e2be8cf5876be5620225219a2ea
data/expanded_outputs/method2d/Q39_method2d_exp_20260412_231348.md,3404,a80ad886c19ac5a38d2efbc9f051f6680d62264ca9717c31e03de8589b887079
data/expanded_outputs/method2d/Q39_method2d_exp_20260412_231427.json,19495,3b1303d1692856820d3348ff6d3765dd9e616d82ba36543d41b8e5997cc761dd
data/expanded_outputs/method2d/Q39_method2d_exp_20260412_231427.md,3539,d6ef40a4ff46d7c1455665c17086f0337509c9b973d74b8d2356a29940cf3e9d
data/expanded_outputs/method2d/Q40_method2d_exp_20260412_231458.json,45271,616ace9fd1dac49378ffb2003ff9febe2441e02b433c37dbf6ec9b7690bb348d
data/expanded_outputs/method2d/Q40_method2d_exp_20260412_231458.md,3117,160efd7ef5ddcfeb0f9128faebe9a528a38cc3dbb3a2f1dde233f87f33e22acf
data/expanded_outputs/method2d/Q40_method2d_exp_20260412_231527.json,45271,b531fc3c0fbc6cd6869f90b9866e07c8f5a6c786b43311e51a2b055891015270
data/expanded_outputs/method2d/Q40_method2d_exp_20260412_231527.md,3060,c758a10afb6db1cdac31618ccfc86edb6709208d1f1fe048ca0900add3707f54
data/expanded_outputs/method2d/Q41_method2d_exp_20260412_231607.json,14150,3beead9d34ab99acd014be5dd64b02d2ed2f6f5e066a9f031424ad050d011a04
data/expanded_outputs/method2d/Q41_method2d_exp_20260412_231607.md,2972,95a8d866f3d7ddf175c86a04ef86fc646e65ac704d85ee8e00d4660636a7bbd1
data/expanded_outputs/method2d/Q41_method2d_exp_20260412_231624.json,14150,e3847db3adb68fc140280c82992bf7caba23ed18fdd43a28be36ec4e50369feb
data/expanded_outputs/method2d/Q41_method2d_exp_20260412_231624.md,3063,9a853560a00edc4d22a4ac5978cc095181813316438a2042ca98f4e2bcfc41b2
data/expanded_outputs/method2d/Q42_method2d_exp_20260412_231711.json,19540,cc64325e69796b7fbce334100319408cedf632db803f477d307cb465779da6b3
data/expanded_outputs/method2d/Q42_method2d_exp_20260412_231711.md,3021,4087c5180255c8c895cdb924434856e53a10d26214ab22049fd2ee221b9dae71
data/expanded_outputs/method2d/Q42_method2d_exp_20260412_231726.json,19540,d702ed1adaad426604350d1e54961d67633d767857e3bbe6ffbba19177a3d0d1
data/expanded_outputs/method2d/Q42_method2d_exp_20260412_231726.md,2981,72d251d551ff2bfb7841c58af4c8417f7adf62a5d8ed6902de15a5accf8ef37a
data/expanded_outputs/method2d/Q43_method2d_exp_20260412_231814.json,17227,43dcce06e0c11ddbcde5db9676b0143e288a3e2cdcfbb0878da25c04be79e5ec
data/expanded_outputs/method2d/Q43_method2d_exp_20260412_231814.md,3459,20720671cd3311fb8365d46a1ac56aa8c36e3e1c5cd060ba51ae0ed0b0c32bbd
data/expanded_outputs/method2d/Q43_method2d_exp_20260412_231834.json,17227,cb977581d561d8186591f37cb61606d205b3e0c1c6259f7a8437a57d087d3a75
data/expanded_outputs/method2d/Q43_method2d_exp_20260412_231834.md,3281,cd756d449e2b9fd9f02ac3474a70df3aca4bbb2f753cb8a16859c00a9ac7cc00
data/expanded_outputs/method2d/Q44_method2d_exp_20260412_231914.json,20242,a25cf7a2db7a0d5d9348d4faa69c138c40fa3ec00780fff507a1d91accd6b469
data/expanded_outputs/method2d/Q44_method2d_exp_20260412_231914.md,3213,cc7dd2d9ff8f47584fbfa7de430a1ac071d07e6577643be6f12f49ebbf12700d
data/expanded_outputs/method2d/Q44_method2d_exp_20260412_231918.json,20242,63345f8bd0b89835c8c3251a924a70e926d8c97b1a7109a7f881389bcbda73f6
data/expanded_outputs/method2d/Q44_method2d_exp_20260412_231918.md,3271,473b2e39cb8854eac26506b53c5a88caae8c59dcc0a38b2c8be72755d7c60edd
data/expanded_outputs/method2d/Q45_method2d_exp_20260412_232012.json,7747,664da9284edd32cbe8b3d9507dc9d4539a39d5462bc1dbb5437f2e0c238d7689
data/expanded_outputs/method2d/Q45_method2d_exp_20260412_232012.md,3081,e3c0d2e53a8665f27e75044ad34bc90adba42162a8b6001d6db96145be931dd0
data/expanded_outputs/method2d/Q45_method2d_exp_20260412_232014.json,7747,527e2c1c622d138f2e286bf6d756c5212c64ddeb098030e9e9dfff917a9c68bf
data/expanded_outputs/method2d/Q45_method2d_exp_20260412_232014.md,3132,20f25938f6f34bca2eeb20c7ebf0def345a220235fc885c5fb08724e12f377d0
data/expanded_outputs/method2d/Q46_method2d_exp_20260412_232121.json,17233,3dd762c90aca4b30c463c318510308ae41df1f15d031049a0cc0e9b5591202ca
data/expanded_outputs/method2d/Q46_method2d_exp_20260412_232121.md,3064,48b5b97d553a871bc6155997619c1c9365f42902fe5791ba5710a49ab5802cb9
data/expanded_outputs/method2d/Q46_method2d_exp_20260412_232127.json,17233,683fe896a14bfa87b1780d6dfacf8125862a0bcede815d077f963e70f32ad72b
data/expanded_outputs/method2d/Q46_method2d_exp_20260412_232127.md,3802,b32fff221babf8aff49b70663c02820260d624facd1f8d8a3eae247631f16293
data/expanded_outputs/method2d/Q47_method2d_exp_20260412_232226.json,17233,b20b3e602fc9fc1e73fadbd3c80ecbe7478a90506c379460672a6912839a975a
data/expanded_outputs/method2d/Q47_method2d_exp_20260412_232226.md,2842,8fe9cb598301d802a8c152199fab95de4b1d1a38ca0f4719dfc1eb9587244702
data/expanded_outputs/method2d/Q47_method2d_exp_20260412_232237.json,17233,465fa3921ce0a31fd6d3a6004e7853f977885ff7e56019cfedf7c04734f02784
data/expanded_outputs/method2d/Q47_method2d_exp_20260412_232237.md,2625,d403d3b8af85ced4425c3d7a115054c821381c6cbf4984ca0d376783b92b81a5
data/expanded_outputs/method2d/Q48_method2d_exp_20260412_232314.json,17221,707f3ef06f7e29222b1f92ee42dc04d7a9a95d86391777cbf1eacf953b5908d3
data/expanded_outputs/method2d/Q48_method2d_exp_20260412_232314.md,4096,20b53c1c4fd4ac93f58c906dc9619b41eedd173f232ea13c09a78ecf2bd66700
data/expanded_outputs/method2d/Q48_method2d_exp_20260412_232339.json,17221,c676c2edb1315735b7dba06aca2eb5e18acf90e0f14c33fc17e932159ce4ea36
data/expanded_outputs/method2d/Q48_method2d_exp_20260412_232339.md,2947,743beb3dd025b47816b376a3479404cacee3c43e671c08fa579d7b3f7cea5d6a
data/expanded_outputs/method2d/Q49_method2d_exp_20260412_232426.json,18128,42123dafcc2734fea2cbf86300524faa8b6076fd6603fde98236d86fd58f2784
data/expanded_outputs/method2d/Q49_method2d_exp_20260412_232426.md,3497,d346a35a41d6c3cbec542546ca9eae590f8fee1bb370faf44b051d09df934939
data/expanded_outputs/method2d/Q49_method2d_exp_20260412_232442.json,18128,b6b192eb5ca962a75c8d4f4d2da8923eee2395b15d1b8c48b1ad6f31c8c7a182
data/expanded_outputs/method2d/Q49_method2d_exp_20260412_232442.md,3113,21eb2fb74ccd6883a17a5e9026835e075560e5a7dae150dd28cfb5e5c9b8b4bd
data/expanded_outputs/method2d/Q50_method2d_exp_20260412_232530.json,17230,719bc302724c86a884704488af05bf8b105d2af0cdecad0a785bc3ad648db1c8
data/expanded_outputs/method2d/Q50_method2d_exp_20260412_232530.md,2661,d7a67fac94edc855ee725b4cc5f5b8de7311457394343073e935a9afd95a0d2a
data/expanded_outputs/method2d/Q50_method2d_exp_20260412_232547.json,17230,027685d8fb8dbde6dc4832dfa5454a06776c3bc2eabfa9643664a2b7c0eb7e4b
data/expanded_outputs/method2d/Q50_method2d_exp_20260412_232547.md,3619,9b531086ea7e3bdf56b9528bbdf430410843c6af55e6acb5d661262f296f3cb0
data/expanded_outputs/method2d/Q51_method2d_exp_20260412_232626.json,15798,45bfbfbfc867dd8e5cf892ba06a82e05c423e01638174466df2fb86c0d75455c
data/expanded_outputs/method2d/Q51_method2d_exp_20260412_232626.md,3227,b67c8eb26d49738b1428c672a345412825413d6132518b40852f772236d2f625
data/expanded_outputs/method2d/Q51_method2d_exp_20260412_232647.json,15798,7e167d58b5c93c205b164ea466e72c6b3f35b74bf098b3903ba54ab90ac522c3
data/expanded_outputs/method2d/Q51_method2d_exp_20260412_232647.md,3302,514ace49fb5fb0472693e1f7443adffc724d9c0fd442abd9aeca728f47502cb3
data/expanded_outputs/method2d/Q52_method2d_exp_20260412_232726.json,10245,e130fd4a5ec216f2d5cc29232ec12176939f8a0b96b9116e06f0b196258e1365
data/expanded_outputs/method2d/Q52_method2d_exp_20260412_232726.md,3075,e65cdd406f70f3507d503c17a7b61203650f307cc0310945e22029282f12501a
data/expanded_outputs/method2d/Q52_method2d_exp_20260412_232744.json,10245,c3614a839901630937c71bab18c0ed9014512e42b29a9e9b408482ce86269998
data/expanded_outputs/method2d/Q52_method2d_exp_20260412_232744.md,3067,f2fde882e118ec19094646ebe303d70bc9426ee51bf78c7cb6775a73998cc819
data/expanded_outputs/method2d/Q53_method2d_exp_20260412_232832.json,10765,e5455262ce2d187559581b048254e61888eaf24cd767c319a30705e49fc426f7
data/expanded_outputs/method2d/Q53_method2d_exp_20260412_232832.md,3187,e149ae790d2f043edc02e3126a033c44b8aca312d814027cf60fe10d9aafa2a8
data/expanded_outputs/method2d/Q53_method2d_exp_20260412_232843.json,10765,6d217fc4c8718d6cf377cbcf0f6e47c13b0ee5d2959d766a7565df2824f18bb8
data/expanded_outputs/method2d/Q53_method2d_exp_20260412_232843.md,3161,50e5599f389062c360353cdb85e7f4bb38a5f452e2a8f4b1c34f4b0121699df0
data/expanded_outputs/method2d/Q54_method2d_exp_20260412_232918.json,8991,703278234a9b87a0775344152beff7645be66fecbd8c64345c0172964ac8bda6
data/expanded_outputs/method2d/Q54_method2d_exp_20260412_232918.md,3057,512481197890a4bd05feb2d8d0a9c020e8c14f97ac410eadfb2015abc00ee892
data/expanded_outputs/method2d/Q54_method2d_exp_20260412_232928.json,8991,192356cbaefa73c8f4fd3fbdd483e98be00c8bbbe17e7a0a9744ca6d7d627948
data/expanded_outputs/method2d/Q54_method2d_exp_20260412_232928.md,2838,cf845ada8863860e2376afb82b6fa883dbf11a6045850c2d778af75fa17c850f
data/expanded_outputs/method2d/Q55_method2d_exp_20260412_233008.json,10637,0bf470d1fc37dc63bcb75eec4051f408d700e1698f107b1ccfd7e64b855b4848
data/expanded_outputs/method2d/Q55_method2d_exp_20260412_233008.md,2839,65e8866709ae58e64bc0c3dcb99b763cfec5e88db05be4d5ba3259715caa1453
data/expanded_outputs/method2d/Q55_method2d_exp_20260412_233018.json,10637,af1d99403971c7da2f4f2c8fb7dfaa815cdfeb4b31f8dccd1da79eae06f253fa
data/expanded_outputs/method2d/Q55_method2d_exp_20260412_233018.md,2867,75e906c434098348fc8111b79d899df11b741b94256e951c0c133db18a12bbc5
data/expanded_outputs/method2d/Q56_method2d_exp_20260412_233110.json,31644,e0e80c8f20f36c05d2f89a6f7efbb3ceff8b35952ac97c21234aca4384b91081
data/expanded_outputs/method2d/Q56_method2d_exp_20260412_233110.md,2997,78495924ac9b0a2deea77741cf78462adc16687cbdf82cc9000449e6c832911a
data/expanded_outputs/method2d/Q56_method2d_exp_20260412_233116.json,31644,641a3f2777814038584d918851e80b8e8a528a48f580d2ed973b5aa8823c8f05
data/expanded_outputs/method2d/Q56_method2d_exp_20260412_233116.md,3125,51a2bbf25df684436d1428e8391b3bec46e6c7e62cfe2a23ef35d6e950624bea
data/expanded_outputs/method2d/Q57_method2d_exp_20260412_233214.json,16497,6dd0faedb2b45efcb37fe06808eed67e9d4884e77401f0981f70b266d1623c7c
data/expanded_outputs/method2d/Q57_method2d_exp_20260412_233214.md,3090,33e899194bea1657cee471f14fda3580780dfbde44ebd3e00bd8137e08b292c2
data/expanded_outputs/method2d/Q57_method2d_exp_20260412_233215.json,16497,af7891d1e84f6124e16c9ed58c260b54eca2068aee42a28745223a46164d4faf
data/expanded_outputs/method2d/Q57_method2d_exp_20260412_233215.md,2908,5b3f6d976ec73f250b6b7afbbf05d1f09321c43660309ac298e7456bc7942f10
data/expanded_outputs/method2d/Q58_method2d_exp_20260412_233315.json,19525,2802b53f9cf17b49aa244aff7bfdde3e836e53c6efa5c4aa21b89e3a9e730eef
data/expanded_outputs/method2d/Q58_method2d_exp_20260412_233315.md,3126,4b46f92a59d603e332b994f899e1b49bbd9b5069ddccdd1068f70f1ad21522f0
data/expanded_outputs/method2d/Q58_method2d_exp_20260412_233322.json,19525,ec0983cc794d13cf26c1a1e834c685d6cba40bc93d51ec692db4f6c4de222fc8
data/expanded_outputs/method2d/Q58_method2d_exp_20260412_233322.md,3253,7c50c99c99f18a7445335be300b5b305cdd1c28f72b717aefcb2163c371502e2
data/expanded_outputs/method2d/Q59_method2d_exp_20260412_233414.json,7745,012503e97e0efb63d911efe994d30ebb03d5ee7c7664444d9a30d6616964b21c
data/expanded_outputs/method2d/Q59_method2d_exp_20260412_233414.md,2745,919482f7c8a96c22b0c509d41431c2cdcb83f04a34f91d7359a83052abb7c1a1
data/expanded_outputs/method2d/Q59_method2d_exp_20260412_233425.json,7745,23660449aa344268a027831ecd23440829d66d4ca23e850cf4e6aa8803ed0e5a
data/expanded_outputs/method2d/Q59_method2d_exp_20260412_233425.md,3256,706fc97ac00b9b4d4868820cfa210db8d889328be2428a705bb2ef900235f5fa
data/expanded_outputs/method2d/Q60_method2d_exp_20260412_233526.json,18691,f6fb266d86c146d1d18321bd39a61cb93d61551b08a69f68d4e7cc56b8a9cc94
data/expanded_outputs/method2d/Q60_method2d_exp_20260412_233526.md,3463,818dd2cb16a2242e412a99183d798ff4d12ca32f48a99728cdcffc445b294937
data/expanded_outputs/method2d/Q60_method2d_exp_20260412_233539.json,18691,d5a883fac814b162c4adf4712485a307c070869c001cb8a441295b079aca85d4
data/expanded_outputs/method2d/Q60_method2d_exp_20260412_233539.md,3495,42dc0841f289e8bbc1c93523da4cdda212a08bdb07290ad81873b93cc23b81a6
data/expanded_outputs/method2d/errors.jsonl,1148,c70722d07fdd34cf5d4be9c023e989bb7f41058862973979f85c4af1e4af6d77
data/expanded_outputs/method2d/metrics_summary.json,281,1f5efbb193a55c50b605d2e4301caa1283583db95402d66443ad65b84d0447ec
data/expanded_outputs/schema_single_agent_v1/Q01_schema_single_agent_20260724_022240.json,18556,2ea45a57fba8e9767f81e8a7d80790bb8d5cfbf233c19f04bb50f941e04e18be
data/expanded_outputs/schema_single_agent_v1/Q01_schema_single_agent_20260724_022240.md,6175,171d81f7e19c3ca38aedb657e68687a3193f0929edb9ce60c696b170e2eb9cea
data/expanded_outputs/schema_single_agent_v1/Q02_schema_single_agent_20260724_022609.json,18550,5c757daab468c6011a9718a576527eef870cbdedda0429ac70f9745fd63ac4e9
data/expanded_outputs/schema_single_agent_v1/Q02_schema_single_agent_20260724_022609.md,5995,0baba83979d1570fcd5582e72b7e5f0ff61a6aff92bc83c925a33843b35f6b78
data/expanded_outputs/schema_single_agent_v1/Q03_schema_single_agent_20260724_022609.json,18568,5dc23592b00a380e3a2c443b4d43f2ff5fa182a0955871294623b9a8a5823c1f
data/expanded_outputs/schema_single_agent_v1/Q03_schema_single_agent_20260724_022609.md,5986,5f5d055f1901f71d93a5309c1465bb4d5bc986821bab103050695c52289e1267
data/expanded_outputs/schema_single_agent_v1/Q04_schema_single_agent_20260724_022611.json,17344,37e5dccfc1105439866128ae0ec05bd8eec3510e41602d8d0a5d811fca2da626
data/expanded_outputs/schema_single_agent_v1/Q04_schema_single_agent_20260724_022611.md,7030,aa5f160b8c48393c35604837b413050680083aa488a59d0bbf3ae1f8af3a8f8f
data/expanded_outputs/schema_single_agent_v1/Q05_schema_single_agent_20260724_022611.json,18531,86ecee237186e7ca347fdcc33e60c98234f816fd00099b7498513b3dbeb8716d
data/expanded_outputs/schema_single_agent_v1/Q05_schema_single_agent_20260724_022611.md,6904,7391615c1efb18fbfdf75f7cb5efe9d40f2710177d93830568e5420535b7d24c
data/expanded_outputs/schema_single_agent_v1/Q06_schema_single_agent_20260724_022611.json,23012,dd967d353c99a422fc25895c2061fae96f03a257a3758d8407043082f8cb12e8
data/expanded_outputs/schema_single_agent_v1/Q06_schema_single_agent_20260724_022611.md,7071,f7ed44d66511bda7de134031fb3b6545aef409e1128f26b3ff984f15589f9dc4
data/expanded_outputs/schema_single_agent_v1/Q07_schema_single_agent_20260724_022627.json,9028,20050648acff0a284769f57756f03fd56c339a044ea9edcf18eb135dd31cfe33
data/expanded_outputs/schema_single_agent_v1/Q07_schema_single_agent_20260724_022627.md,8457,6bf6278875989fe9a66d762688ed034ef0d4398e59e24e5a6892872f3ad3790e
data/expanded_outputs/schema_single_agent_v1/Q07_schema_single_agent_20260724_022633.json,9029,33a15b51d6f243e314549a1df50b0c825442356231c394ebb35a46aa9c91b3a8
data/expanded_outputs/schema_single_agent_v1/Q07_schema_single_agent_20260724_022633.md,7690,922a630c5f33d99852812c2f114296a6f56af53ffdfd2b4fa95036e92f8b8538
data/expanded_outputs/schema_single_agent_v1/Q08_schema_single_agent_20260724_022623.json,16355,e7367d6733cf57ea260cd0ebf6b46fcfd25e625cb350658cedea71c6aecd6dfd
data/expanded_outputs/schema_single_agent_v1/Q08_schema_single_agent_20260724_022623.md,6318,690494f8d78bb58b9337771d94b26b48333e37d71d2a05a89a3344fd5bfd3f92
data/expanded_outputs/schema_single_agent_v1/Q08_schema_single_agent_20260724_022629.json,16356,c9f070da541dacefe979f27bd277cd5f1f82312301bec7b7383de9892f9b6975
data/expanded_outputs/schema_single_agent_v1/Q08_schema_single_agent_20260724_022629.md,6681,a9f49e2fa7fe81e8e57f02acf2276bb936da0404b18f89536afe02b9873d6518
data/expanded_outputs/schema_single_agent_v1/Q09_schema_single_agent_20260724_022629.json,18556,cf163f9fd59ab7454cda83d5e7b20a09cc193219647c3c1453de13a785e88ede
data/expanded_outputs/schema_single_agent_v1/Q09_schema_single_agent_20260724_022629.md,8366,f031df044881c676e22b669d7682c40394482844ceac03f29fb4db853110e6a1
data/expanded_outputs/schema_single_agent_v1/Q100_schema_single_agent_20260724_023133.json,18574,46867d51df49df0dbd164082422e355527ab469fcad190070d42768397d64bcd
data/expanded_outputs/schema_single_agent_v1/Q100_schema_single_agent_20260724_023133.md,5715,0c5c3343d40714dde0cd20844148910e22d4225b93c4cc6c16784a4582acde1e
data/expanded_outputs/schema_single_agent_v1/Q101_schema_single_agent_20260724_023133.json,22275,a70d846761b3943af382dcecc1109e084e6488d621ef604f41e5387f6e52ee56
data/expanded_outputs/schema_single_agent_v1/Q101_schema_single_agent_20260724_023133.md,5346,7f88fef67b18bd5af820f5973c8c25107c0b0d6b99c85dc627fe9c6107198562
data/expanded_outputs/schema_single_agent_v1/Q101_schema_single_agent_20260724_023148.json,22275,0385e21d0bdc33350f3fb6930f0b5bcfc2447fe633c6c4f143f571df074d87b2
data/expanded_outputs/schema_single_agent_v1/Q101_schema_single_agent_20260724_023148.md,6327,89767c474868d22d405ca28fca9a5ce9d2eb61286a5a2ff1c05090a8bef8062f
data/expanded_outputs/schema_single_agent_v1/Q102_schema_single_agent_20260724_023140.json,21200,ae538fd78ab9521d4eb9d91a3824d2d0bf9096d134fb5468765865b479fe9bcf
data/expanded_outputs/schema_single_agent_v1/Q102_schema_single_agent_20260724_023140.md,5672,b42b8d4cc6f11799d1864b3c1b60a577a38b7f079221417952878f07e731484d
data/expanded_outputs/schema_single_agent_v1/Q102_schema_single_agent_20260724_023154.json,21200,a943266b0fad9ad41895b588fb16983335dd78477497fb102d6e559701732e76
data/expanded_outputs/schema_single_agent_v1/Q102_schema_single_agent_20260724_023154.md,6670,5322518bab722085adcd40558c8c979d19b85afdb9c75dacbc4c6ebec7bd41fa
data/expanded_outputs/schema_single_agent_v1/Q103_schema_single_agent_20260724_023153.json,18568,0d9472dc537a19e268ee46703670d0d58b14b17d07ce8f922b5d700710e5b0f8
data/expanded_outputs/schema_single_agent_v1/Q103_schema_single_agent_20260724_023153.md,6255,346baab0b5f0a3a4c8eeb091e094d0a400d49c80ecf4bc82c8c0865035174d6d
data/expanded_outputs/schema_single_agent_v1/Q103_schema_single_agent_20260724_023159.json,18567,f0d8be2f9651f9986cd985cbf2ba694e6aa586db60ef032ae86a61886268681a
data/expanded_outputs/schema_single_agent_v1/Q103_schema_single_agent_20260724_023159.md,5340,936d3f67054781478eccd38e06b6c7683433b307b4f19d400610b52d0937d7a8
data/expanded_outputs/schema_single_agent_v1/Q104_schema_single_agent_20260724_023152.json,24771,0afba1db461834a4c4cdc601f80bb6f3a7411550a4e6afcdf288e81121cb2839
data/expanded_outputs/schema_single_agent_v1/Q104_schema_single_agent_20260724_023152.md,5634,eebb19feee1ffa1eec63fef0f28bcbff02080e50a1d3cbb809e79cdbfc304763
data/expanded_outputs/schema_single_agent_v1/Q104_schema_single_agent_20260724_023202.json,24771,e022ac36512ec68c2103341784d9b6ca01612b9de77f279f0bd7b0345238e90e
data/expanded_outputs/schema_single_agent_v1/Q104_schema_single_agent_20260724_023202.md,6452,76147e9a632f01fc7adfb49f4062ed22ed696dd6d8cab3984c20f099a0782665
data/expanded_outputs/schema_single_agent_v1/Q105_schema_single_agent_20260724_023202.json,159464,7835b0bd88393f7c406969be155eae9ee024758f88a5f7f3d9120109422e1719
data/expanded_outputs/schema_single_agent_v1/Q105_schema_single_agent_20260724_023202.md,5954,c4bbb70e973737f5458fdec714e338b36d42b70b900f10288491cd6516913d87
data/expanded_outputs/schema_single_agent_v1/Q106_schema_single_agent_20260724_023202.json,18586,9f2b4561435758f998c78fbce8613d96f72c71b9c3047c5d781c0eef86047eb5
data/expanded_outputs/schema_single_agent_v1/Q106_schema_single_agent_20260724_023202.md,6788,0c9e3879e4309b137da04da28622f6117f7812d167e1e4edbdba5b829d0e5695
data/expanded_outputs/schema_single_agent_v1/Q106_schema_single_agent_20260724_023204.json,18586,c03c191f33dfd0db0db812bdaf93e5353f02a3759e30d988273479c0ee8a57fa
data/expanded_outputs/schema_single_agent_v1/Q106_schema_single_agent_20260724_023204.md,6339,8643875acf137b3071f0d0cfea7b104602316e7c9de2ba49885fa25115200458
data/expanded_outputs/schema_single_agent_v1/Q107_schema_single_agent_20260724_023200.json,18583,ee9d0b5f141cb3bdac373ff282c6c6be14d552afd62700cd9f142496da9f6e7b
data/expanded_outputs/schema_single_agent_v1/Q107_schema_single_agent_20260724_023200.md,5916,17c8eb77d789a4fd41d4c5259e0362d899386f5328e2e9e3d670c43bf8b143a7
data/expanded_outputs/schema_single_agent_v1/Q107_schema_single_agent_20260724_023208.json,18583,9d0ac3e17635a8f66d9a85d3b34cbeeaf51a6dcb3a9ccc7c0e206b558d9110d5
data/expanded_outputs/schema_single_agent_v1/Q107_schema_single_agent_20260724_023208.md,6039,2f040761971cd9f514a3cae0a859e3432e12dadff07c5ca755e27f5cb14abdf5
data/expanded_outputs/schema_single_agent_v1/Q108_schema_single_agent_20260724_023209.json,19280,7b10e9b08e8f7565afebac68626664c897c7c5d975f1cd02e5a9025ddd45c4e7
data/expanded_outputs/schema_single_agent_v1/Q108_schema_single_agent_20260724_023209.md,6694,c3eeb40583bbc3d91741e8ab43ebb8141ee20087f0103c4c783b0b015fe6d2f1
data/expanded_outputs/schema_single_agent_v1/Q108_schema_single_agent_20260724_023217.json,19280,651ee8bfb7086bd220d00ae08899fd89c55df062635c07b536991e3cb0c5a9ee
data/expanded_outputs/schema_single_agent_v1/Q108_schema_single_agent_20260724_023217.md,7177,aa7eb21fdf4ee744603be8f91c0e8f70d9fd6e723793c570f0d1b5f172c3234f
data/expanded_outputs/schema_single_agent_v1/Q109_schema_single_agent_20260724_023209.json,19548,276c9653ef4ac53dc5df0c12c70caea785fef6032af59c3c0a511d81495bb96c
data/expanded_outputs/schema_single_agent_v1/Q109_schema_single_agent_20260724_023209.md,7612,f52827a0ee29c1f17e6670c16fb36aa9f32e48508907a23de565f1ad0cc73397
data/expanded_outputs/schema_single_agent_v1/Q109_schema_single_agent_20260724_023220.json,19548,7ea0897c0aa75cde8edf6478a890a438ba40b76357f0726e98ce68cefca9d165
data/expanded_outputs/schema_single_agent_v1/Q109_schema_single_agent_20260724_023220.md,8071,211b2c64f97fabb92ae9f5f73710ab515d6b9a8a6a52238d17096b2b13ee8340
data/expanded_outputs/schema_single_agent_v1/Q10_schema_single_agent_20260724_022626.json,19728,bbc97f523d34b6c13cd2d7c4406b152da9777aadb144ed7427e6beb1f31f2a7b
data/expanded_outputs/schema_single_agent_v1/Q10_schema_single_agent_20260724_022626.md,6332,87d8be79044bfcd09c55aea1124d8c273b10179f8cf1e3b4cb72efde149d79d6
data/expanded_outputs/schema_single_agent_v1/Q10_schema_single_agent_20260724_022636.json,19728,6c58d0e59408d45fdb13459ce0cf991abebd246858def55e0d425bb2a2911bc4
data/expanded_outputs/schema_single_agent_v1/Q10_schema_single_agent_20260724_022636.md,9863,04de3178481c5f5ef82e527f0a267b6c25f5a774f01c12d070b0cefd95291844
data/expanded_outputs/schema_single_agent_v1/Q110_schema_single_agent_20260724_023215.json,27321,ab0eb71cdf96940b5e89925d4e6fdcb82deab9fda7fbeb2ec47abad3bb95e4f7
data/expanded_outputs/schema_single_agent_v1/Q110_schema_single_agent_20260724_023215.md,5650,75b04f860e3e630978d89cc50c5eb34d898eec8d1d3796a65e322dde1caeab50
data/expanded_outputs/schema_single_agent_v1/Q110_schema_single_agent_20260724_023219.json,27321,503881a0659e9804f6afc19d989786272d86b20b279ada6d580c6c66aeb6203a
data/expanded_outputs/schema_single_agent_v1/Q110_schema_single_agent_20260724_023219.md,6760,f6d4acbfaa315833c10151ea06ce919e194e327d756847de9bfecab6caa9f871
data/expanded_outputs/schema_single_agent_v1/Q111_schema_single_agent_20260724_023219.json,42293,24620cd170538db48e1872e310f7c3f1c8ff887c5d89528591ffe6d055402b13
data/expanded_outputs/schema_single_agent_v1/Q111_schema_single_agent_20260724_023219.md,6550,41f83445a5dda311b20d48d9f769f1abc910568d7d1b43006713d74e90adfead
data/expanded_outputs/schema_single_agent_v1/Q111_schema_single_agent_20260724_023227.json,42293,d24f8af1f430f9932901f215d9eaf4916e5eaa961100f662cc038e374768db5c
data/expanded_outputs/schema_single_agent_v1/Q111_schema_single_agent_20260724_023227.md,10592,6e776fedf016c762e5ccadb95ab826f078a24fbd5f8daedd8498e10014c6cdd9
data/expanded_outputs/schema_single_agent_v1/Q112_schema_single_agent_20260724_023222.json,66684,f019aee152a11451ba6816df5a59886706568e3918bc366fedb2cbec35496f3b
data/expanded_outputs/schema_single_agent_v1/Q112_schema_single_agent_20260724_023222.md,7787,f556a2d95a8029a4514f1c31a41bbd31dc06071cd74e854edaee698a25d4bd06
data/expanded_outputs/schema_single_agent_v1/Q112_schema_single_agent_20260724_023226.json,66684,2dccdd0c1d8c7ce0af2309dbc1bc19476ace65ed3d5c0c0102263424f10eb845
data/expanded_outputs/schema_single_agent_v1/Q112_schema_single_agent_20260724_023226.md,7063,28025ee9e76d5eff021b67a55639ff8056f6cb8af23271a04f751e260a4c193a
data/expanded_outputs/schema_single_agent_v1/Q113_schema_single_agent_20260724_023231.json,64874,b43eb6de970826bda7e233d3fe4ec3b028f7a2bc5fc14471b321f32f0a502933
data/expanded_outputs/schema_single_agent_v1/Q113_schema_single_agent_20260724_023231.md,8103,24ae81e9d8173e1bdddc850526eb665020653074f225433816df6364ed5d08f5
data/expanded_outputs/schema_single_agent_v1/Q114_schema_single_agent_20260724_023232.json,76227,f2691e0c617ef612042597f38a497041565c4379062b16d251121145a2ce17b0
data/expanded_outputs/schema_single_agent_v1/Q114_schema_single_agent_20260724_023232.md,9162,32a3b6e7e93453dd18f7d6678db654b539acb8d09d0f1bf2e06466e6b5e8cf32
data/expanded_outputs/schema_single_agent_v1/Q115_schema_single_agent_20260724_023228.json,21961,08bdf9fd3095fe53de77a1ff55183628548c5a69e875ffe5db904b6431ab7b76
data/expanded_outputs/schema_single_agent_v1/Q115_schema_single_agent_20260724_023228.md,5307,71db1ac5b565914e988dfeb83668c9a64e9041d05d7815591540630545c3705f
data/expanded_outputs/schema_single_agent_v1/Q116_schema_single_agent_20260724_023244.json,37785,34f9627a3ece4273e24597c0af921246560c2d2410d37b7ba3b35c1704548b37
data/expanded_outputs/schema_single_agent_v1/Q116_schema_single_agent_20260724_023244.md,9206,3b636868ab681b6ec469bd770546c1892d3c4c74f4e979b91ea6adb3b6de7245
data/expanded_outputs/schema_single_agent_v1/Q117_schema_single_agent_20260724_023244.json,27670,8711f74491d9670dd30047ea091985932028b9b81d74925d0b9b6b329b45e6d6
data/expanded_outputs/schema_single_agent_v1/Q117_schema_single_agent_20260724_023244.md,7232,793bd4321616918600bffc4bef98387893be2e52cf5fb49fdd5c54b246a47555
data/expanded_outputs/schema_single_agent_v1/Q118_schema_single_agent_20260724_023247.json,81940,5e14f5d36a4c4686103470a9010d70f5cb4a34d6ce4f2da5e15203f60b06da41
data/expanded_outputs/schema_single_agent_v1/Q118_schema_single_agent_20260724_023247.md,7725,7f16b9a63e46b8eb5abdaa66c48edc2c5e368e43668b2fc0ccc56c8728ce2893
data/expanded_outputs/schema_single_agent_v1/Q119_schema_single_agent_20260724_023253.json,57230,5ff21affa824cd2c32c7ee0cc915b2f854b6647d718b66d502bc9e020d804f6d
data/expanded_outputs/schema_single_agent_v1/Q119_schema_single_agent_20260724_023253.md,9126,4fcb0cc94d8d1333c98014f3fad5ba4b5e60abccf48c058224352aace80fbed6
data/expanded_outputs/schema_single_agent_v1/Q11_schema_single_agent_20260724_022625.json,18534,8f4fb93b777cb34e6aa7d8fedc0fe0c1963b29550c0a7a286e2522f212429f16
data/expanded_outputs/schema_single_agent_v1/Q11_schema_single_agent_20260724_022625.md,5877,b3aaec28686cc12c6c72951cebc179751f5a01dfe895ef0121118f8887d88610
data/expanded_outputs/schema_single_agent_v1/Q11_schema_single_agent_20260724_022629.json,18535,e8747d66461f31044e41636497b3e977d03d5df2376451a32ce2c74f2798518e
data/expanded_outputs/schema_single_agent_v1/Q11_schema_single_agent_20260724_022629.md,6097,eba03f8ddc37965f01da478d948191dc17b27a6182d0ac5efcdadc202ea37b8c
data/expanded_outputs/schema_single_agent_v1/Q120_schema_single_agent_20260724_023254.json,65260,e24c634181aac25e40e4ef292dd502112ee0d90ff09fda78f867ea6ec177ae0f
data/expanded_outputs/schema_single_agent_v1/Q120_schema_single_agent_20260724_023254.md,8827,578da9d0cde308f1805e526bfcd66b2fa3a0905a9736fa1c1bd36793c820e6e4
data/expanded_outputs/schema_single_agent_v1/Q121_schema_single_agent_20260724_023304.json,21655,29309399b9fcbf0198b50b620aaede2e0d8fea8c60eca607b87aa6cfae9b05c5
data/expanded_outputs/schema_single_agent_v1/Q121_schema_single_agent_20260724_023304.md,8475,93577f6dde870f24fe13490a3c17126345467554fc5161ef5ab04902bdc5ebb0
data/expanded_outputs/schema_single_agent_v1/Q122_schema_single_agent_20260724_023302.json,48974,7d9f173f3a7ba64579f23732fdcc3520d75f7c055ba572176edb54ca5a35b954
data/expanded_outputs/schema_single_agent_v1/Q122_schema_single_agent_20260724_023302.md,6682,4fc219015329dc3ef1cc501a5274de913b65adc859973e61672383022abc79b1
data/expanded_outputs/schema_single_agent_v1/Q123_schema_single_agent_20260724_023312.json,54455,ed87ad1370adde09c8c2f807e313c97896984ce047ae65e13a4882b640a2839b
data/expanded_outputs/schema_single_agent_v1/Q123_schema_single_agent_20260724_023312.md,10405,70001bd44a767dc9083a71c605a16e03a31886a13b51bae945559bea5c86b49d
data/expanded_outputs/schema_single_agent_v1/Q124_schema_single_agent_20260724_023311.json,49994,7e8d40cce22e96558d0b6a19546597f2ca0d5d3d09aeda5b139ff37ab0f85a7d
data/expanded_outputs/schema_single_agent_v1/Q124_schema_single_agent_20260724_023311.md,7185,f3be6487e74614a5920eec4865ba504677de046041a9bac4430c20f493d21c55
data/expanded_outputs/schema_single_agent_v1/Q125_schema_single_agent_20260724_023311.json,49561,c1c329328bff64e13ae1d6e1eb481852cf9ba4fb06cceb8d54f17f3e0dd624e3
data/expanded_outputs/schema_single_agent_v1/Q125_schema_single_agent_20260724_023311.md,6608,b00322f59d63e6061fa6a54ddb492f5320df194f2c964beffad6d2cd4e0a2162
data/expanded_outputs/schema_single_agent_v1/Q126_schema_single_agent_20260724_023322.json,37721,27202a1eac6011cdff47d90609e8d751fb7585d2bf98fc03b16a70a1ec7f642e
data/expanded_outputs/schema_single_agent_v1/Q126_schema_single_agent_20260724_023322.md,8479,6d4134e7d0d52910cf8e201d34477cb384e1635df6639589c0e05a1bab840436
data/expanded_outputs/schema_single_agent_v1/Q127_schema_single_agent_20260724_023323.json,41098,edbcadcd1026d9e0845ebf197bf26908c2cdaf296f419b9daa3d8ad337256263
data/expanded_outputs/schema_single_agent_v1/Q127_schema_single_agent_20260724_023323.md,8098,9d93f9b164bc0637789cab6355fd3881c9adedd5c6760dcf8ae38d76f1d4cf3d
data/expanded_outputs/schema_single_agent_v1/Q128_schema_single_agent_20260724_023328.json,28055,40d311eee753c85e49eee6e22226a6894de5ad7087172f022f70c4e7e4f8a449
data/expanded_outputs/schema_single_agent_v1/Q128_schema_single_agent_20260724_023328.md,7041,569065553f5f90a60c3597d6a04f7784919e515890770f4ac9c42d7e2ed6073f
data/expanded_outputs/schema_single_agent_v1/Q129_schema_single_agent_20260724_023328.json,66276,7f07bfe7284d0b73cfc81223f6dbd86394150671a6a99c30db9cc04812d1b84c
data/expanded_outputs/schema_single_agent_v1/Q129_schema_single_agent_20260724_023328.md,7420,eb1612558b0509f41cbea19cdd2345f444052d76b8f6dadcca2d1bf470a49429
data/expanded_outputs/schema_single_agent_v1/Q12_schema_single_agent_20260724_022638.json,57169,67bb7250126f138950ec81a9823ca46e8aa93ff17d6834699739e02dfb874c26
data/expanded_outputs/schema_single_agent_v1/Q12_schema_single_agent_20260724_022638.md,6269,e5709563d6ca6ee5f295334d72d5ce7416ecea7a2e8aba35e491d521d8da0e86
data/expanded_outputs/schema_single_agent_v1/Q12_schema_single_agent_20260724_022643.json,57169,e4340d352f0b3477d5d6492a30079ab1cf270724bb866cae864eb917b0181026
data/expanded_outputs/schema_single_agent_v1/Q12_schema_single_agent_20260724_022643.md,5900,4d02302a9030165a10abc0cdd7f06822e5a44cb91378402723e54a47e6dde688
data/expanded_outputs/schema_single_agent_v1/Q130_schema_single_agent_20260724_023331.json,49220,b5dedb08969f5c28abb5743d6f5cca0c43cee29c12c3c9c8ce720c863705311c
data/expanded_outputs/schema_single_agent_v1/Q130_schema_single_agent_20260724_023331.md,7965,1e6dff9e8ad2eb13c820928fdf2a26883c287eee5d06d02c9978b55eb10f14a4
data/expanded_outputs/schema_single_agent_v1/Q131_schema_single_agent_20260724_023342.json,31737,a7651e7b6be9bc3c711eaa1d052cc252f277d1c1a7c029ccc8a82e7430b51e00
data/expanded_outputs/schema_single_agent_v1/Q131_schema_single_agent_20260724_023342.md,8240,3aff0e90f31c9ebaa9155847da552434e505d720e27fb92257b09ffd14132b9a
data/expanded_outputs/schema_single_agent_v1/Q132_schema_single_agent_20260724_023340.json,27818,1cd3c5c3d9a1b5eea941211665566e14749815699b3a947e56e96a97e1f932c4
data/expanded_outputs/schema_single_agent_v1/Q132_schema_single_agent_20260724_023340.md,7029,86aae2c4e6abc190766db1773b82fb4e9d80fbf1f5bcc8b5e842741ab56e51bd
data/expanded_outputs/schema_single_agent_v1/Q133_schema_single_agent_20260724_024146.json,202966,cd8377e97fa37ad07681521c1a00032e2248a7c14d0651921746313b5b64f81a
data/expanded_outputs/schema_single_agent_v1/Q133_schema_single_agent_20260724_024146.md,6771,85dea707ff06bd045af1b080ca39a6f2d282c1fd4a5c1e22309eeb701154dcf0
data/expanded_outputs/schema_single_agent_v1/Q134_schema_single_agent_20260724_024140.json,26102,720735c343d32bb14031084107bf824e83fcc6cac0a77e7ac5376417132fe0d9
data/expanded_outputs/schema_single_agent_v1/Q134_schema_single_agent_20260724_024140.md,6563,d73300cf0db1a6075767eeb2cf30fe8965b687bb39b19f713f247ede2d1b6b4f
data/expanded_outputs/schema_single_agent_v1/Q135_schema_single_agent_20260724_024151.json,73156,b35612d3b4f9776f0a43b618a335cbe4ff0a5d4bab4696b4e58d96d9b73b9d76
data/expanded_outputs/schema_single_agent_v1/Q135_schema_single_agent_20260724_024151.md,9560,aaac4fe54b0b6d990cb2afdaee2986aefbcf825b05cefca0a28df047fa099c5d
data/expanded_outputs/schema_single_agent_v1/Q136_schema_single_agent_20260724_024148.json,88915,cf2d5e63d3a19de19fe38e64929022b42b7bb4756e45cf05f30fb31820faf5ba
data/expanded_outputs/schema_single_agent_v1/Q136_schema_single_agent_20260724_024148.md,8598,0cb65c9d6e6e7fe4d11b52a8929356df8ab6137fa9396afc9c8b30d4526dee38
data/expanded_outputs/schema_single_agent_v1/Q137_schema_single_agent_20260724_024149.json,79925,442484a7bd4eac24cc7470c45a79be240ab2ded0bac270fa96453d0d5600b3bf
data/expanded_outputs/schema_single_agent_v1/Q137_schema_single_agent_20260724_024149.md,9196,4f5505d53e6f744268c27ccc6b91355065b3e173f732f352d6003a2f5265e816
data/expanded_outputs/schema_single_agent_v1/Q138_schema_single_agent_20260724_024218.json,30051,621d9842b44db0f942a3963c0caa39940639af5abb08469c82ebba1e4906b31c
data/expanded_outputs/schema_single_agent_v1/Q138_schema_single_agent_20260724_024218.md,10112,03955c8872c5ddaaffa98e830ef01b5819885358d1abd09331fff22833145509
data/expanded_outputs/schema_single_agent_v1/Q139_schema_single_agent_20260724_024220.json,42060,f27e020a38b0c71565cada5ff48de2e4c49bd739c8e6875e03355a4510540335
data/expanded_outputs/schema_single_agent_v1/Q139_schema_single_agent_20260724_024220.md,6967,e1a847c6262246f34e36a1fe93478d4dc8ba36928530062b46182a8912436c5b
data/expanded_outputs/schema_single_agent_v1/Q13_schema_single_agent_20260724_022639.json,18556,90f9e7e19512ecd3eb0cc58f0d0a0f551c019d4a7cbe9aeb47ae330a5a23ecea
data/expanded_outputs/schema_single_agent_v1/Q13_schema_single_agent_20260724_022639.md,5896,4571da4bfca335ad0ee7ff90ecbb671ed5801673a9774c22fd971f94997f43be
data/expanded_outputs/schema_single_agent_v1/Q13_schema_single_agent_20260724_022645.json,18556,7c6fa4cec008ba7aeb84811c63160685b45bac77532866acf8d2629a0c46b338
data/expanded_outputs/schema_single_agent_v1/Q13_schema_single_agent_20260724_022645.md,6699,0cb75381802eaabc78f499afd49223f25b23221329959ed4d7e0e718106a88f3
data/expanded_outputs/schema_single_agent_v1/Q140_schema_single_agent_20260724_024218.json,188141,c028ffbfcc15ef85d56a357a978837098cc273f3052c0bf8d20576a8d5aa689f
data/expanded_outputs/schema_single_agent_v1/Q140_schema_single_agent_20260724_024218.md,6380,5264c7860978d26c4e5ed829c92f3f627da4f4fe3f4bdc04694e1d9fcb9e3984
data/expanded_outputs/schema_single_agent_v1/Q141_schema_single_agent_20260724_024222.json,94142,886d5208302e24e1714657ad07d14c908ed6e8e36a010fe777c91d7793c03791
data/expanded_outputs/schema_single_agent_v1/Q141_schema_single_agent_20260724_024222.md,7624,47c4ea77d2398bc2062030cd8736a37ae2414947cf63b502b468841cd99ee7a2
data/expanded_outputs/schema_single_agent_v1/Q142_schema_single_agent_20260724_024218.json,92567,c883d7b95a7ae0447151b514e69dafbc9f4d36d39cb21a036750fd0b550b0184
data/expanded_outputs/schema_single_agent_v1/Q142_schema_single_agent_20260724_024218.md,5496,df91dd30d31200c9b87db4691a7da829e2c2fe28be31fb17f7070da4e705e297
data/expanded_outputs/schema_single_agent_v1/Q143_schema_single_agent_20260724_024249.json,51631,58e3227748633e54ed2dc9c2206482c5d86440e48b303b6616f55b0c2d9d6892
data/expanded_outputs/schema_single_agent_v1/Q143_schema_single_agent_20260724_024249.md,8657,6c739cb18f15121fb7a925a5c2d8653303674555bf4ac31f91203f644476560d
data/expanded_outputs/schema_single_agent_v1/Q144_schema_single_agent_20260724_024248.json,74862,1f1f51fd9c58833620570b2c00a5ddfd47a6cd67a130bde7140919a5ecac8470
data/expanded_outputs/schema_single_agent_v1/Q144_schema_single_agent_20260724_024248.md,8524,70046ed11e2272c2c2a5835943a8a138bec43f0dedc07d6259cb94d74896325c
data/expanded_outputs/schema_single_agent_v1/Q145_schema_single_agent_20260724_024252.json,82407,325f99517c8588c832f973bd1a1027f169f510b4a5c1aacbb53405a27e810b8e
data/expanded_outputs/schema_single_agent_v1/Q145_schema_single_agent_20260724_024252.md,10005,424455927ee08a4ae127522965ee98d11c7f5df54ef2a5ec1fe8b3d629b53c1e
data/expanded_outputs/schema_single_agent_v1/Q146_schema_single_agent_20260724_024247.json,74602,ef3c61b5f63a0383879dc1cb85d48cb225e8eb190422cace85bc7a87cf1110be
data/expanded_outputs/schema_single_agent_v1/Q146_schema_single_agent_20260724_024247.md,8010,f968143514ea94427e7a9b033c9538fb8c05b40ed39492415ebb046425b9e5e1
data/expanded_outputs/schema_single_agent_v1/Q147_schema_single_agent_20260724_024250.json,60186,1cca47a31c6b6baa5a680329c986ab6ed74a236c139d5f750abf4633d09f2949
data/expanded_outputs/schema_single_agent_v1/Q147_schema_single_agent_20260724_024250.md,8225,574d704cdf1b5fbde552e13e5c384fe68518c35fa67d3958f430aa26bfb30353
data/expanded_outputs/schema_single_agent_v1/Q148_schema_single_agent_20260724_024311.json,93319,c5502aa1a3d7557c0d280bb9f95dd41d86e3c3cd047b77ab60bdb551ce549258
data/expanded_outputs/schema_single_agent_v1/Q148_schema_single_agent_20260724_024311.md,8693,19bdcc1ccaca3666fb117e6cf306d9c9d584cb644e7489a310fc6ba84162665f
data/expanded_outputs/schema_single_agent_v1/Q149_schema_single_agent_20260724_024308.json,48186,84277a1cb52125b00c3b2adab83fa92b7697c11c777ea583f1bb36285d674334
data/expanded_outputs/schema_single_agent_v1/Q149_schema_single_agent_20260724_024308.md,6504,4b07bd08af31690872dd40f6ee02e2d4fe85f0008e6b6b6d0ad5aa76abb36518
data/expanded_outputs/schema_single_agent_v1/Q14_schema_single_agent_20260724_022644.json,18562,09cee7faf9a4122dd129e5014b0850d02d0a5eceafde9d3412c91a52877ab776
data/expanded_outputs/schema_single_agent_v1/Q14_schema_single_agent_20260724_022644.md,7255,f84056c5383e3e1904c5f0af77a0eff5125dcf6c60d1c96d00daa563700c1d79
data/expanded_outputs/schema_single_agent_v1/Q14_schema_single_agent_20260724_022646.json,18562,110c1acb7711f1c6781eabdc5ac1bc246dc70cf64ab7e3fd92f5fa20fd98ff43
data/expanded_outputs/schema_single_agent_v1/Q14_schema_single_agent_20260724_022646.md,6724,61f600a717b9f6a7e9364727bc272f19549555ab8e5d1511a9399b8c6c52631d
data/expanded_outputs/schema_single_agent_v1/Q150_schema_single_agent_20260724_024311.json,180790,9ec283e4ea29e22aaed3a6bf218491303b192dda03b7681457c2f062a5cdb129
data/expanded_outputs/schema_single_agent_v1/Q150_schema_single_agent_20260724_024311.md,7054,dda7449c2b56d5d846e24662cff76957cdee48ef1bd5dae227190d3b4b95e23e
data/expanded_outputs/schema_single_agent_v1/Q151_schema_single_agent_20260724_024314.json,90600,44133a9154d6c7cea8c503ce7a258ade498ea77209afc5df3c96871733b6b8df
data/expanded_outputs/schema_single_agent_v1/Q151_schema_single_agent_20260724_024314.md,8436,04e3151dc71ce583f927f038285f1326952e0d504c217df364e6a9e2463d86cb
data/expanded_outputs/schema_single_agent_v1/Q152_schema_single_agent_20260724_024320.json,74046,3b5fac7c003ac534453d514433c7f181e3e0b97d13d3a1e7e9b7ec0bcbb9e31c
data/expanded_outputs/schema_single_agent_v1/Q152_schema_single_agent_20260724_024320.md,10516,7369f03a1803b99f7e652c42f1959749769feab948916afec57cbffcdbbb596d
data/expanded_outputs/schema_single_agent_v1/Q153_schema_single_agent_20260724_024333.json,46341,38a4e1c488a2c1987df81a6204eba5ee7fb58eac617c6c21e68474c3defb430c
data/expanded_outputs/schema_single_agent_v1/Q153_schema_single_agent_20260724_024333.md,8508,948c84a5f7ec49db1f4c1d0b355d9e01d72098547f9cc34eb60179e67e2422c1
data/expanded_outputs/schema_single_agent_v1/Q154_schema_single_agent_20260724_024327.json,17953,304098b438ae1e59d7c691a5dd9835becbebc58a180e7fce90790347bb56036d
data/expanded_outputs/schema_single_agent_v1/Q154_schema_single_agent_20260724_024327.md,5647,d42b1d90a183c1b1835ee8703bfff3a6ab223fe62515a9d178aefcc2fb73d265
data/expanded_outputs/schema_single_agent_v1/Q155_schema_single_agent_20260724_024333.json,25691,83008f5e9701b6761a9f61a04d437d13537f0d51b38ef1787feb82154994d0d9
data/expanded_outputs/schema_single_agent_v1/Q155_schema_single_agent_20260724_024333.md,6110,763e67a88cce8a9be143a311849917e3f705cfb1b2aa3a7f02ecf9fcdc05708c
data/expanded_outputs/schema_single_agent_v1/Q156_schema_single_agent_20260724_024337.json,32460,eb66b9c29e6a99f541fdd42a3a91945b1875498e86ac4593891e7fa0f1aa2b0a
data/expanded_outputs/schema_single_agent_v1/Q156_schema_single_agent_20260724_024337.md,7451,15c133e38352da9eefc4ee58ca54059a0d1db309330bdb63dc6652f25e473479
data/expanded_outputs/schema_single_agent_v1/Q157_schema_single_agent_20260724_024339.json,31649,bbd838d2222b78f7425600072dba375a1684b938e1c556082798c42e4c4f694b
data/expanded_outputs/schema_single_agent_v1/Q157_schema_single_agent_20260724_024339.md,7923,338d10645a2a5ef9a87cf1de8db8e7810ed71702a694bbcdb2fba3e9c3d0c36a
data/expanded_outputs/schema_single_agent_v1/Q158_schema_single_agent_20260724_024347.json,30037,8730f40713da2037b36a92c3fe9b10e1ecf9011af2677e0936acb491c1c8a2d4
data/expanded_outputs/schema_single_agent_v1/Q158_schema_single_agent_20260724_024347.md,5607,2716f56c8ce843053521b0dc07396f8bf488d69ff09e2a6d235a20aad4a72d61
data/expanded_outputs/schema_single_agent_v1/Q159_schema_single_agent_20260724_024358.json,34460,ce59276cb1636dcd0ef130d4d0c9c35f17c2b2d766f7cdfc1f24b6816a53c333
data/expanded_outputs/schema_single_agent_v1/Q159_schema_single_agent_20260724_024358.md,7614,36e82aa9a638664ddb5ccc9a66aeff01482edd9eb3fcb18687f68d861ac3cf4a
data/expanded_outputs/schema_single_agent_v1/Q15_schema_single_agent_20260724_022642.json,18538,0ddb0fbfb3ea5eb889477a6e14059bd4fca62f5721afb8903b1cfe02585a2226
data/expanded_outputs/schema_single_agent_v1/Q15_schema_single_agent_20260724_022642.md,6673,9a13e65a979140d648bc36187ddcceb855a4a7fd2218e28d9287f814b1a5608c
data/expanded_outputs/schema_single_agent_v1/Q15_schema_single_agent_20260724_022645.json,18538,5093bf1d59d13b8ce1cff064f9ac72996180734a8122d584914275f8f64c9c64
data/expanded_outputs/schema_single_agent_v1/Q15_schema_single_agent_20260724_022645.md,5086,a0cd825fd3a2f5d0a45973f9f0fe517c3d5939bbf5063f34daeb87d332b19889
data/expanded_outputs/schema_single_agent_v1/Q160_schema_single_agent_20260724_024403.json,42366,3e29ac12c1a15b1b3f4f4d4fff336fcf346da8afafc617c64070cab3ce70ac0a
data/expanded_outputs/schema_single_agent_v1/Q160_schema_single_agent_20260724_024403.md,9249,91d705b9c44e0b52dd741baac621a98941e37c1d847b550b83dfa3c7fe3c4f41
data/expanded_outputs/schema_single_agent_v1/Q161_schema_single_agent_20260724_024402.json,91648,42dffff754bc99697ead46ba7288ff276685308e8c04c41a4a7e114c69116ae1
data/expanded_outputs/schema_single_agent_v1/Q161_schema_single_agent_20260724_024402.md,7865,a513ed3703a5b5f6cc5405d06402099c2602eefca404d6ce66fb9859c927144f
data/expanded_outputs/schema_single_agent_v1/Q162_schema_single_agent_20260724_024358.json,28460,9f2ef1d1ed7d6845119caf75fdcb0e3af60f03677c452567451c0388bd1b55da
data/expanded_outputs/schema_single_agent_v1/Q162_schema_single_agent_20260724_024358.md,6028,774d380508fe21c18106713e6ded0d0b87415bfe2c03752a00b5ed66691bb412
data/expanded_outputs/schema_single_agent_v1/Q163_schema_single_agent_20260724_024404.json,47577,d8e6d3efa642d023ddc7ff6ddb76204548ef6c2ebea2b7e62d1b56b74aadaca9
data/expanded_outputs/schema_single_agent_v1/Q163_schema_single_agent_20260724_024404.md,6230,92640c2e983c4fdb356234a9a1cf91c9bd092859e05cc00f5169b5dafb7d3c93
data/expanded_outputs/schema_single_agent_v1/Q164_schema_single_agent_20260724_024417.json,48384,ff8cf854a7126d9ac7be60e8da57eb7cc935a002cd6bc27a619b15b621f96929
data/expanded_outputs/schema_single_agent_v1/Q164_schema_single_agent_20260724_024417.md,6308,8d2cd1b286ace38a6e502a6044534797ce65c89748b20c45300cd94992f29b64
data/expanded_outputs/schema_single_agent_v1/Q165_schema_single_agent_20260724_024419.json,181516,7442e4282c2e3dc742de49bff9bfe2d1ed857c2bbc650f30051b547ff13977d5
data/expanded_outputs/schema_single_agent_v1/Q165_schema_single_agent_20260724_024419.md,6822,f640eceedae03f3c3f4487696fafb2bcbffb77fa70edc7b30d625ce79b4f416a
data/expanded_outputs/schema_single_agent_v1/Q166_schema_single_agent_20260724_024424.json,88605,f0d8c3c822e64b88f9e95e61285de2d2d969492e0e00dd44bb38c5703ae814c6
data/expanded_outputs/schema_single_agent_v1/Q166_schema_single_agent_20260724_024424.md,8951,329a38a90515818142b492a25591e60ea1bd1d68196f665ad50fed9e7f074484
data/expanded_outputs/schema_single_agent_v1/Q167_schema_single_agent_20260724_024423.json,67161,11cbe8fd6c809cdcb95362029d1e8eab5cfd7539c54e551498f89bfbe2e4947e
data/expanded_outputs/schema_single_agent_v1/Q167_schema_single_agent_20260724_024423.md,8385,bad0c0db32e04d2c44cf621d1cafea933b92012e749a7d515ee3c314f56b5a98
data/expanded_outputs/schema_single_agent_v1/Q168_schema_single_agent_20260724_024418.json,46889,29a20f66e84c8dba4cbec12eeb66306253fca42be0908bb87bc6878c15623550
data/expanded_outputs/schema_single_agent_v1/Q168_schema_single_agent_20260724_024418.md,5848,20a1ec15c4ee1e45e854bcfb728cdba65fb96f4581d513f92c9b354bef7b1b3b
data/expanded_outputs/schema_single_agent_v1/Q169_schema_single_agent_20260724_024439.json,67231,432cfbf3ba3706b7efa808204f9cc98a8ab04fb08253d006e89898fce2bcc788
data/expanded_outputs/schema_single_agent_v1/Q169_schema_single_agent_20260724_024439.md,9564,b498fe0608c881b09756f4e37467e335612ad612a2300ea899c644ae3232da57
data/expanded_outputs/schema_single_agent_v1/Q16_schema_single_agent_20260724_022644.json,18559,eb7e61b81d389ec3989a39f01ae672049809b8b071e4eaca9579560583b731ff
data/expanded_outputs/schema_single_agent_v1/Q16_schema_single_agent_20260724_022644.md,6348,862c7870d3a12235d866104c2f804f51a69aa08b7c49cdcbbe86a21f84736cd3
data/expanded_outputs/schema_single_agent_v1/Q16_schema_single_agent_20260724_022650.json,18559,617c5a37a0e9fdf71629938b01491f9ae9272710e29b33f73f977ef95aad6432
data/expanded_outputs/schema_single_agent_v1/Q16_schema_single_agent_20260724_022650.md,6020,c791690f3f3f641a45f55908e85a0d0a06615d3aeecaf4f50f6e8cc9d0ca19f1
data/expanded_outputs/schema_single_agent_v1/Q170_schema_single_agent_20260724_024430.json,39787,b0ff75c6aaeb808b9b799842e222fbf59201a4d02897d4765ead5dfcf680069c
data/expanded_outputs/schema_single_agent_v1/Q170_schema_single_agent_20260724_024430.md,4616,70ef1be3b565878c2fc6a8a86a235f7a0106089f54e594f6e042c65144100ab1
data/expanded_outputs/schema_single_agent_v1/Q171_schema_single_agent_20260724_024435.json,25233,e89444f713f3f26f0d338c198b208cf691f8ca72b0f1194717adb54bbdf4cb95
data/expanded_outputs/schema_single_agent_v1/Q171_schema_single_agent_20260724_024435.md,6265,7aa3e595a8c4d47eace9c062a507927d337f0836262433ae5f3b7aa49ac59148
data/expanded_outputs/schema_single_agent_v1/Q172_schema_single_agent_20260724_024435.json,48501,65015cbd4137496e8d0b9e9914db8cd33a0c72048fa8c2bfe06d161350f7b8cd
data/expanded_outputs/schema_single_agent_v1/Q172_schema_single_agent_20260724_024435.md,4967,9135952d668da254ebe6e139667dff93469c0843bc67c6edf1a5062774ebd7ea
data/expanded_outputs/schema_single_agent_v1/Q173_schema_single_agent_20260724_024441.json,25522,4c94bc0d0fdcd0b42c1c94882ccd6b5bcb58dd793938b922286ab38ff0c67d22
data/expanded_outputs/schema_single_agent_v1/Q173_schema_single_agent_20260724_024441.md,7002,813ad7648746fa47226b0ddde15f961c527fd5c69787efca3b570511e5370152
data/expanded_outputs/schema_single_agent_v1/Q174_schema_single_agent_20260724_025046.json,51687,d9b19dea64ea202cce58a0e214444e55183cd7617bd414dcbc3fd4c8adb68eba
data/expanded_outputs/schema_single_agent_v1/Q174_schema_single_agent_20260724_025046.md,8857,cac85256373cdeaf8ee1f87002344d75b8ef83923af55abfda70a41a52f8485f
data/expanded_outputs/schema_single_agent_v1/Q175_schema_single_agent_20260724_024445.json,84140,304f0971399400126a00277f6d33b6b22f8b7369a97849bb853f379a82793759
data/expanded_outputs/schema_single_agent_v1/Q175_schema_single_agent_20260724_024445.md,5343,af5a8a83656a60152d2ff2d5924542210f17cf1946086c7a92c96b9d54a2fb0a
data/expanded_outputs/schema_single_agent_v1/Q176_schema_single_agent_20260724_024453.json,55891,a92959007cc7903d5296711ab822f8ee45d80b87879bb93a9bdc9e811faff8ab
data/expanded_outputs/schema_single_agent_v1/Q176_schema_single_agent_20260724_024453.md,7179,7a15027774002dfcc9292804633a4cfdcb591a17b4ad3709415651c2c9de1728
data/expanded_outputs/schema_single_agent_v1/Q177_schema_single_agent_20260724_024449.json,78630,fd350fdc22a633850a41bcd732ecc1d4e068394b8938223639ba44913da69d9c
data/expanded_outputs/schema_single_agent_v1/Q177_schema_single_agent_20260724_024449.md,5725,1f36f9204b4ab53bd271d0a0744eb7ef56df13548ba84e888171d4ccae727d3c
data/expanded_outputs/schema_single_agent_v1/Q178_schema_single_agent_20260724_024455.json,33169,90d8c1f152e254b0f21c82d92a1d330dfc6ba6acf35697411e4eae5e299a545b
data/expanded_outputs/schema_single_agent_v1/Q178_schema_single_agent_20260724_024455.md,6678,2a51dc69e47ce382bd3deb4bd16e80facf6be32395d77be53307314c900f2585
data/expanded_outputs/schema_single_agent_v1/Q179_schema_single_agent_20260724_024505.json,82736,515276177a369318b07b47f47781413b4dad24de33e49c568bc593f45be1149f
data/expanded_outputs/schema_single_agent_v1/Q179_schema_single_agent_20260724_024505.md,9858,dec1b7cab6ddd9503a3b6066a8200715c6c600a3a7bace80163cf72db312e60b
data/expanded_outputs/schema_single_agent_v1/Q17_schema_single_agent_20260724_022654.json,18553,524e252e063222579b589e1146bdec2ab959bd2d9791b6d0cd3adb028b6331c9
data/expanded_outputs/schema_single_agent_v1/Q17_schema_single_agent_20260724_022654.md,5983,fe0f6da5df6f9f76b9078350a063cb50f81fad5e963918bc15bb8cc9d4a8676f
data/expanded_outputs/schema_single_agent_v1/Q17_schema_single_agent_20260724_022708.json,18553,d396d6f7419187c59a3c253905b15fc0d516d56f873a2f0a54f31e50f50eaa0e
data/expanded_outputs/schema_single_agent_v1/Q17_schema_single_agent_20260724_022708.md,7874,7904b8688f9fac3510853a9c304d2c64c3ef04d035228cc34ad0685ad2745b5b
data/expanded_outputs/schema_single_agent_v1/Q180_schema_single_agent_20260724_024501.json,21694,015c8e5b2fa2e272fb2bfa8caab97a1684a71096ac80b7b2d56395dc4a9d22e7
data/expanded_outputs/schema_single_agent_v1/Q180_schema_single_agent_20260724_024501.md,6881,7d633460004bbcc36a408108b366c9bc6571c2c0b7c2b0557df775f2dd6d8c16
data/expanded_outputs/schema_single_agent_v1/Q181_schema_single_agent_20260724_024507.json,40339,f0f0927910becb04914f226337c70c5aa9ea2eaa79b78e6bff8907d3eda9c40e
data/expanded_outputs/schema_single_agent_v1/Q181_schema_single_agent_20260724_024507.md,7164,20135fdebe1925d716c08f9ce0f1752612a0d97265435ac151cf1f503f503ce7
data/expanded_outputs/schema_single_agent_v1/Q182_schema_single_agent_20260724_024513.json,69229,6174ae72f96b3cfca76822ef3902599edd6f262a67530483723e5cff11159399
data/expanded_outputs/schema_single_agent_v1/Q182_schema_single_agent_20260724_024513.md,7669,2eb700657e6f32cf39b13df5823ce9c1b68faadb4a7624f4c98e320d592c88a8
data/expanded_outputs/schema_single_agent_v1/Q183_schema_single_agent_20260724_024515.json,94596,c54acce706187cd21f78d24bcfa2a8354fbc4ffc2530d57e1438f310117d6bce
data/expanded_outputs/schema_single_agent_v1/Q183_schema_single_agent_20260724_024515.md,9355,bb85a49eff225d08af806500feab14d4b48cecaa259acaff99b0d26dd1d221b8
data/expanded_outputs/schema_single_agent_v1/Q184_schema_single_agent_20260724_024521.json,186760,5811da4b6f0f64b90dd7ab32e9167e12651639b9f4bd1d2cfbdc3808ca4427be
data/expanded_outputs/schema_single_agent_v1/Q184_schema_single_agent_20260724_024521.md,8796,135ad08cb7e086c35503c45fdb3b27d5369c6ae6fb2a7ccdfe3031c61cdc0b8b
data/expanded_outputs/schema_single_agent_v1/Q185_schema_single_agent_20260724_024523.json,51892,c646bf126963cd71e8bed3632510b782e200f30d6a12d19fd2a0ddc319a90557
data/expanded_outputs/schema_single_agent_v1/Q185_schema_single_agent_20260724_024523.md,8591,77a59e0f965cc84c645320a616ccd78aa12cad146f870b36cd4879f4fc3c3629
data/expanded_outputs/schema_single_agent_v1/Q186_schema_single_agent_20260724_024521.json,40620,9fe67db80630a1a0927db92fba74d64c650186b530863224f2c3c106dc0b549d
data/expanded_outputs/schema_single_agent_v1/Q186_schema_single_agent_20260724_024521.md,6000,8e3182e041e19f83b02af041909ec4012bed62f76476f5e0f051dd3ef4b3a3c3
data/expanded_outputs/schema_single_agent_v1/Q187_schema_single_agent_20260724_024527.json,27784,c5a59e787bcc22b060bd29326cc5611e84b25c6e65d1328313ef30e2faf84cba
data/expanded_outputs/schema_single_agent_v1/Q187_schema_single_agent_20260724_024527.md,5804,882604f8bbcc0d3e84aaccd8b732b589f8e4004c89eb1bc11d02dee6e3d0f08e
data/expanded_outputs/schema_single_agent_v1/Q188_schema_single_agent_20260724_024530.json,36611,9dbc827707699c21ec7811c510c6c02481a647cd5c144c94249f3737363719ee
data/expanded_outputs/schema_single_agent_v1/Q188_schema_single_agent_20260724_024530.md,6255,7cc2021946607ccb30419762e85915a395563a9c0815961c632a11fa26dd103c
data/expanded_outputs/schema_single_agent_v1/Q189_schema_single_agent_20260724_024536.json,45133,92973e1daa76ecb1289b0ed0bdcf6cc4175e20a39b0f3436d63de1e8c276556e
data/expanded_outputs/schema_single_agent_v1/Q189_schema_single_agent_20260724_024536.md,5687,188d78e64f6eedab4890ffb1995d48ee8b07f760135036d03d1e38de05907a09
data/expanded_outputs/schema_single_agent_v1/Q18_schema_single_agent_20260724_022654.json,16354,bb25ddc5c5a8bcf2495c3da63f8be40f054d4649ac1cf7c4937c6605298f3e0a
data/expanded_outputs/schema_single_agent_v1/Q18_schema_single_agent_20260724_022654.md,6433,31704cd78c11373eb8d9c8d9e20fa549293fc2206e675d659ab6a092830ac5ae
data/expanded_outputs/schema_single_agent_v1/Q18_schema_single_agent_20260724_022708.json,16354,6895b7d75bab446cb222c633be18a7c2de99af74c7b1e6e9267bb757b9263a8a
data/expanded_outputs/schema_single_agent_v1/Q18_schema_single_agent_20260724_022708.md,6646,ed80faacdb55c510596a8a8c7b5c0099451bd02dd5e472b9e8a2014ff1b17347
data/expanded_outputs/schema_single_agent_v1/Q190_schema_single_agent_20260724_024544.json,37410,66543d63133dbf639998c20a8ae3662ffd9923600dbb876b690a027192abf0f5
data/expanded_outputs/schema_single_agent_v1/Q190_schema_single_agent_20260724_024544.md,9008,621fd39585e2ca9c79e4840bb2151ca8a1ea673dd4c9f0b83c0662b815710c70
data/expanded_outputs/schema_single_agent_v1/Q191_schema_single_agent_20260724_024542.json,35713,3c13776d65b7af9136406a7ba642afb6ce5a06ab6c580f73120630f2821462ef
data/expanded_outputs/schema_single_agent_v1/Q191_schema_single_agent_20260724_024542.md,8422,97b5afdcd46ca519c65d712e253eca0dc540e770dfc7eb87c7ddf13de2abcd2e
data/expanded_outputs/schema_single_agent_v1/Q192_schema_single_agent_20260724_024547.json,38721,8bdb591c485a1728ec523111c8729c503980065df3f8f1fabe3c8ae079100bd0
data/expanded_outputs/schema_single_agent_v1/Q192_schema_single_agent_20260724_024547.md,8419,a2f8ad016ad1836828a332b9e5d3062ab25a987e8cc3842bd888ebba34b508ce
data/expanded_outputs/schema_single_agent_v1/Q193_schema_single_agent_20260724_024548.json,22273,e0a2829e78365e89df76c70569a97569bf39b7780134d616f59398a1555b68c7
data/expanded_outputs/schema_single_agent_v1/Q193_schema_single_agent_20260724_024548.md,6999,11990142b6ac7464576f6320483d11a6d0fe538ce489ced560ccda780c614dbd
data/expanded_outputs/schema_single_agent_v1/Q194_schema_single_agent_20260724_024557.json,27382,1963ac6c8faa6ef8e3cfaadc390ab3ab6d2191cf33bbb19c3f4e3b791a616007
data/expanded_outputs/schema_single_agent_v1/Q194_schema_single_agent_20260724_024557.md,7872,6f304cfbdc2a74ab26a7a4da0293964be5f60760bf5327d8a50a9f138b05a091
data/expanded_outputs/schema_single_agent_v1/Q195_schema_single_agent_20260724_024601.json,30153,9fa290270e0ed5bbbe46c222015b3dc77851b879a284a7cc3cb753b00f9fd04e
data/expanded_outputs/schema_single_agent_v1/Q195_schema_single_agent_20260724_024601.md,7431,a1ea101bd3db3d1d4014161f4df52ff01e8bb8668bc94175015523d9137178bc
data/expanded_outputs/schema_single_agent_v1/Q196_schema_single_agent_20260724_024600.json,48999,c760a3096933f8c05e00cd999e4603280f48bbd6982b0e6da247ff3fe6241a59
data/expanded_outputs/schema_single_agent_v1/Q196_schema_single_agent_20260724_024600.md,6879,8874fe4d48a4ab425112f34fce2eb7ae2da39b4fd42bab85c8839cf29025e14b
data/expanded_outputs/schema_single_agent_v1/Q197_schema_single_agent_20260724_024602.json,22395,4f8942b008476014729e8c3c2c0360fda797027b69ce3989414d29e22d9d412f
data/expanded_outputs/schema_single_agent_v1/Q197_schema_single_agent_20260724_024602.md,6083,0720a6afc7f28153052f2a616aa31e72ecf59edcad353426e2f99d697fa145b1
data/expanded_outputs/schema_single_agent_v1/Q198_schema_single_agent_20260724_024605.json,40281,d448aac532988a2961ad213a80d7a1800d80c9129f6789744fa36516ebf5a480
data/expanded_outputs/schema_single_agent_v1/Q198_schema_single_agent_20260724_024605.md,7192,506c3060cba818adbc7912072daba6ec19c27548d6c75db2c4dd7d1174022cfe
data/expanded_outputs/schema_single_agent_v1/Q199_schema_single_agent_20260724_024618.json,44062,74dd8b02379136733638bc952923546d88b96549ad37aace240bf613a42bfacb
data/expanded_outputs/schema_single_agent_v1/Q199_schema_single_agent_20260724_024618.md,7991,1a51040d3d9bfd1d84a94204392132147a70b0dcf121f1bc37fe7a9fe40c1f67
data/expanded_outputs/schema_single_agent_v1/Q19_schema_single_agent_20260724_022657.json,18540,d7f45964895d87dc4c0bff65532f153ab347ac4f805d2fdb614eed31e38afbbf
data/expanded_outputs/schema_single_agent_v1/Q19_schema_single_agent_20260724_022657.md,5959,870c2b1b74220d19c926681b71226f4811ea8709b7cb164485fb2f2eb31373f8
data/expanded_outputs/schema_single_agent_v1/Q19_schema_single_agent_20260724_022658.json,18541,2d9820287fec5227e710760248abefcdc86aff6977cff596c819be8ba61b9d60
data/expanded_outputs/schema_single_agent_v1/Q19_schema_single_agent_20260724_022658.md,5488,2d77d6a9fd70606e04e5db2190d34122d3c94bb10b0e31e01c37c9cd7681ee04
data/expanded_outputs/schema_single_agent_v1/Q200_schema_single_agent_20260724_024620.json,90768,c25ce873acd2e213d008b6850e432687d181bd1b434512eeb4d30625fe6af7b7
data/expanded_outputs/schema_single_agent_v1/Q200_schema_single_agent_20260724_024620.md,7105,64575fb8781a568b557cb0a10cc419d87548fcce72f5a94cf2214cdacf0a85b1
data/expanded_outputs/schema_single_agent_v1/Q201_schema_single_agent_20260724_024622.json,63763,17a37746cfa6f539f92cedfdab1e16390503b73fa42ec66fe8a293bcd7e77001
data/expanded_outputs/schema_single_agent_v1/Q201_schema_single_agent_20260724_024622.md,7595,d1a5f49e9673c0c870dd30178852146960eb7d76c9a5f866ca6208846f87b349
data/expanded_outputs/schema_single_agent_v1/Q202_schema_single_agent_20260724_024615.json,49773,a03d70651ee3a33a1e19507bdf162ac548dfaec611c5dc07a5f89348dd0b67ba
data/expanded_outputs/schema_single_agent_v1/Q202_schema_single_agent_20260724_024615.md,5751,5cd9ae17cd26a5ac03ea6696b48f1e53d7b3d8dc384adf5f96e76e0d34dacac3
data/expanded_outputs/schema_single_agent_v1/Q203_schema_single_agent_20260724_024623.json,36961,2f955d5050689c9f7287445e366e1336913b41c9d9071e58022ce6ff6a9912a5
data/expanded_outputs/schema_single_agent_v1/Q203_schema_single_agent_20260724_024623.md,7693,aceac405aae977b4416d47437abf31e57e4d45c19584dfbe8762d36e2cd2b110
data/expanded_outputs/schema_single_agent_v1/Q204_schema_single_agent_20260724_024632.json,40392,6a4c898fa3a51678760317395d5bd1c992a3c73facfd041bfa5d514e6e80f4ad
data/expanded_outputs/schema_single_agent_v1/Q204_schema_single_agent_20260724_024632.md,6491,148a2220102b2395fd671488ac7e9d9e2881258f1252bcb2fedf93600906f545
data/expanded_outputs/schema_single_agent_v1/Q205_schema_single_agent_20260724_024633.json,44785,76f82073eb7f6e9ba9c0865d8707db3987befacb5ca971e76c2b4a7db9f03e13
data/expanded_outputs/schema_single_agent_v1/Q205_schema_single_agent_20260724_024633.md,6675,259af048ce548b5c0721cd6f3ecc5df6a82377cabe40218c5bd2c8da16986ebe
data/expanded_outputs/schema_single_agent_v1/Q206_schema_single_agent_20260724_024639.json,38113,ab6646877443f24863af1a5b3b7c67e1da8fb40e302b7f4c9f54e78d18e03f7a
data/expanded_outputs/schema_single_agent_v1/Q206_schema_single_agent_20260724_024639.md,7387,eb9db4c75b6a5c425bc7b5c6d09d3d2b6d7dec52a7c1a67b70bc24d46e2be10f
data/expanded_outputs/schema_single_agent_v1/Q207_schema_single_agent_20260724_024644.json,94941,373fc2547c792c3c5773217a1e75e330c0f710686776d344d706e4ec7662a292
data/expanded_outputs/schema_single_agent_v1/Q207_schema_single_agent_20260724_024644.md,7808,e007a02825b3003e3f0f0fbb053e39c14a111a862ab0f00cedec3ba09abb17b3
data/expanded_outputs/schema_single_agent_v1/Q208_schema_single_agent_20260724_024643.json,35403,975fff2c2f5360980c31dcabca4af8bac56d8d60adc57498f0a73b796eed5cd4
data/expanded_outputs/schema_single_agent_v1/Q208_schema_single_agent_20260724_024643.md,7861,c0552d9673fa57107447938e74e7005f84953c6a11cb7a36ad4c39f8ac0ea4f0
data/expanded_outputs/schema_single_agent_v1/Q209_schema_single_agent_20260724_024650.json,20660,0c91b26c3a521ea8d8ad814debaaf05e945bab79fdf62c0c0dd6d323f2ab7eb5
data/expanded_outputs/schema_single_agent_v1/Q209_schema_single_agent_20260724_024650.md,6740,63e56fe91d91da040f1e3d635cc236e80126daeecbc54f63d40b34b9b6f72e74
data/expanded_outputs/schema_single_agent_v1/Q20_schema_single_agent_20260724_022705.json,18546,966858dd3637850ac11aa5859cfe6fbd898f5429728874909ec3b25c34a67d5c
data/expanded_outputs/schema_single_agent_v1/Q20_schema_single_agent_20260724_022705.md,6479,b137eaa2901c1bbc7c74d5c18164463a2587061d4137a7724ec651db4ff363fd
data/expanded_outputs/schema_single_agent_v1/Q210_schema_single_agent_20260724_024650.json,48425,1b158f3fbb8c82aed3271aec5e46618f9a7c50c0219416509d2e3a9fd7d719d6
data/expanded_outputs/schema_single_agent_v1/Q210_schema_single_agent_20260724_024650.md,7504,d990627c6407e3b8638c49dc256f4c1f7511f828ca41caf1788cf23faf8e4f28
data/expanded_outputs/schema_single_agent_v1/Q211_schema_single_agent_20260724_024657.json,40030,ad85204986db4b828838f7d8b1dc6f14bd91ccbf524c1ebef43939ef85e21c75
data/expanded_outputs/schema_single_agent_v1/Q211_schema_single_agent_20260724_024657.md,8060,4357f72efb9c82cc90d0e8ee958a5aff6c9dbe2ec2f8d4b990fb434cdb35a00f
data/expanded_outputs/schema_single_agent_v1/Q212_schema_single_agent_20260724_024702.json,80510,c27d142cb7db3934e6b053ec5f5f4c1270feeb065a880df0299c1c7007931243
data/expanded_outputs/schema_single_agent_v1/Q212_schema_single_agent_20260724_024702.md,6473,9ee116a1e8c9b79ec8749fe9a9f8e907a731ed01594cbc7b7fb1553e5d005283
data/expanded_outputs/schema_single_agent_v1/Q213_schema_single_agent_20260724_024700.json,34776,16108b433468eb09d000e3eb1f659d428041b0e8081f507106c2d05317d2a757
data/expanded_outputs/schema_single_agent_v1/Q213_schema_single_agent_20260724_024700.md,5053,379839b3310065828e576c5728ac870a4edd0e3a0efc7d10c03de5b2cabd1137
data/expanded_outputs/schema_single_agent_v1/Q214_schema_single_agent_20260724_024718.json,60202,159500aa590a8565c2eb03453d9177d634e0a502f5b3c4dba1b12ff8bf862df6
data/expanded_outputs/schema_single_agent_v1/Q214_schema_single_agent_20260724_024718.md,8080,09ad12d793286da26a19ef5b49ad18de2e91916f7f42660be437c49a9fa8643f
data/expanded_outputs/schema_single_agent_v1/Q215_schema_single_agent_20260724_024715.json,63982,6b0bea67d217bf44bd4b4953ffea0b3dbff58c81ca1502f5f0ee67929937fdc1
data/expanded_outputs/schema_single_agent_v1/Q215_schema_single_agent_20260724_024715.md,6716,b9b0d43a49672bebff0225a91cd4562b5dee785d4674aca9b405ab9867a99b7e
data/expanded_outputs/schema_single_agent_v1/Q216_schema_single_agent_20260724_024722.json,76940,6c036bc66ccfe8eff92e09b140d2e4271b80ed13e4a657ad01252b61f19aeaef
data/expanded_outputs/schema_single_agent_v1/Q216_schema_single_agent_20260724_024722.md,9190,83d864d9a3009a7042c3e576ca19088008113f2dcc227e9185d655bd0af4d012
data/expanded_outputs/schema_single_agent_v1/Q217_schema_single_agent_20260724_024713.json,40997,aa3b77aaa7e305190004a2e8b15038f99223fb639d2f4106fb426996957cc9f5
data/expanded_outputs/schema_single_agent_v1/Q217_schema_single_agent_20260724_024713.md,5804,92697e22d409e70e81779a0d43f50fcff19e18cb9372017e3ef4690b320aea7d
data/expanded_outputs/schema_single_agent_v1/Q218_schema_single_agent_20260724_024716.json,26756,fdee5925a131c828f695298713133c0c7d963d6774188ce35f49f299b48740cf
data/expanded_outputs/schema_single_agent_v1/Q218_schema_single_agent_20260724_024716.md,5821,ec2cea719412cdae3121a130b9728239f4d1cbb47dd5d2156440fcfbc47f870e
data/expanded_outputs/schema_single_agent_v1/Q219_schema_single_agent_20260724_024734.json,43650,17fc6396d1365c8772a9823f99438b8e3b34068e345e8181a2c43174542aa72c
data/expanded_outputs/schema_single_agent_v1/Q219_schema_single_agent_20260724_024734.md,6972,9ac37d980137be09f5f84c09f559e96080659ff18c8fc910bce85e1515dacf5c
data/expanded_outputs/schema_single_agent_v1/Q21_schema_single_agent_20260724_022656.json,10108,e1a31d94a9c72a7fef93908f68bb1606dee498cd1fac91c458abfe52c88ae087
data/expanded_outputs/schema_single_agent_v1/Q21_schema_single_agent_20260724_022656.md,4670,6f97dd097e940f4040cc822cce49b6dd8145e264113aa2793c74aea7a88d11ef
data/expanded_outputs/schema_single_agent_v1/Q21_schema_single_agent_20260724_022708.json,10107,ef9a807782e76e69d101698c6bba5dd5741c0664be747ffdb273530fc2b38717
data/expanded_outputs/schema_single_agent_v1/Q21_schema_single_agent_20260724_022708.md,5878,53a4bfab8071a2f85a317288b5953ac8a006a5c03a118fc5159e95391396aef0
data/expanded_outputs/schema_single_agent_v1/Q220_schema_single_agent_20260724_024734.json,86031,e979af814c84db65cbd4e25c536d1fc2cf7689360c5a2697d243a93d06d9175c
data/expanded_outputs/schema_single_agent_v1/Q220_schema_single_agent_20260724_024734.md,7095,b68f74dc9eafee7ab5762bdba79b2d404f75ef9421008dc26d4fd7f4aa78de27
data/expanded_outputs/schema_single_agent_v1/Q221_schema_single_agent_20260724_024735.json,102656,5b1d82c4520952131695c1d9a0a276e28b67e6a0eabbda3bcdd0311682438676
data/expanded_outputs/schema_single_agent_v1/Q221_schema_single_agent_20260724_024735.md,8272,b2180b969038412d060a75bd306c3024f454f17533f5e789a41f7c6cca83a6c5
data/expanded_outputs/schema_single_agent_v1/Q222_schema_single_agent_20260724_024738.json,74006,276c91727602a98f22f7b89fc42c1dfad0f69f4fc92df33be3da3581d24e199a
data/expanded_outputs/schema_single_agent_v1/Q222_schema_single_agent_20260724_024738.md,8553,3fbebcf58feabbf3d7702a41297026484bfb2d7813464ce46cfc143c96a04bf4
data/expanded_outputs/schema_single_agent_v1/Q223_schema_single_agent_20260724_024739.json,77726,ea8dd0dfe767e872768e78b4c9929e4c8a23c1283d1c6a113df3e5e9c8f7e0e5
data/expanded_outputs/schema_single_agent_v1/Q223_schema_single_agent_20260724_024739.md,6067,50056a2b061656013e1ba151399f85822eed122fb193b580e48cdae4760af6c4
data/expanded_outputs/schema_single_agent_v1/Q224_schema_single_agent_20260724_024758.json,66003,b23185b9a70b78fd80cadde21e6eaa47d865acfa85344761bb028a76813ed62e
data/expanded_outputs/schema_single_agent_v1/Q224_schema_single_agent_20260724_024758.md,8677,06c56ff47aed0388dfa726fcd98a7dd61bb503f9cc27dc1d6218591673116589
data/expanded_outputs/schema_single_agent_v1/Q225_schema_single_agent_20260724_024752.json,70504,b48cce60e3af678075a1b9e85b39bb9b846b96eade50f3a0412313deb2ccd0aa
data/expanded_outputs/schema_single_agent_v1/Q225_schema_single_agent_20260724_024752.md,5953,d89c6f99fa68cc6fb9f640d4393fc95b94211a1617fb2684834ac6732b4f4d36
data/expanded_outputs/schema_single_agent_v1/Q226_schema_single_agent_20260724_024750.json,82205,d16e5f63512fb0be384871e573e1b52f92edf3ac921ff91e30da332d93dacc58
data/expanded_outputs/schema_single_agent_v1/Q226_schema_single_agent_20260724_024750.md,5969,584d033ef2692f930133e2db4f3130650889a3199c310a848ce0e032f0d2f9fc
data/expanded_outputs/schema_single_agent_v1/Q227_schema_single_agent_20260724_024755.json,64329,77987328e6870ddd05100385b00e40c998422cf2f984c38de1f681154854aa1d
data/expanded_outputs/schema_single_agent_v1/Q227_schema_single_agent_20260724_024755.md,5668,2203bbab38864f11c9ff7be667ba5d3111aab6538e7589ef7382d61576ea86aa
data/expanded_outputs/schema_single_agent_v1/Q228_schema_single_agent_20260724_024800.json,65409,74a353b90ca6a46a6f6c817403ae451c8a81ddd232efeddb20fadf6037a7cacf
data/expanded_outputs/schema_single_agent_v1/Q228_schema_single_agent_20260724_024800.md,7835,2d586281e36eb2cec7c1c759b0f902baaa683364a52b216f177da53278ebc545
data/expanded_outputs/schema_single_agent_v1/Q229_schema_single_agent_20260724_024807.json,34785,c9125a61475cc16dbc1709da509938d1223bdac5abe782858f0a3147d8a5cf38
data/expanded_outputs/schema_single_agent_v1/Q229_schema_single_agent_20260724_024807.md,6409,b10cf694bbd8f76fde83f327fa859ccea1ed351cf7b0284fd09afee4bb791bc5
data/expanded_outputs/schema_single_agent_v1/Q22_schema_single_agent_20260724_022711.json,20900,d3513de3fce8db341b1598d48d0d2cb54a649a0c31f95eb2d15e2d5ccd28d334
data/expanded_outputs/schema_single_agent_v1/Q22_schema_single_agent_20260724_022711.md,7368,62ab3930c0873903b9ba5b5392bf695424a5170c8b8eecb18e1aa56ed9678218
data/expanded_outputs/schema_single_agent_v1/Q22_schema_single_agent_20260724_022725.json,20900,716cc2265e3c0aba47156afa1baefb1593b075da041be2550b4ce2d8d316d2aa
data/expanded_outputs/schema_single_agent_v1/Q22_schema_single_agent_20260724_022725.md,8201,e1fdc825cc4bc05e5b2e8495432894a13a55057aa025bda0eccb3b430ca86ed0
data/expanded_outputs/schema_single_agent_v1/Q230_schema_single_agent_20260724_024809.json,56291,6ef8c041a93e52187943f5c8b888ef8fe095406cdf5a7ca66a20f8f450879a72
data/expanded_outputs/schema_single_agent_v1/Q230_schema_single_agent_20260724_024809.md,6336,28fdcc44ed0809ae602626eaa1c45ec512a2ff6d0207c9241be0f61b9c66711a
data/expanded_outputs/schema_single_agent_v1/Q231_schema_single_agent_20260724_024814.json,102918,795b76166cd569f0ceb261e77729da8ee6cbea09bcace5de8135ffe1f0da15a6
data/expanded_outputs/schema_single_agent_v1/Q231_schema_single_agent_20260724_024814.md,7539,fd4dc630e6b8ceee7a554eda430ee427e309c0563f973442d3ef80f7e1f29ce9
data/expanded_outputs/schema_single_agent_v1/Q232_schema_single_agent_20260724_024818.json,33217,207a1a9a44a86fbf512ad388348d3bc325ec420edc6c663efbdc476652f54069
data/expanded_outputs/schema_single_agent_v1/Q232_schema_single_agent_20260724_024818.md,6746,02c9032fbc3f1c8a1d1d1dbdb0034fc76c7443e3cfe559aada0dd6b67a231e03
data/expanded_outputs/schema_single_agent_v1/Q233_schema_single_agent_20260724_024817.json,29134,969e7f6077afbf09f917723f8d2d24d5d6ee125bfb674f3a26fc5cc798f23812
data/expanded_outputs/schema_single_agent_v1/Q233_schema_single_agent_20260724_024817.md,6952,0a53a24233e089b27d575e2ed3a7b75af30d2bf71a14b1c074c97ae5e932880c
data/expanded_outputs/schema_single_agent_v1/Q234_schema_single_agent_20260724_024822.json,53017,dee782d086c40c29b55c72b8967969a8a0b6617a9f8aeb0aed19a28e83a2dee3
data/expanded_outputs/schema_single_agent_v1/Q234_schema_single_agent_20260724_024822.md,5480,0351facc44fef357ab0e488bfa875d8b80a76fe9627f86c7030014117ae8b6a8
data/expanded_outputs/schema_single_agent_v1/Q235_schema_single_agent_20260724_024832.json,92573,c34d89e0fedbaa5a118f05c6c0e40e91e7440f065e0c6ad4950af4c94dfed564
data/expanded_outputs/schema_single_agent_v1/Q235_schema_single_agent_20260724_024832.md,8319,0c987d4be6165dbd2c61755e7fdd079a118c1c2a4106b8fa6566ad83a1fce611
data/expanded_outputs/schema_single_agent_v1/Q236_schema_single_agent_20260724_024837.json,101618,6ce8905d660ff23b838886765c727351ff07f36bb3d6c7c587b1c0c564f6b087
data/expanded_outputs/schema_single_agent_v1/Q236_schema_single_agent_20260724_024837.md,8823,a7137f5290f6906cfbec7d8833712b0f6fb2f5e53adc70ee5684be74c5106cfc
data/expanded_outputs/schema_single_agent_v1/Q237_schema_single_agent_20260724_024837.json,35987,974560f2c051e8a4ea6b70e3966f2a02f4befd5c8e04cb71a43fac3c2dec9d6e
data/expanded_outputs/schema_single_agent_v1/Q237_schema_single_agent_20260724_024837.md,8187,c64419cb5d3feda31230e109dcf87e644aaf8f42e273bf9036ca2556d224ab07
data/expanded_outputs/schema_single_agent_v1/Q238_schema_single_agent_20260724_024842.json,78939,f7ffaf0641c5840cc465fd7180dda90d8311d1cc1f83cfd72798164975497348
data/expanded_outputs/schema_single_agent_v1/Q238_schema_single_agent_20260724_024842.md,9121,25c391246288c4f623d8e0e5af1872ff7a1f67696ad825b94d13a3e5d8060de4
data/expanded_outputs/schema_single_agent_v1/Q239_schema_single_agent_20260724_024837.json,33005,771ca2c3bd535c84ff49737e07cd6b46319bbdb681839309352f67055fed8296
data/expanded_outputs/schema_single_agent_v1/Q239_schema_single_agent_20260724_024837.md,5734,9fe833e392606376d4fb36c000faae3c16c6b249e955baba9f05cf289d9c38bc
data/expanded_outputs/schema_single_agent_v1/Q23_schema_single_agent_20260724_022708.json,10120,61e00810d101093d85d16c738d970307060031f9d76e480fdd16b12747a704d5
data/expanded_outputs/schema_single_agent_v1/Q23_schema_single_agent_20260724_022708.md,5304,a55483eb4bc5f6234244c5a95a3b786a54e64aa4ef4aaff866dc2bccb7bbf0dc
data/expanded_outputs/schema_single_agent_v1/Q23_schema_single_agent_20260724_022721.json,10120,6e63b16c7dd233add067225f64889eadcdc75283f71bc4a24e8f6caf2f53ce3d
data/expanded_outputs/schema_single_agent_v1/Q23_schema_single_agent_20260724_022721.md,5485,d264888c9f16dcaa904ff36d6af17560463118796fd73bda2ddb24ef67ed4451
data/expanded_outputs/schema_single_agent_v1/Q240_schema_single_agent_20260724_024853.json,64536,be05b83d7e81d460cff6b1962b61f597e6c51911d3e6ce07e6c2d170bb5d992a
data/expanded_outputs/schema_single_agent_v1/Q240_schema_single_agent_20260724_024853.md,8270,ebd5a05dfe278cd0d7e7edf0d2de308ea7cf98b65359df185d365605913add2e
data/expanded_outputs/schema_single_agent_v1/Q241_schema_single_agent_20260724_024856.json,38714,c8d58868e2f345e1ecf7db5aa7cfb76b692bcc1f4f7b110cd8af73d39c248e66
data/expanded_outputs/schema_single_agent_v1/Q241_schema_single_agent_20260724_024856.md,7636,3d6a468736a8433a476eda847940067ae140203b20d83a8a4e18c36d2b737c48
data/expanded_outputs/schema_single_agent_v1/Q242_schema_single_agent_20260724_024900.json,210088,63cbc6c03c9c883bcc215171bd6c7ac900b1ca0483c454945a14d4a20b7ab486
data/expanded_outputs/schema_single_agent_v1/Q242_schema_single_agent_20260724_024900.md,9913,a3eecee56799bf070353fed6fc2e1f6f133ced5ce904ac0d2719beb5ff4720f5
data/expanded_outputs/schema_single_agent_v1/Q243_schema_single_agent_20260724_024900.json,82731,1448c839ae5eee939e1304014d33a1fca6aef5879307c293a53a77ece9fdf249
data/expanded_outputs/schema_single_agent_v1/Q243_schema_single_agent_20260724_024900.md,9627,137a0747889c22a847fd8ab8526e479f2af350a9aa93336b673df574100243bd
data/expanded_outputs/schema_single_agent_v1/Q244_schema_single_agent_20260724_024903.json,49605,dcbc88dd35d0b98452caf712436ac1af6e9e32ef4f376944dc12b812fa56bb5c
data/expanded_outputs/schema_single_agent_v1/Q244_schema_single_agent_20260724_024903.md,7527,98920913b3d77891ee0b6e1417ac43da69ff65642fc487e8453ecbd6c35541e9
data/expanded_outputs/schema_single_agent_v1/Q245_schema_single_agent_20260724_024912.json,24280,8c249f310a2d7f7787fae5556a409f47869d8026e466d138d3a2bc4c128e8ee1
data/expanded_outputs/schema_single_agent_v1/Q245_schema_single_agent_20260724_024912.md,7626,973057d084afc0f45f30b859c36f3db5f00e4fabc8bef284fbbe5e28d890d0c7
data/expanded_outputs/schema_single_agent_v1/Q246_schema_single_agent_20260724_024922.json,76179,a04c25bdc81f2e3e06e27218322e2b5ed6ba3ba5e1d74ab9325f73fa588f0be7
data/expanded_outputs/schema_single_agent_v1/Q246_schema_single_agent_20260724_024922.md,10436,ded04f20fd1bccd262385704c79c84671d7bb1e9f2b7517cdde37b1172981869
data/expanded_outputs/schema_single_agent_v1/Q247_schema_single_agent_20260724_024921.json,21937,22db73a1b825c22eef7a5463b284691d3081858614e6616b2d7c6c72f9b58980
data/expanded_outputs/schema_single_agent_v1/Q247_schema_single_agent_20260724_024921.md,7847,2e01f858e0b79467ced3ad9a5c9c60f7db4be8fcaa090f98070f20b55794c2a1
data/expanded_outputs/schema_single_agent_v1/Q248_schema_single_agent_20260724_024915.json,34817,9b8e501120f5cedceae5efae465ef0b7fcd68fdafe2ebab4b7692b6d33972c15
data/expanded_outputs/schema_single_agent_v1/Q248_schema_single_agent_20260724_024915.md,6135,87b92e7560937c9d881c065eaa31050d43d0612e94cdbcac962d28eeee73d5ae
data/expanded_outputs/schema_single_agent_v1/Q249_schema_single_agent_20260724_024920.json,51968,da7de71c04ffe425cc6c91e2c93914a46d0cedb9422c26ec5b091745f436bea3
data/expanded_outputs/schema_single_agent_v1/Q249_schema_single_agent_20260724_024920.md,6791,dcff6272bcbbb66b290fc517be040b16d84dd1d02f2e3c1c0f3eb20a17c65d7d
data/expanded_outputs/schema_single_agent_v1/Q24_schema_single_agent_20260724_022714.json,16378,8088922ca2aeef188fd9d34d03ddae1fd948880f3337066b7d7303bb4f82816c
data/expanded_outputs/schema_single_agent_v1/Q24_schema_single_agent_20260724_022714.md,8245,020d6951074c34f80fc9a231cd054b102f53503791bccfd95b86d6079f65b413
data/expanded_outputs/schema_single_agent_v1/Q24_schema_single_agent_20260724_022725.json,16378,83e159ee55b67aa3673415494190292d8a96a9d66fb849d79cf4b1f58038585c
data/expanded_outputs/schema_single_agent_v1/Q24_schema_single_agent_20260724_022725.md,7845,50dbca75b8a6e991c3514c0f17f7e02aa6126c075c3a5c4a0addff8e055e0bd3
data/expanded_outputs/schema_single_agent_v1/Q250_schema_single_agent_20260724_024934.json,51840,ae29885a4f2c1d6e34ae51d8bb431a55467e62a58dc3fff76c2b42bd0fe8a345
data/expanded_outputs/schema_single_agent_v1/Q250_schema_single_agent_20260724_024934.md,8310,24b96feba56515ecc33c0186f3626e989282f309b6644724683e06599e4469af
data/expanded_outputs/schema_single_agent_v1/Q251_schema_single_agent_20260724_024933.json,57598,ca644f72612445bc65dc21fc8670349077b61107ae5bf57a6a6b4faa14f041c3
data/expanded_outputs/schema_single_agent_v1/Q251_schema_single_agent_20260724_024933.md,6965,08fe3afbd8feebc5369232406ea33308f50f3bcdeacfe4563bd4d329d75a5c64
data/expanded_outputs/schema_single_agent_v1/Q25_schema_single_agent_20260724_022716.json,18556,871dfb7df81eff4e1dd58b870af369c66e540d59b16a31e53656e50339d7f61f
data/expanded_outputs/schema_single_agent_v1/Q25_schema_single_agent_20260724_022716.md,8912,0849075a6662578e7946013d61afae23e525691533f81dc53d9bd3a7e28e1fa9
data/expanded_outputs/schema_single_agent_v1/Q25_schema_single_agent_20260724_022725.json,18556,5c78e978c0804dd4db6b90e1ce612637c22865d482c5c56116e9f81e8e6b4ce3
data/expanded_outputs/schema_single_agent_v1/Q25_schema_single_agent_20260724_022725.md,7503,b833660f4ad56efc490211ab06240d8ed7b2eb39c5dcb6d14a1dcf415c4c92ac
data/expanded_outputs/schema_single_agent_v1/Q26_schema_single_agent_20260724_022721.json,15558,b61cb4429cc99dc28fa4c515af5d753085e8d20a36e565c3772b364cb04d2f1f
data/expanded_outputs/schema_single_agent_v1/Q26_schema_single_agent_20260724_022721.md,6642,54847458e20442300420180c06a3bc6c6479e3c8a7d31c271143fd8a34ea29f9
data/expanded_outputs/schema_single_agent_v1/Q26_schema_single_agent_20260724_022722.json,15558,57aae46edcfefb62cb14f0fb3bf6d546db04f80b3d54e37e5b589932fa99ce91
data/expanded_outputs/schema_single_agent_v1/Q26_schema_single_agent_20260724_022722.md,5206,9b9b4437c4242754f83f0829689c5259b9255b9ed31c51ffefbab36fccbc81a8
data/expanded_outputs/schema_single_agent_v1/Q27_schema_single_agent_20260724_022728.json,22845,02ac8a374f0d5a00e2d589a06b9d1661f6425c482c6dae75d9a2df45f8767e86
data/expanded_outputs/schema_single_agent_v1/Q27_schema_single_agent_20260724_022728.md,7581,200820f36bd7122292f93df9b1467eb27166b0ecdba1e85c351a3204afe5c9c9
data/expanded_outputs/schema_single_agent_v1/Q27_schema_single_agent_20260724_022745.json,22845,a1f0119f9e88c6f0af72ed67fb81ac3efd8d3a687e11bd49f631c835236a8095
data/expanded_outputs/schema_single_agent_v1/Q27_schema_single_agent_20260724_022745.md,9732,40cdd12ca4e25d11463162209a0e89d5ae13e4e00a73180ceca6472439c04a8b
data/expanded_outputs/schema_single_agent_v1/Q28_schema_single_agent_20260724_022729.json,20428,f5305ff7d3f6fd2b4f942c4ecb6a1ac3025526d11c959fbeba97d520af59f92b
data/expanded_outputs/schema_single_agent_v1/Q28_schema_single_agent_20260724_022729.md,7445,68651dffe0b55e8b1475d02356eb0224350a79492836c123c47bacc3c2ff3894
data/expanded_outputs/schema_single_agent_v1/Q28_schema_single_agent_20260724_022740.json,20428,62029500848ab2c57eb4f2241bd0c6d7628e66047cdcb29e905d24c87ef7f3cd
data/expanded_outputs/schema_single_agent_v1/Q28_schema_single_agent_20260724_022740.md,7844,d103127d763c91475d605aaa2161b0b15aa0c1e24e0ef0a3aa3b63ad8f4b24e7
data/expanded_outputs/schema_single_agent_v1/Q29_schema_single_agent_20260724_022727.json,18535,8f1625b54b433ac2c63abce6c440fd7b6c73e791f90aa136de590749ccd62c5a
data/expanded_outputs/schema_single_agent_v1/Q29_schema_single_agent_20260724_022727.md,5793,0dc1cc26b9f6b951890ffab6319abb25ec8b19bedc60aad3a972cc4402648f1a
data/expanded_outputs/schema_single_agent_v1/Q29_schema_single_agent_20260724_022738.json,18535,47eab67cbb022526db3489b55f9decf5c936d0a6f79066f61582234a6dcf9e27
data/expanded_outputs/schema_single_agent_v1/Q29_schema_single_agent_20260724_022738.md,5764,91196b5276856c75ad2a4fbb8539569266e2ed11fe030513cfd44462dd930afb
data/expanded_outputs/schema_single_agent_v1/Q30_schema_single_agent_20260724_022740.json,21360,54481aa43fa35aa7871cac359e21116e735895ec6de992dbb7577e6cd3b5aeb4
data/expanded_outputs/schema_single_agent_v1/Q30_schema_single_agent_20260724_022740.md,6868,76ff2ddb00c8d21f615d65396c52a5ac1b4d670782b31daa5eb8f9dce98d54af
data/expanded_outputs/schema_single_agent_v1/Q31_schema_single_agent_20260724_022737.json,18577,d5854fdf91e00288bcfb3e949306f3b735d603a83294c0ce6193278b19c6d271
data/expanded_outputs/schema_single_agent_v1/Q31_schema_single_agent_20260724_022737.md,6260,c9cea046539c2b999f655ece38ddbeb6bf30f7c136f678e9035fe85c95ad105c
data/expanded_outputs/schema_single_agent_v1/Q31_schema_single_agent_20260724_022742.json,18577,044b8d87feea7c70051ef2dfdc3f2cb2b353daceec0196b84227646b4e65986c
data/expanded_outputs/schema_single_agent_v1/Q31_schema_single_agent_20260724_022742.md,6486,01d3ddd97980052b760ae0ad6fd12625c97f7464d26ea06c20743c542c32cce9
data/expanded_outputs/schema_single_agent_v1/Q32_schema_single_agent_20260724_022747.json,18577,335c0606a7305e4dc9fc1441be38b2af94b6c0f09bdb0c4cc44bb58f2153c85b
data/expanded_outputs/schema_single_agent_v1/Q32_schema_single_agent_20260724_022747.md,9090,cf3c3fedb27af1cc13113142be9601852aae1b17fa771298c7037726050bd57e
data/expanded_outputs/schema_single_agent_v1/Q32_schema_single_agent_20260724_022759.json,18577,e821efb065f66e4a12428c8cfcd0057e3810f8dceb4f68939a40318ff92955b0
data/expanded_outputs/schema_single_agent_v1/Q32_schema_single_agent_20260724_022759.md,8328,e03b10a605c3d35f5a7d6243cf16b33a0a0dd5f81083cb935a98ac6f1a6dbd39
data/expanded_outputs/schema_single_agent_v1/Q33_schema_single_agent_20260724_022741.json,15616,8d875c3d540b06440979c66e1595899a7dec39fd97c7ed4be13c490750c43bf4
data/expanded_outputs/schema_single_agent_v1/Q33_schema_single_agent_20260724_022741.md,5606,77ac41865d6620625c10a3368d52a4fc5f64745c56c6f8622797581a5a274176
data/expanded_outputs/schema_single_agent_v1/Q33_schema_single_agent_20260724_022754.json,15616,2e6f64e679984d976c6f91e4a4c8b29291f35f1c86569fd9342ac575ef7ada4d
data/expanded_outputs/schema_single_agent_v1/Q33_schema_single_agent_20260724_022754.md,6081,67855b8b8e955026bfcf674218896f104ca07ef971661c5a8f902d10ca4fb6f6
data/expanded_outputs/schema_single_agent_v1/Q34_schema_single_agent_20260724_022746.json,18574,379b9939f2fe43a63e8c7dcf447ff68a6414b3944433668e1521010c75c0bf31
data/expanded_outputs/schema_single_agent_v1/Q34_schema_single_agent_20260724_022746.md,7716,0a7dadc6a10ac0fba546faae888498d0bedc6da5c9c06479c3e2f06ce9437800
data/expanded_outputs/schema_single_agent_v1/Q34_schema_single_agent_20260724_022755.json,18574,c28d2c1327e91b35875a4fa268f52441262c6129a1f1d56fc44ca0cc4fae3e2e
data/expanded_outputs/schema_single_agent_v1/Q34_schema_single_agent_20260724_022755.md,5889,992f153fc03b622612e0243eb2dd9ff353bc735d688f5eda2ce15163c1662feb
data/expanded_outputs/schema_single_agent_v1/Q35_schema_single_agent_20260724_022756.json,18571,833b0b10fdb1918a080621a4e670126bb24f46f37e78773364a8614c7c0932dd
data/expanded_outputs/schema_single_agent_v1/Q35_schema_single_agent_20260724_022756.md,7760,9708d39998d781ab29243bf8b9c51fa1f8cc7f3034d84f2ac40cf0d8ee5c514a
data/expanded_outputs/schema_single_agent_v1/Q35_schema_single_agent_20260724_022759.json,18571,e05334fa2ffbcd373f3624a2d279e41355472c75b032ceb8ce33e1cdff4163b3
data/expanded_outputs/schema_single_agent_v1/Q35_schema_single_agent_20260724_022759.md,6812,1e81f14ccbee838218bdd39bd821a316d02a0af55ee501d078a069d77527d497
data/expanded_outputs/schema_single_agent_v1/Q36_schema_single_agent_20260724_022755.json,19708,0154b1d5e90313fe269fbe32ab459b5a0d0bb726cb61b207e6c9a68ec98151b3
data/expanded_outputs/schema_single_agent_v1/Q36_schema_single_agent_20260724_022755.md,6407,a8050c443f6d06ee8adbb0120a89d6fd8fabdcc5febdd9c46210dec131891d24
data/expanded_outputs/schema_single_agent_v1/Q36_schema_single_agent_20260724_022803.json,19707,d06a512258abd874a50048876968c4f3aafaacf8454bdabc421dbcbce4bccd12
data/expanded_outputs/schema_single_agent_v1/Q36_schema_single_agent_20260724_022803.md,6658,ba077a38e99374850eb2e89172c57f24181482893ccdd26fe2d21907340f54fc
data/expanded_outputs/schema_single_agent_v1/Q37_schema_single_agent_20260724_022755.json,32476,a323415027941d6cb5514f80ac6a7ed3540e9c568f0a2e1ebcbec36793189d0c
data/expanded_outputs/schema_single_agent_v1/Q37_schema_single_agent_20260724_022755.md,6289,55e8ad4279f648aa2e25c394274dbc7f00f30a59b02e39ae2d1d9058ffeea0ba
data/expanded_outputs/schema_single_agent_v1/Q37_schema_single_agent_20260724_022809.json,32476,ed41372dd9ec43a592638bcdc8bf010a293c66a2f407ff04ab8da17458dfb0b2
data/expanded_outputs/schema_single_agent_v1/Q37_schema_single_agent_20260724_022809.md,6400,7cbb96981e6149f231227b86ab0128b706c865641c3c8fe4ebfdde34aaf77d23
data/expanded_outputs/schema_single_agent_v1/Q38_schema_single_agent_20260724_022809.json,24919,c241f38f31151b5240c37c2acc9fc37291aa06a4027b89c2cd8d47a169709535
data/expanded_outputs/schema_single_agent_v1/Q38_schema_single_agent_20260724_022809.md,10883,c888e3b29832285d95508d3425490d7d1397f38ea8e6837718c46259e5179e16
data/expanded_outputs/schema_single_agent_v1/Q38_schema_single_agent_20260724_022817.json,24919,edc589d494f73f3a5d46bfb8040f4172938600bb63258f54c673c0f8ad209353
data/expanded_outputs/schema_single_agent_v1/Q38_schema_single_agent_20260724_022817.md,9595,4ff5b12c8fcf1c0977d327cb526d852ba6648a2b7b5afac3956af1a708449113
data/expanded_outputs/schema_single_agent_v1/Q39_schema_single_agent_20260724_022801.json,21518,c503558644362d115e5e8d2232828b3e89385a09a3f1293a8c2097426024154d
data/expanded_outputs/schema_single_agent_v1/Q39_schema_single_agent_20260724_022801.md,6230,18872e9b5df150d2a37647c3d8d9af35a67ac43d6187b49ae9406c2393c0951c
data/expanded_outputs/schema_single_agent_v1/Q39_schema_single_agent_20260724_022816.json,21518,f06ef2cb8f15cfcb55ddf6f494d64bb8829457a09941eb59776761474e5cc80d
data/expanded_outputs/schema_single_agent_v1/Q39_schema_single_agent_20260724_022816.md,6071,47e098cf286abd23a81e62cf367d1344d0c2176f30db32398b4396eac7eff730
data/expanded_outputs/schema_single_agent_v1/Q40_schema_single_agent_20260724_022811.json,46610,821ad6a86d3205319d29b7ddbc67d08c955851a905159aa0c49504635cf85e8f
data/expanded_outputs/schema_single_agent_v1/Q40_schema_single_agent_20260724_022811.md,6824,a01f45c013697b15bb4254e56ebcc0953b61dbf07055d4c5e1aa51c50a46dd84
data/expanded_outputs/schema_single_agent_v1/Q40_schema_single_agent_20260724_022812.json,46610,ef552ad186791fa70f2a8ff9f1ae0cb3d8b4150682bfb6d54c1e85d3f0e2b5c2
data/expanded_outputs/schema_single_agent_v1/Q40_schema_single_agent_20260724_022812.md,5617,6c7b91b0836c2b56c036e67f635f589a26f878137b63bc01fc6a7e281bbe896c
data/expanded_outputs/schema_single_agent_v1/Q41_schema_single_agent_20260724_022810.json,15608,c9f2288fd3f54d79d3e359370aea9ae03fc64e3e7b88a3e22f03f399c732b50a
data/expanded_outputs/schema_single_agent_v1/Q41_schema_single_agent_20260724_022810.md,7050,55e9f62aef445a52ca4609714b25dea479b79a8d5a5e7e441fd802fae11a347a
data/expanded_outputs/schema_single_agent_v1/Q41_schema_single_agent_20260724_022817.json,15609,2bc8eb558bbd7fa46eb240c866d9ee136306205b7163fec43cb8dcef051fd8ab
data/expanded_outputs/schema_single_agent_v1/Q41_schema_single_agent_20260724_022817.md,6351,56c632ec18dea0aadb323387bb4c73d0936fe11999abc577ebe4f7fabec41fd7
data/expanded_outputs/schema_single_agent_v1/Q42_schema_single_agent_20260724_022809.json,21359,f9eee63d31db216e2681aa20546a92d43e0b5b6fac6da8d24f37f0133b51448b
data/expanded_outputs/schema_single_agent_v1/Q42_schema_single_agent_20260724_022809.md,4728,32062561c3af9f30486dbf7a2df8343f1ef941b84153b26b280f30bbb39913e5
data/expanded_outputs/schema_single_agent_v1/Q42_schema_single_agent_20260724_022821.json,21359,3c6b1396d00e55a94106e601046a5758552a226fa4bb68a96834fb3ddc72b8e6
data/expanded_outputs/schema_single_agent_v1/Q42_schema_single_agent_20260724_022821.md,5530,614e56ad8b42688687775b367fefc78c5801bd15bf0f77a6e1f444823577b995
data/expanded_outputs/schema_single_agent_v1/Q43_schema_single_agent_20260724_022813.json,18562,fa7875fd1947f5cb7f031adc1b010582b56a7b495e67ca65ee69cccef91ecbfe
data/expanded_outputs/schema_single_agent_v1/Q43_schema_single_agent_20260724_022813.md,5632,54b61103be2536969eeb3fbc80cdbb71098198e12434fbab7f85273b3838aed4
data/expanded_outputs/schema_single_agent_v1/Q43_schema_single_agent_20260724_022829.json,18562,7d77a5d08f7663c69f28d1c337f910a3b094c76c2a7c2901a3f395cf1c8ef21c
data/expanded_outputs/schema_single_agent_v1/Q43_schema_single_agent_20260724_022829.md,5542,4336c18329c4d32aeda8632fdbb91b159e942f830319c48a88b2ceb10e76ee7c
data/expanded_outputs/schema_single_agent_v1/Q44_schema_single_agent_20260724_022825.json,21561,ed82ec9059cf0e43ec5604f7e98ad033399c758fd55358c962919baf470c7a58
data/expanded_outputs/schema_single_agent_v1/Q44_schema_single_agent_20260724_022825.md,6868,9f6b11a5f5cbf9571478a918a74ef5d15c4f92a382d0f32a7e74f2ef1c00d98a
data/expanded_outputs/schema_single_agent_v1/Q44_schema_single_agent_20260724_022830.json,21561,31e3ed61a6c30d772a0ceece26333f280f215e6c24b2897409914cab0bfcb100
data/expanded_outputs/schema_single_agent_v1/Q44_schema_single_agent_20260724_022830.md,6267,8193bf964e8bf92924816314c925d52dd083da398adbfa758dbf2ba8d52d2c9f
data/expanded_outputs/schema_single_agent_v1/Q45_schema_single_agent_20260724_022824.json,9034,9eb9daf4698c4ff541ad85aa7cc859048e17481dc52b98dca4d2507a59cdf5e4
data/expanded_outputs/schema_single_agent_v1/Q45_schema_single_agent_20260724_022824.md,5505,541432c79b13f0cc225433d0b44eca559401cfe940f9128e128ebaf1e9bfba63
data/expanded_outputs/schema_single_agent_v1/Q45_schema_single_agent_20260724_022831.json,9034,9720d797ad3135ec16602f299ed1e4c3dce757aa1374312f884647e0be3f2e4e
data/expanded_outputs/schema_single_agent_v1/Q45_schema_single_agent_20260724_022831.md,5540,c16e912595e58067e3bd4fcd482f2bb275b76d723da3509ff3bb91c37ef9ac49
data/expanded_outputs/schema_single_agent_v1/Q46_schema_single_agent_20260724_022824.json,18568,e6e266833676e704a7855d312b3acfe892e30aa8c1c8b566b9d44a4be8f0d883
data/expanded_outputs/schema_single_agent_v1/Q46_schema_single_agent_20260724_022824.md,5811,33920060edc6f3a3a672da4dd719c0a9c75131c28e6fd2abef303e102c793144
data/expanded_outputs/schema_single_agent_v1/Q46_schema_single_agent_20260724_022832.json,18568,8907b367fb9427a7d027bb8730ecea0cc015972ff1b3276cfa3048dc2e3a0cd9
data/expanded_outputs/schema_single_agent_v1/Q46_schema_single_agent_20260724_022832.md,5884,420a574fcc2dbd8b92d478df503b5fd15e3ca6ed03b70a781e6985b48ee4c8f8
data/expanded_outputs/schema_single_agent_v1/Q47_schema_single_agent_20260724_022823.json,18568,fba09d118574e5f6bacc11ef550984f73068e5fb158fd79f8d6b9fd9bba3ecd9
data/expanded_outputs/schema_single_agent_v1/Q47_schema_single_agent_20260724_022823.md,4969,12d8fa7126ca06c20859a4e86d47329745de60eb2843957edb87f8308a711217
data/expanded_outputs/schema_single_agent_v1/Q47_schema_single_agent_20260724_022844.json,18568,733b93a8a3ad1070e37c3eea99392ed098d1313c8b7319041cf5e8e7bd85fe3e
data/expanded_outputs/schema_single_agent_v1/Q47_schema_single_agent_20260724_022844.md,8449,c5e31ffa515140ba8b33a6a75004d85aedd56ed4c1e236fba79ebf938ae214f8
data/expanded_outputs/schema_single_agent_v1/Q48_schema_single_agent_20260724_022826.json,18556,bdd9080b79d41f0e5c4ce966a865410582f70bcfe8901dd7a9bcb1edff580463
data/expanded_outputs/schema_single_agent_v1/Q48_schema_single_agent_20260724_022826.md,4969,c61a272e6375dc31b99dd9496ec88ed849cdf5a2277fd61fc378a7451043a6e2
data/expanded_outputs/schema_single_agent_v1/Q49_schema_single_agent_20260724_022842.json,19253,ed5634e8075179b2aafa518fd415af8367cff08f335bacda6c7c75096504f1ae
data/expanded_outputs/schema_single_agent_v1/Q49_schema_single_agent_20260724_022842.md,5810,f15283a0b0616264bc5af052377646088e5e3e6f412f383c348d1f3033ff483a
data/expanded_outputs/schema_single_agent_v1/Q49_schema_single_agent_20260724_022859.json,19253,155b164cbddc0f8da29d66f58e42bcc124531e6e36db62baa42c2570c48ec5f9
data/expanded_outputs/schema_single_agent_v1/Q49_schema_single_agent_20260724_022859.md,7168,e1ee8ddf96e8ae73cc303de6e053a7e3dfbde71b05daf0ffe1dc03d75aa30ed7
data/expanded_outputs/schema_single_agent_v1/Q50_schema_single_agent_20260724_022844.json,18565,cfaeb696552b9ce8990d52159bed03dfc5f6963442dd099e40eccea72be107fb
data/expanded_outputs/schema_single_agent_v1/Q50_schema_single_agent_20260724_022844.md,6682,7ef44b660bac695a020b344d50fe83f112633e24986a0d4bdd7423183f469788
data/expanded_outputs/schema_single_agent_v1/Q50_schema_single_agent_20260724_022857.json,18565,7e153f35fd0b1b0d81cd8eeaa77a86e930c6ac034f226fcfb24d4fca2f3772a3
data/expanded_outputs/schema_single_agent_v1/Q50_schema_single_agent_20260724_022857.md,5563,2d0f1186a3b241c65c030ee7c081e242820fd36906a86599e103b25c826d414b
data/expanded_outputs/schema_single_agent_v1/Q51_schema_single_agent_20260724_022850.json,17535,e9900707d91c0c9111d317fa12120ea4b82dc7fdfd8d0783bbbc23d778bf0821
data/expanded_outputs/schema_single_agent_v1/Q51_schema_single_agent_20260724_022850.md,7168,f45e5a9835502e633f12526e8414343f165d12716c007f22199386e2bd14e57a
data/expanded_outputs/schema_single_agent_v1/Q51_schema_single_agent_20260724_022854.json,17535,41c5bd5741b0b728cc43039f1b36cea373ddd2d7399f309a95ba56a3254d0438
data/expanded_outputs/schema_single_agent_v1/Q51_schema_single_agent_20260724_022854.md,9876,ae697fdd3bc65b978a0e974788e32c85a54c78dc52df21d4b971bedc8c1fdf95
data/expanded_outputs/schema_single_agent_v1/Q52_schema_single_agent_20260724_022850.json,11952,b25f1f5900d9b71c7cd4f70641459c8049e58e0c38ce1c889ab8fbe2516852d4
data/expanded_outputs/schema_single_agent_v1/Q52_schema_single_agent_20260724_022850.md,6555,52528db9ddd57424be7a9a87acd0dfbb0b30624be1da534d6800b0e2093f416c
data/expanded_outputs/schema_single_agent_v1/Q52_schema_single_agent_20260724_022855.json,11952,0bf85acdc6d4cd44f21d21fff8c8a554b91fccbc588a8925443c19f285efb93c
data/expanded_outputs/schema_single_agent_v1/Q52_schema_single_agent_20260724_022855.md,5042,67503edba7625ae854fdadc9b4e5b14a85bafe3fd7858fe5638f50a06190abc4
data/expanded_outputs/schema_single_agent_v1/Q53_schema_single_agent_20260724_022851.json,12694,fef0065162a08d7c6af68e7e0bcde30b5b096e8020c49a422de91b019bcf05e9
data/expanded_outputs/schema_single_agent_v1/Q53_schema_single_agent_20260724_022851.md,7678,328391c0c0144aebad0f6d855807f351619e6adac097b8661c898926c2d1d0e3
data/expanded_outputs/schema_single_agent_v1/Q53_schema_single_agent_20260724_022903.json,12694,bee59901861d68f40c783d437e42ebfaa716ff611ee228d0a8897ca2ae10b42a
data/expanded_outputs/schema_single_agent_v1/Q53_schema_single_agent_20260724_022903.md,6920,5e03331e4dc7a00e1bc60d4fd675c6b167a17d3821a1bf2ba5cca968e1cf5b74
data/expanded_outputs/schema_single_agent_v1/Q54_schema_single_agent_20260724_022856.json,10126,5666e251a42ea071943a37f5988ec61450f7b309c95c5b3cd5b06deb7316a4e8
data/expanded_outputs/schema_single_agent_v1/Q54_schema_single_agent_20260724_022856.md,5078,49d8b3d7dc35281ff784f66e482c987fde75e93686d9e2504928afe708334f72
data/expanded_outputs/schema_single_agent_v1/Q54_schema_single_agent_20260724_022907.json,10125,5369eb55ccf4ebd36ebce05aa1acc7a59eda78b1db60fb8ebef14ec5de45db6e
data/expanded_outputs/schema_single_agent_v1/Q54_schema_single_agent_20260724_022907.md,5596,113d8a0e5368de9d609a01f9f13055c1640fd7900f0fcee44e4f572baa8652db
data/expanded_outputs/schema_single_agent_v1/Q55_schema_single_agent_20260724_022856.json,11958,eeb419c019cf89b01ef27902d0ad711e030ec004c9d407e1c02ced42a651a887
data/expanded_outputs/schema_single_agent_v1/Q55_schema_single_agent_20260724_022856.md,5663,0952ec455ddde819b7dfd0ac980ec8af87e0b3d61de7c893457eea2114434816
data/expanded_outputs/schema_single_agent_v1/Q55_schema_single_agent_20260724_022907.json,11956,1bcf94a49f79cba126fdce35bdc5677fc1d89da42a913075f4d083a175e76b22
data/expanded_outputs/schema_single_agent_v1/Q55_schema_single_agent_20260724_022907.md,5047,18e384d47247d5a229bd09b419413eaf22cdfd8141a8a90d073aaa4267cbbda6
data/expanded_outputs/schema_single_agent_v1/Q56_schema_single_agent_20260724_022909.json,32889,5a59182ad9839657c691e74f194cd7472daee4733014f224af70841eccfc255d
data/expanded_outputs/schema_single_agent_v1/Q56_schema_single_agent_20260724_022909.md,8316,a366a51795c416bfd61e62b952c41d2ea39d963da853edef491d6752dc9cb612
data/expanded_outputs/schema_single_agent_v1/Q56_schema_single_agent_20260724_022912.json,32888,368663f7298364cee69180bfe54c5831bd3c8ab8ffbd09530b1ac088959a390c
data/expanded_outputs/schema_single_agent_v1/Q56_schema_single_agent_20260724_022912.md,6646,97de3a8a5f59a97a54587b888875f2197bb10494ce87620cc1185de0701700a6
data/expanded_outputs/schema_single_agent_v1/Q57_schema_single_agent_20260724_022906.json,17904,283c607730cf24c6a81074beb0c64a90405add421c4ce1e7334c92bc657c7999
data/expanded_outputs/schema_single_agent_v1/Q57_schema_single_agent_20260724_022906.md,5702,dc7e0a05901682e1875ce61ee6a557fbbf7705f759379dcb3500c2a69d80d22f
data/expanded_outputs/schema_single_agent_v1/Q57_schema_single_agent_20260724_022919.json,17904,2fac6f66091c25dba0815b2ad4c83a03f82bb584ad6a8bc4a33f151431c7e4f5
data/expanded_outputs/schema_single_agent_v1/Q57_schema_single_agent_20260724_022919.md,6866,0b516d459615e356e3113d837989cd929699cbca5b8b54baf61e899974541161
data/expanded_outputs/schema_single_agent_v1/Q58_schema_single_agent_20260724_022905.json,21344,f04819929d987056edfc2d6230c1d18d2abbd585b5efae6eca447abf3b1926b4
data/expanded_outputs/schema_single_agent_v1/Q58_schema_single_agent_20260724_022905.md,5615,8a7274846ae4156ffdb62363e5317b935e33f99241d93ea93602c16f85fb5584
data/expanded_outputs/schema_single_agent_v1/Q58_schema_single_agent_20260724_022919.json,21343,0155d4b3b0743750bbcc2d69ed572adbb97dd497f853b9608d2344881762b383
data/expanded_outputs/schema_single_agent_v1/Q58_schema_single_agent_20260724_022919.md,6449,34c232c5b33fe6d754fa7d2e1ecb9f6f87d478103132fc3241ff5028226e3112
data/expanded_outputs/schema_single_agent_v1/Q59_schema_single_agent_20260724_022908.json,9032,ac6b5efe264903dea933ee49e189a5a190ce93a229db34b14f932d29f184a6cb
data/expanded_outputs/schema_single_agent_v1/Q59_schema_single_agent_20260724_022908.md,5853,167485d2b615d421927f2f23c4fe145bd93ed1320aae698899668e3a16d5fdc0
data/expanded_outputs/schema_single_agent_v1/Q59_schema_single_agent_20260724_022919.json,9032,2479c6ee043a7ac86e214d4c40028784fdbf126b8b0f608976757004dab29dd9
data/expanded_outputs/schema_single_agent_v1/Q59_schema_single_agent_20260724_022919.md,4174,5324db401a45a1d1afb700e281bc18a6a22ff1357970498c78ef06b0832a70a4
data/expanded_outputs/schema_single_agent_v1/Q60_schema_single_agent_20260724_022909.json,20298,30b06e96f7fc580f5d6d4ac16d8205af20dcc95b16d964364c99f010c16cd493
data/expanded_outputs/schema_single_agent_v1/Q60_schema_single_agent_20260724_022909.md,5804,dc5990bce78c1e9df9d10be52633f771a834d3aa064d27bf23e34969d48ced3b
data/expanded_outputs/schema_single_agent_v1/Q60_schema_single_agent_20260724_022921.json,20298,44e53fda161ccb05c28e510c40a4b154c91c2b9dda4161fca73b69952d29cc99
data/expanded_outputs/schema_single_agent_v1/Q60_schema_single_agent_20260724_022921.md,5176,c8f0a6ebffda57a82e6c72a06c454710b61d42e9d0dcc26ebab83a6c99521af8
data/expanded_outputs/schema_single_agent_v1/Q61_schema_single_agent_20260724_022921.json,18563,3baaeb9ed387f8e65f2bd0f2b87fe154791a6566dc3c26af42e641f11a9700e4
data/expanded_outputs/schema_single_agent_v1/Q61_schema_single_agent_20260724_022921.md,7244,e4396cec5b3cbc63e122c5780d0bd22df2618865dbf6c8da2aae122538ef3368
data/expanded_outputs/schema_single_agent_v1/Q61_schema_single_agent_20260724_022930.json,18563,a372899b4538864778634d8d638203bc3332de189b707286d66493a2cd0fba82
data/expanded_outputs/schema_single_agent_v1/Q61_schema_single_agent_20260724_022930.md,7488,bb771aa694769f53dbac6f7ab394de6b15e1e2593a3541efd9ee5ab5ed8575ca
data/expanded_outputs/schema_single_agent_v1/Q62_schema_single_agent_20260724_022917.json,18557,8cb13545e1c7b40ebf15dd007427c60665e5baea47b6c879783d5f341d5f1532
data/expanded_outputs/schema_single_agent_v1/Q62_schema_single_agent_20260724_022917.md,4970,82c217b579335271fb27c5bc7651ca228da30ba77bba7ee7568187fd4e16ecf0
data/expanded_outputs/schema_single_agent_v1/Q63_schema_single_agent_20260724_022920.json,18566,f95784de1f7b6c093f148302a93d7e6effa19876ffe39471c7381fef937386f1
data/expanded_outputs/schema_single_agent_v1/Q63_schema_single_agent_20260724_022920.md,5185,f2e7946bb325baf9fbd09e06a031bfb91628008864242cb5bbfe04f5a92d87c1
data/expanded_outputs/schema_single_agent_v1/Q63_schema_single_agent_20260724_022935.json,18565,a38c0654d6ec4c029c2b5be9db5feab610ee19aeb29f41538d3c9c7b74cf9b41
data/expanded_outputs/schema_single_agent_v1/Q63_schema_single_agent_20260724_022935.md,6175,3e3e00b1170941321ac265367b92bbffd9a2aedbc01e34ed1db9362676062201
data/expanded_outputs/schema_single_agent_v1/Q64_schema_single_agent_20260724_022921.json,17100,11cf9d67a53afc3e9496a12ad058c56ff0810f898a2659265fec28c9d6408262
data/expanded_outputs/schema_single_agent_v1/Q64_schema_single_agent_20260724_022921.md,6075,7df4ce2689cde37e4910192f1c8e6165a3ed9ee45eeb537d7440a63b2ebc3d57
data/expanded_outputs/schema_single_agent_v1/Q64_schema_single_agent_20260724_022932.json,17100,6ba11da933dddb0a87ed96b9c01f17d6ac044c579dd8d79a7a5884a4346de844
data/expanded_outputs/schema_single_agent_v1/Q64_schema_single_agent_20260724_022932.md,5701,9e07c4803c947078825a65d8a792ca01c912bcc9153b281dd7c4aac712ac1af8
data/expanded_outputs/schema_single_agent_v1/Q65_schema_single_agent_20260724_022925.json,18610,9d45a77fe5eedb3e887c1a6b9ba59763c1121377494caf3ff4db6ce6561b2ddb
data/expanded_outputs/schema_single_agent_v1/Q65_schema_single_agent_20260724_022925.md,6789,0b34e98d1c4f9a17361dc634ff17ff2a091e2e3a79055f7b62c11f20a2bdd1bc
data/expanded_outputs/schema_single_agent_v1/Q65_schema_single_agent_20260724_022936.json,18610,c53d4664fa838ae9da07de99cc0167174e769a0160a2af5b577bb99954253ea0
data/expanded_outputs/schema_single_agent_v1/Q65_schema_single_agent_20260724_022936.md,7632,25f23861942986fd1ec55650326636b3655e72bfc6b70618f29be57b4955cbf8
data/expanded_outputs/schema_single_agent_v1/Q66_schema_single_agent_20260724_022933.json,18566,6199fba073fb24c7a12134a34d55254e746ecd88c6b08da83b2f1805ac74d02d
data/expanded_outputs/schema_single_agent_v1/Q66_schema_single_agent_20260724_022933.md,6511,f92952cd6f8c187b7858b3cf3e0e5a5f7c4fa523ec0f0082a2e5cb319782c729
data/expanded_outputs/schema_single_agent_v1/Q66_schema_single_agent_20260724_022937.json,18566,22c89aa7f5de2144d068e8890b4141be5074d153d8627fe5992f9764240916b2
data/expanded_outputs/schema_single_agent_v1/Q66_schema_single_agent_20260724_022937.md,6435,4fcd7421282b3a5c23b938f17654911d6281176095b82761113829f77631d35c
data/expanded_outputs/schema_single_agent_v1/Q67_schema_single_agent_20260724_022935.json,19311,da95fc2193e27121f46e4bc1a0d3a2855f4b2c7509496da87aa1a98afcb0d191
data/expanded_outputs/schema_single_agent_v1/Q67_schema_single_agent_20260724_022935.md,6018,f08200c69956140af104c9e5aab2b6417677341206f9c27df89b0edc2d1946a8
data/expanded_outputs/schema_single_agent_v1/Q67_schema_single_agent_20260724_022947.json,19311,2c404dfc4eb560583049caddda50ae2d99b1f40baa37d4208d0cafb15d3e61f4
data/expanded_outputs/schema_single_agent_v1/Q67_schema_single_agent_20260724_022947.md,6450,6edd0c67f882dae88118d374ae377e277bbd1986057411eac748daa7b5d21ece
data/expanded_outputs/schema_single_agent_v1/Q68_schema_single_agent_20260724_022937.json,18572,8d02b8120741b4f24bd3d8218b7f1ffd5444411de3da3f679de8846d63872310
data/expanded_outputs/schema_single_agent_v1/Q68_schema_single_agent_20260724_022937.md,6651,c8a0ee9533d0b930fee2902dbfab1bf6e8e25c40007f5f1c581695003158849f
data/expanded_outputs/schema_single_agent_v1/Q68_schema_single_agent_20260724_022948.json,18572,b6a35ef36ead5556e4e0aa5522d61587ae6b60025e9a81ea8af09ba7ec6db84d
data/expanded_outputs/schema_single_agent_v1/Q68_schema_single_agent_20260724_022948.md,7433,2393d6e098d7a78df2f2bd6852671d8a26cb5a2d9d176650e9bcca3637212339
data/expanded_outputs/schema_single_agent_v1/Q69_schema_single_agent_20260724_022938.json,18563,3806846d81f30ca7efaefedff9e577a483878523b2205262b4326d7241df18ed
data/expanded_outputs/schema_single_agent_v1/Q69_schema_single_agent_20260724_022938.md,6481,3f4c6905a3fb418b0f4664d37e2bf0a9c3fca0d112c2a679c181092626db9987
data/expanded_outputs/schema_single_agent_v1/Q69_schema_single_agent_20260724_022951.json,18563,b7284e467ef474d5fab8b81d4d43fbd4c25b45363e653f032d29ea794daea9d2
data/expanded_outputs/schema_single_agent_v1/Q69_schema_single_agent_20260724_022951.md,6614,3be38bca33d46c2683ca78d2b7e187a2f54c5f47f4f282d7594bb8f82e0d2639
data/expanded_outputs/schema_single_agent_v1/Q70_schema_single_agent_20260724_022942.json,72394,f31758730058c2ff4c48ae4e13fa158a151788e4548654faf61a4fb49310335d
data/expanded_outputs/schema_single_agent_v1/Q70_schema_single_agent_20260724_022942.md,7994,470f52e1b9f41d3f2bbbb29e358189dcba372b382046d869f0080b2f55aee8cf
data/expanded_outputs/schema_single_agent_v1/Q70_schema_single_agent_20260724_022949.json,72394,384cba38dee588eb03a489c2ba2e5fc936b9a96ee05848b2af09612f31b9ca85
data/expanded_outputs/schema_single_agent_v1/Q70_schema_single_agent_20260724_022949.md,5624,36b3e464addce50c7b3e2fd4ede38f838a7bbe00db95471522622ae2f307ac43
data/expanded_outputs/schema_single_agent_v1/Q71_schema_single_agent_20260724_022949.json,48024,50f7f9b7096c88263e99c61565ec0a5fc7932a94a5e4f9db22041be056d2016e
data/expanded_outputs/schema_single_agent_v1/Q71_schema_single_agent_20260724_022949.md,6523,9f96aadaba6178b32704134da846f9b2b916ef9348b94f8dda40cb9caa4d49dd
data/expanded_outputs/schema_single_agent_v1/Q71_schema_single_agent_20260724_022955.json,48024,9f4ac6f96862a4552e5d26af6fa03eb02fed277bf57088855ec3cf149580e22f
data/expanded_outputs/schema_single_agent_v1/Q71_schema_single_agent_20260724_022955.md,7999,832bd279d84d69b60276a903a75e6aba7e379dccbc90e4e239deb344706e3f9b
data/expanded_outputs/schema_single_agent_v1/Q72_schema_single_agent_20260724_022948.json,12442,a6fa10100066217cdec60e014286360895c757649c75e9dd3860b29fc679b321
data/expanded_outputs/schema_single_agent_v1/Q72_schema_single_agent_20260724_022948.md,5845,3f99a308edc49cae28b45f7495c61c40efda581af416627f98aa1a8721ae550f
data/expanded_outputs/schema_single_agent_v1/Q72_schema_single_agent_20260724_022958.json,12442,74efca453872ff51774085a1f206f3d8d81ee2b6b0fbfbd0a67e25b31db9fccc
data/expanded_outputs/schema_single_agent_v1/Q72_schema_single_agent_20260724_022958.md,4985,e95857ccfda23476cd2bf45edecabd79becf7a72931e3a379fe9abd4749edbda
data/expanded_outputs/schema_single_agent_v1/Q73_schema_single_agent_20260724_022957.json,18599,cee22cc538b7f366d1014a0fc103e0bb63a85cc1771ea26905fb78156bba9810
data/expanded_outputs/schema_single_agent_v1/Q73_schema_single_agent_20260724_022957.md,8587,76995256138d8204a2f24f095445d9f31d972a313e37204e409c099eece30878
data/expanded_outputs/schema_single_agent_v1/Q73_schema_single_agent_20260724_023002.json,18599,a06bb6eac66d7b938c348f38443cd0816d43b5afb8348e42478b86cadb968ef7
data/expanded_outputs/schema_single_agent_v1/Q73_schema_single_agent_20260724_023002.md,6320,5f64eb5766ef393631059df46e9746930dfada1e2d34b201953b4c2b78d00314
data/expanded_outputs/schema_single_agent_v1/Q74_schema_single_agent_20260724_022954.json,159468,72d5241665921dc6e52410b4efa7857e67b66b970aaed133ffbb66bb08c0b5c8
data/expanded_outputs/schema_single_agent_v1/Q74_schema_single_agent_20260724_022954.md,6518,fd3fa16b1c7ca9505969aadd625660e2da275b1393a7ff5a7108942fec176713
data/expanded_outputs/schema_single_agent_v1/Q74_schema_single_agent_20260724_023005.json,159467,d0a2071dcf2bdb9e10d9138f8ccb3d1ce9a5103ccdf6ef4db2447a1e77054376
data/expanded_outputs/schema_single_agent_v1/Q74_schema_single_agent_20260724_023005.md,7311,af5c208635e935d9d3e867a6a50d1b2d33889c120c8321c66f7e298afdee500e
data/expanded_outputs/schema_single_agent_v1/Q75_schema_single_agent_20260724_023002.json,22268,faa435f873bed9b7bfd204d37c934cb23b72b1eb5138353a7f857e0cf8b2325e
data/expanded_outputs/schema_single_agent_v1/Q75_schema_single_agent_20260724_023002.md,7896,a4ae9c3e3e2be46cf08bf661440510376f95f5cd748874ce282605267398359e
data/expanded_outputs/schema_single_agent_v1/Q75_schema_single_agent_20260724_023013.json,22268,216e7e084cf3a401fcd5c9b5d71d20ca364ea90c68a7587bd5f429133312f35f
data/expanded_outputs/schema_single_agent_v1/Q75_schema_single_agent_20260724_023013.md,6861,8d3d5ababb0e0b2f3f953a4498e9be4e43608975101289f337b8c44cf1a4e073
data/expanded_outputs/schema_single_agent_v1/Q76_schema_single_agent_20260724_023003.json,26461,5cf0212afd0ed9ecaa1cdfd8a7b8e5d412f23c92ea937544092b246ad7a93278
data/expanded_outputs/schema_single_agent_v1/Q76_schema_single_agent_20260724_023003.md,6755,e9c6ad641e081176578e96a1647f575c66536e8372d8f6cffea2178a8c2eaa7d
data/expanded_outputs/schema_single_agent_v1/Q76_schema_single_agent_20260724_023016.json,26462,da50232060445be8d740f13bee0dfe64eabb23dc5a242ca653ee888420795921
data/expanded_outputs/schema_single_agent_v1/Q76_schema_single_agent_20260724_023016.md,8148,961ba0850f5f30110ebb4c7957d51bd1d17cf12447ff1ee98bbe4b29d53b6ca1
data/expanded_outputs/schema_single_agent_v1/Q77_schema_single_agent_20260724_023008.json,18568,736ad421c1989199a15efb17c357829ff7f2d17a363ef72a410f0544edf3323b
data/expanded_outputs/schema_single_agent_v1/Q77_schema_single_agent_20260724_023008.md,6984,790862bb8043fa28f50d2752aab2461846dcae5bb086ffcfa6780fad6159e758
data/expanded_outputs/schema_single_agent_v1/Q77_schema_single_agent_20260724_023016.json,18567,75539f78359ebac51fc7bd5fcecd9ce36865d7aa640cf927e9dc57755685f136
data/expanded_outputs/schema_single_agent_v1/Q77_schema_single_agent_20260724_023016.md,6514,9ee18a19bbe3fdd5de2720097d7160eebe197566a96ae002c5be1890b093a6bd
data/expanded_outputs/schema_single_agent_v1/Q78_schema_single_agent_20260724_023006.json,19388,0d07cae0c7875b5ace689ff9e622994bd92d90cbdaa846006e624eeacbb03caa
data/expanded_outputs/schema_single_agent_v1/Q78_schema_single_agent_20260724_023006.md,5079,652521a3bcbdeeeacb4d51e546493a2c9f7412039516ee53c283a2ea28fe11aa
data/expanded_outputs/schema_single_agent_v1/Q78_schema_single_agent_20260724_023028.json,19388,69753390a37d4d111839809a8598606b6cce856687a16ea81be77bb4e877ca91
data/expanded_outputs/schema_single_agent_v1/Q78_schema_single_agent_20260724_023028.md,5602,ee2916d6a1e6582770710fee28d6f3707d16d5e42ae27ef2d93c352639c174ce
data/expanded_outputs/schema_single_agent_v1/Q79_schema_single_agent_20260724_023016.json,18590,08281cc70f43e894ba892f11e9cce7067fae747a4e16319efd120b46df38bc9a
data/expanded_outputs/schema_single_agent_v1/Q79_schema_single_agent_20260724_023016.md,5976,7ef3b355949bf5babf09fc326ee75fc8ac9b33bb8d55eb2ea2bc2200bcecfc23
data/expanded_outputs/schema_single_agent_v1/Q79_schema_single_agent_20260724_023029.json,18590,738f8b5a9cae6e3d04a5ca7c65f297103493ebe610bfa9db3e5e27cbbdaf251e
data/expanded_outputs/schema_single_agent_v1/Q79_schema_single_agent_20260724_023029.md,5767,a4519b61ac9743719e9c662e93b78d15e5e4734e0eed31bd11ecd0406829a81e
data/expanded_outputs/schema_single_agent_v1/Q80_schema_single_agent_20260724_023020.json,18571,8c4825eda6a18189a368e6ff1c16fc4bd0df1fa94aff1c0f9186f45863efdbdb
data/expanded_outputs/schema_single_agent_v1/Q80_schema_single_agent_20260724_023020.md,5181,330cdec0c3a1c0370316c08a615fed7f42af072180585334f5724f1622d9dabc
data/expanded_outputs/schema_single_agent_v1/Q80_schema_single_agent_20260724_023037.json,18572,8a38ee2aca648b23d0c5d6e3642e31e9e805ea50d59f490dda52b4193f43a0b9
data/expanded_outputs/schema_single_agent_v1/Q80_schema_single_agent_20260724_023037.md,7136,4f1a43227ffc1b9fc7abec85688d5ce8efb73411ac1e091010a20fb1b7d7c2d2
data/expanded_outputs/schema_single_agent_v1/Q81_schema_single_agent_20260724_023020.json,18572,505bf7c439b74662601cf0e2086600f7f2faec8a96fa5ef397c61a6f14f58a62
data/expanded_outputs/schema_single_agent_v1/Q81_schema_single_agent_20260724_023020.md,5750,c49110ec69ac1f3142df0448cea80eedf10bb7b8874cb5bbaa1ee0e060982aaf
data/expanded_outputs/schema_single_agent_v1/Q81_schema_single_agent_20260724_023039.json,18572,b3bc9eecc0207e99fddc0e8a155ad98dc9c55336a5de88838ac0f24e14b7d158
data/expanded_outputs/schema_single_agent_v1/Q81_schema_single_agent_20260724_023039.md,7479,0b67135e22063798bc73279a7aa0ed7bb64d54af6d0aada496e0a90032ab1cff
data/expanded_outputs/schema_single_agent_v1/Q82_schema_single_agent_20260724_023029.json,36490,249b8fa7ca07643bc02c8d033eb819d9ad63d74ac0c14c80ff05b86475ddfd07
data/expanded_outputs/schema_single_agent_v1/Q82_schema_single_agent_20260724_023029.md,7850,48f534434ce0606b6228c2e62bcd4c89df8723d84073e5c8e288cb65e4a5b8f0
data/expanded_outputs/schema_single_agent_v1/Q82_schema_single_agent_20260724_023039.json,36490,0a2ecc301ef7fe15383df858bfebb3252b9de4a6fdcbc082ce1ddc0952c09a0c
data/expanded_outputs/schema_single_agent_v1/Q82_schema_single_agent_20260724_023039.md,9736,706bf56867014b8cbb463d87a322dd3b2ea231597efa903e22e9796ffdcc964a
data/expanded_outputs/schema_single_agent_v1/Q83_schema_single_agent_20260724_023035.json,16745,ea357533e22bf825d417b51b07fce616f83beaa70fb329a6f185e44c6e1ee183
data/expanded_outputs/schema_single_agent_v1/Q83_schema_single_agent_20260724_023035.md,8137,3da8e842ab754b1010a73d7972f2bf5fe44e13233026b16c81a80a3a8e0522eb
data/expanded_outputs/schema_single_agent_v1/Q83_schema_single_agent_20260724_023100.json,16745,174439c4ee75d4bb24f3d10e50cadf09b1368af188ae12664583b63c84353f39
data/expanded_outputs/schema_single_agent_v1/Q83_schema_single_agent_20260724_023100.md,7776,93694114cb598120cb2f822ca38f393c13a310b7516b6208269490b7808525b4
data/expanded_outputs/schema_single_agent_v1/Q84_schema_single_agent_20260724_023035.json,18599,fc3914695d7b4718cef38bbd87a9a83548ff9ba7c5400ccf4cb7a1ead0deec39
data/expanded_outputs/schema_single_agent_v1/Q84_schema_single_agent_20260724_023035.md,6098,a2075b96f0443f2284a20abfd26233c3ef87639faa7d8eaebad6078ae3846c67
data/expanded_outputs/schema_single_agent_v1/Q84_schema_single_agent_20260724_023101.json,18599,3f02782466aed8f2704f34d8ac7d1b1134916af4e9cb7527764d3991f8bba6e6
data/expanded_outputs/schema_single_agent_v1/Q84_schema_single_agent_20260724_023101.md,7631,0e574a1daa2c09911432ac91bcad07217f11facb65b0113d1e29dba8b4c6a81f
data/expanded_outputs/schema_single_agent_v1/Q85_schema_single_agent_20260724_023039.json,18584,e973bd64215a6ff8bbf8388a9cb8ab224ff3e300769a72f59ef834394c3f3328
data/expanded_outputs/schema_single_agent_v1/Q85_schema_single_agent_20260724_023039.md,5731,b0d37f3b16c657d91737461c3228d60fa533dc371a1b3e53b7d661e53c695cb1
data/expanded_outputs/schema_single_agent_v1/Q85_schema_single_agent_20260724_023100.json,18584,f9af8de789fd7aa1574ca3218498c4cbf230b4bce051562c62e4dfaf7ad2e8a7
data/expanded_outputs/schema_single_agent_v1/Q85_schema_single_agent_20260724_023100.md,7736,f8d89bcb8f94ec0b5b1ea2398ddf31cf35b2f759577f1afbbddfed595442624d
data/expanded_outputs/schema_single_agent_v1/Q86_schema_single_agent_20260724_023039.json,18572,6c27ed6aeab8898b76ea7ac9608d5841d6d7ab2d70f40c1ed5585532aeeaac35
data/expanded_outputs/schema_single_agent_v1/Q86_schema_single_agent_20260724_023039.md,5294,7a7e3c4aa628a2575d37cc2a938f50d45edae7db8a45d799c9b5aecb15631df7
data/expanded_outputs/schema_single_agent_v1/Q86_schema_single_agent_20260724_023059.json,18572,e3ebde25d08f2459c242ca0b93b55ddf55cf2d4b03907b31f58e2493f22f0260
data/expanded_outputs/schema_single_agent_v1/Q86_schema_single_agent_20260724_023059.md,7359,dd3617fcd4b812a1a17f4620002fcafd45c704ca64df781ec368cb2b450329d9
data/expanded_outputs/schema_single_agent_v1/Q87_schema_single_agent_20260724_023045.json,18582,260d623fea27aad4ab11fad3e27be417ebcbfe5dfaceba8cd3ff7de08df311b4
data/expanded_outputs/schema_single_agent_v1/Q87_schema_single_agent_20260724_023045.md,6001,cce8d7428d0e0108df92981634744808c2be84e0adcf822eeab64150704fc3f4
data/expanded_outputs/schema_single_agent_v1/Q87_schema_single_agent_20260724_023056.json,18582,1b0dcf838fe4f2cbf817577df4ce661f19fc04dffc288c7b79521c837128c03e
data/expanded_outputs/schema_single_agent_v1/Q87_schema_single_agent_20260724_023056.md,6139,62992d91ece8ca5d0b2485409b63b50c3044b3ef6b98409744c785b385f657c6
data/expanded_outputs/schema_single_agent_v1/Q88_schema_single_agent_20260724_023055.json,20313,e3ea008d7233082c1be4c01c1b23525c9291e5b44e856b10bead1c8a3cd90da2
data/expanded_outputs/schema_single_agent_v1/Q88_schema_single_agent_20260724_023055.md,6135,067f8a4e46d8789c71f70ef8affc72e2142f3ee84c71b91cdf28dde7da34cfd2
data/expanded_outputs/schema_single_agent_v1/Q89_schema_single_agent_20260724_023054.json,22102,b02e9a9c8acb2a295648f34e1b0c0460d7229e6ce6cd7a6057b87561fd7196da
data/expanded_outputs/schema_single_agent_v1/Q89_schema_single_agent_20260724_023054.md,4934,0d78b68819f01a5f4882d3348b3a47a9ee1f73d6b48d73f25ccc18fe9ae1217b
data/expanded_outputs/schema_single_agent_v1/Q90_schema_single_agent_20260724_023054.json,10154,09fe32d941398e420e51810e5d5e9d2fc46f6949b67625b470c02752a13dd395
data/expanded_outputs/schema_single_agent_v1/Q90_schema_single_agent_20260724_023054.md,4831,e622a0ae541d896dd2309b290a98edcf6db3441b51231b02c1210439a4f274ec
data/expanded_outputs/schema_single_agent_v1/Q91_schema_single_agent_20260724_023056.json,10139,b1cbd244492459445a390139d6dcd7a9a8ed36d951248a11b274f2783c63735b
data/expanded_outputs/schema_single_agent_v1/Q91_schema_single_agent_20260724_023056.md,5339,1bbafc17bf8ccf3daff2af7be85e1ec5bca33bd7a04fa61ae26d8201086143f3
data/expanded_outputs/schema_single_agent_v1/Q92_schema_single_agent_20260724_023100.json,19870,89b82ece27fee22de8db7e79dad10c8074e9e07ca7cc2703b3c2d5896a688612
data/expanded_outputs/schema_single_agent_v1/Q92_schema_single_agent_20260724_023100.md,6825,a4fc7b926c5b6086c6f1988e78736d225b36ff50b3391c68ec2bd3f8f219ca55
data/expanded_outputs/schema_single_agent_v1/Q92_schema_single_agent_20260724_023108.json,19870,3f81441418e39b8d772820a430075fbabb6fd29b38742d115508e2ede306b2bd
data/expanded_outputs/schema_single_agent_v1/Q92_schema_single_agent_20260724_023108.md,5500,f27a6040a46f9b2f2f8bc302c754c6ef68c746c44d6c5bda1c36f22727009d26
data/expanded_outputs/schema_single_agent_v1/Q93_schema_single_agent_20260724_023116.json,22078,2ed302bdaaf53178c258ccd0d60c5321c6ebc70637a03dcc97b3406128bad8a1
data/expanded_outputs/schema_single_agent_v1/Q93_schema_single_agent_20260724_023116.md,9099,92120ec9a56aa2e141260a453b1edc3c4cd5f0550a49cb69ac002e331a9dc184
data/expanded_outputs/schema_single_agent_v1/Q93_schema_single_agent_20260724_023117.json,22078,93f684dd9c6bc880b77d07407ce8046405f7f2dd47cff4e46a7f358d0e54b9f0
data/expanded_outputs/schema_single_agent_v1/Q93_schema_single_agent_20260724_023117.md,7288,deb84f022653ad5fd82a9847e966e48810c2edec98ba5085a6ec02d7db3a214d
data/expanded_outputs/schema_single_agent_v1/Q94_schema_single_agent_20260724_023107.json,18578,279a0906f14df1f1c9a6c49d7927a8cd4417548dfe465179921e1aace2bc0494
data/expanded_outputs/schema_single_agent_v1/Q94_schema_single_agent_20260724_023107.md,5901,0deafe81683b21b6b733415c5f910efc5b8ec6bc9a5b959b1621e7ec5fd684f9
data/expanded_outputs/schema_single_agent_v1/Q94_schema_single_agent_20260724_023120.json,18578,b9fb991d0099eb51abf7c686f2b2bcf910ae04145d818a638f0b2cdeea6b3b16
data/expanded_outputs/schema_single_agent_v1/Q94_schema_single_agent_20260724_023120.md,8143,36bcc499568e5bbdaacfb63a039e02a412cb7f7999f229639cfc1c3a981453a8
data/expanded_outputs/schema_single_agent_v1/Q95_schema_single_agent_20260724_023108.json,19981,32126382fced118d0937a4a1a21b9e2ae7159da67aa9a40cd3be16a9ff918816
data/expanded_outputs/schema_single_agent_v1/Q95_schema_single_agent_20260724_023108.md,5539,da60d8480146db4b4256debfd5f675a898cc08e27321c7ceec707272316fdebb
data/expanded_outputs/schema_single_agent_v1/Q95_schema_single_agent_20260724_023114.json,19981,893c1757ba630a744e4c9f6b9ef4fc98bc6121a2a3a5b1b9b4c16841e623390a
data/expanded_outputs/schema_single_agent_v1/Q95_schema_single_agent_20260724_023114.md,5326,f50924fcac23c33083a41202064c7d8661ea92891045b00915403cd4ca969f4b
data/expanded_outputs/schema_single_agent_v1/Q96_schema_single_agent_20260724_023115.json,20305,24f4a972a2a883f44c863436e4e26560629d6da8eb4766c0b536264e32d14032
data/expanded_outputs/schema_single_agent_v1/Q96_schema_single_agent_20260724_023115.md,6711,66c0c356c0cd06492d5769c49c14981edffe2aad528b3cda4b3ed01eea443702
data/expanded_outputs/schema_single_agent_v1/Q96_schema_single_agent_20260724_023118.json,20305,fb8e9f4bdc6bbdc76c6bb7e3b25b0e87c2a3ad64b85747906e2b7a00854665a4
data/expanded_outputs/schema_single_agent_v1/Q96_schema_single_agent_20260724_023118.md,7130,1af32878a1b2eebf03190644ecad5607f5c8a853951a284ceea058c7ab82077d
data/expanded_outputs/schema_single_agent_v1/Q97_schema_single_agent_20260724_023118.json,20322,724beaf8359ffd1e411a900c6ad61a3ae7043520f451ad915c004356344acf7e
data/expanded_outputs/schema_single_agent_v1/Q97_schema_single_agent_20260724_023118.md,6486,f6356f1e858271a086326aa0e317bb091c9d2c3b4195f85c4c54f0acdcbe54b4
data/expanded_outputs/schema_single_agent_v1/Q97_schema_single_agent_20260724_023126.json,20322,c0f06e696b3a4703d6d322407eb4a2d14ea00c9d6a068749cf224af75ccd3290
data/expanded_outputs/schema_single_agent_v1/Q97_schema_single_agent_20260724_023126.md,5765,6f96819844b9ceadb18a07e851b805161ea290c814f33083b6d468328ed092c1
data/expanded_outputs/schema_single_agent_v1/Q98_schema_single_agent_20260724_023126.json,20312,63a57d6464ec5f8d43ea995b85ef6f551c18b20b7ed2f6828f055a64690a6fdb
data/expanded_outputs/schema_single_agent_v1/Q98_schema_single_agent_20260724_023126.md,7747,e41a63c205ffc57eea734279c4f5806cd825add51e88042f0bb73bdb18e4825e
data/expanded_outputs/schema_single_agent_v1/Q98_schema_single_agent_20260724_023143.json,20312,8972d4b844bb1682d4cb4140f82b3e1f3134ce2f1c6c99e02bda1df440665f74
data/expanded_outputs/schema_single_agent_v1/Q98_schema_single_agent_20260724_023143.md,7977,18ec6759f7a3fc2ec114e0b1f47f83d80a73d0d345fe82295ccc0a1e9123d63b
data/expanded_outputs/schema_single_agent_v1/Q99_schema_single_agent_20260724_023128.json,21358,a7283d997f46391592777589b6a4341e07aa1fe51d22d18704f967fa3e652973
data/expanded_outputs/schema_single_agent_v1/Q99_schema_single_agent_20260724_023128.md,8672,f602d8eb39465ad17b24104b74f524002b85fb08a395caa71dd34f72c4be0e75
data/expanded_outputs/schema_single_agent_v1/Q99_schema_single_agent_20260724_023143.json,21358,f9dc60fed88700c6f1c42618e3e1dea65ab3677e321a75622f067eb0203fd430
data/expanded_outputs/schema_single_agent_v1/Q99_schema_single_agent_20260724_023143.md,7777,84d8af8400a8cf116d3a4d3ee77d0bc01cf98b991c09a582ac94da7b04630d63
data/expanded_outputs/schema_single_agent_v1/run_manifest.json,433,24bde9868a28f3e4313e7b353c2321eba33180c89f30eb9dc7a0161523607343
data/external_benchmarks/ALCE_STRUCTURAL_EXPANSION_PREREGISTRATION_20260726.md,3732,3351de1254cf0430e96b5e8b5ca058c9d03bb074ec3778c8c1b295fd7676a18e
data/external_benchmarks/EXPANDED_PILOT_FINAL_REPORT_20260726.md,6490,c81a5432f153d83dd53672f7baaf6cf7d8301b085e71d72ba500b5dbbc6de0ae
data/external_benchmarks/EXPANSION_PREREGISTRATION_20260726.md,2493,1d1eee7ae4e59ece5cd7429dfd3c0b93b62d08f66971e86bd69249e814cba40c
data/external_benchmarks/SCIFACT_N100_EXPANSION_PREREGISTRATION_20260727.md,2819,21a391f3c37d7f08ddcda7f6adc5917d722f82e731a5f80ffef23cf6dba9bbab
data/external_benchmarks/alce_official_pilot_n1/alce_official_pilot_outputs.json,499981,66ac527cd3d301a723dc760608227a22aee3035579f05626fcaa6f796d62530d
data/external_benchmarks/alce_official_pilot_n1/metrics.json,1850,625b7f99060108375ead994ef4230336eead7c1735dfd57191cee97fddcd1c7e
data/external_benchmarks/alce_official_pilot_n1/run_manifest.json,508983,3994d1fead2942882193e63583d6d9732eb61d38a7f334014fa0593db637562e
data/external_benchmarks/alce_official_pilot_n15_expanded/alce_official_pilot_outputs.json,7539352,afa3fdf183cd1df2adc4356b40bd72048864d28787122b53757a83fe0677ddb8
data/external_benchmarks/alce_official_pilot_n15_expanded/metrics.json,2279,bcad965974ea250f8fab6ec3cd47c5a59227d694475b1d84beab0daabe38de16
data/external_benchmarks/alce_official_pilot_n15_expanded/run_manifest.json,7672404,cf8b81f07846f14ee43b47f1179cc2e26e8288e7db6b207e6b820f2314db6b99
data/external_benchmarks/alce_official_pilot_n15_expanded/structural_significance_v0_vs_v2.json,2186,d9dbedb618d23c71e36ef9acafa79df50fc8cdab8257f36c5937fab162a912eb
data/external_benchmarks/alce_official_pilot_n3_retry1/alce_official_pilot_outputs.json,1515325,fb0fd88f1640a6ae71dcdc55d7b8de9c18cd410938a7619671bf1800835229fc
data/external_benchmarks/alce_official_pilot_n3_retry1/metrics.json,2195,4dec7077d0d460fa42a4e845908c8f2376ec0f0e3effb5b61bbdc8b70a29c538
data/external_benchmarks/alce_official_pilot_n3_retry1/run_manifest.json,1541607,a1f90d5208009558071f8635d4a7f67aaaa158cb19d8b11e5c348be74a6797e8
data/external_benchmarks/alce_official_pilot_n40_structural/alce_official_pilot_outputs.json,20123455,ead72b1aa2ea62e0fa8c5b703a249f834044f52469e7ddc774b9d06b3965c3cd
data/external_benchmarks/alce_official_pilot_n40_structural/metrics.json,2108,0d210116c7bb429edcf0d00cdf847828dd6fc87c8921e9be1911b46706a7f318
data/external_benchmarks/alce_official_pilot_n40_structural/run_manifest.json,20475941,b309fb6d3199d93f6855ad47a933d5cafac2bfa3cc75e851cbf5f921ca4575ba
data/external_benchmarks/alce_official_pilot_n40_structural/structural_significance_v0_vs_v2.json,2011,59d8416e35d56735380b03d16f7ccd9fa39ff4bd7c04b6dcec655898b17104cc
data/external_benchmarks/scifact_cross_model_pilot_n100/run_manifest.json,208754,828d86720616e2ee3481e4469164be6e79d29793b8e3ea50e2b7af7c151b0f7d
data/external_benchmarks/scifact_cross_model_pilot_n100/scifact_cross_model_pilot_outputs.json,200900,88fa755e1874d143c040fe56fc1afb281800bc94d8f3c1b928672f80de7b5b3d
data/external_benchmarks/scifact_cross_model_pilot_n40/run_manifest.json,89563,62001eb3f6417bfc80d092eecd1773554396af20d05c5b0b0da58208842ab063
data/external_benchmarks/scifact_cross_model_pilot_n40/scifact_cross_model_pilot_outputs.json,86150,e548109a4a1b588e6cc94a22615221ae6d74fe9ca7efff8d6877003e07c6f384
data/external_benchmarks/scifact_cross_vs_same_model_n100/comparison.json,25773,067d277832fe5c21aa72e1cbfa0278ad525a1ee25d4a919ce0942af1a73b0c8e
data/external_benchmarks/scifact_cross_vs_same_model_n40/comparison.json,10643,19630e1d2901d79fc4902f61e30dc27379ede91bdb38983c27efdd4157bed80a
data/external_benchmarks/scifact_semantic_pilot_n10/metrics.json,2992,7a5b2e06fafc0239067d5a431c7654f8ce7949cbafca98482edea57c54430d34
data/external_benchmarks/scifact_semantic_pilot_n10/run_manifest.json,18266,4a4cf1e6e1c1ca49ebb7391a9f7c8db21cda8d85fe970cc2d6f910fa4bfb73ef
data/external_benchmarks/scifact_semantic_pilot_n10/scifact_semantic_pilot_outputs.json,17342,7e37c1d13d242a80383e3705d156f767042f1429e6bd13483b7de042d4074c98
data/external_benchmarks/scifact_semantic_pilot_n100/run_manifest.json,187684,e52172d183507554e9108038b3a5a7d901e166929eca1765ebaeb7da9f071c2d
data/external_benchmarks/scifact_semantic_pilot_n100/scifact_semantic_pilot_outputs.json,179920,c82f50d4744a26f0f8609f70bbe3367e62bfaa021d2bb4a6b34db300b5a478cf
data/external_benchmarks/scifact_semantic_pilot_n40/run_manifest.json,79648,760e632e93d7095e2e3564ce30a346872f16d7d7e1351e5dc03f465e944ea17f
data/external_benchmarks/scifact_semantic_pilot_n40/scifact_semantic_pilot_outputs.json,76444,e5d586bb4a7f21976a35d251efab8750b37d1dddb5b6559b87c663ff04684027
data/frozen_corpus_multidomain_v1.json,6718688,d588c92b73e14d3abf3e730fe7c324c12cad3b795ff344eb219001559998e6d2
data/frozen_corpus_multidomain_v1.json.sha256,100,40e3fc62d5e10dc61bfd31727062ffd1eb39a8c6dc932fcc5e9cf39e3d30467e
data/manifests/run_manifest.json,54793,92a278f40a89b7c7172eea44841cc6fac79e29492d89eaac30d08bde682bbc89
data/method1_outputs/Q01_method1_20260410_211058.json,5019,0b0544fa50a0c2ab70d572577021fa5a1919507724eec1754fb26d67de3804fc
data/method1_outputs/Q01_method1_20260410_211058.md,6478,0999ae2f35d0d724049d45d2691b57b1f7882cc0173c83bc9f0545d86a2779a1
data/method1_outputs/Q02_method1_20260410_211424.json,5985,07c072b41df6a7ef099737e051575af5afd27e07d660b81a5c737165fc5d2dca
data/method1_outputs/Q02_method1_20260410_211424.md,6510,ff982a985fe5e838495b9b47a849174849495cfcca2e13773e84f9dc77f33d18
data/method1_outputs/Q02_method1_20260410_211518.json,5985,296ee34e5ae484156739bef3f17b70d1b95491e86afc06f34bead9b6b934c644
data/method1_outputs/Q02_method1_20260410_211518.md,6556,5945544453fdac61dd0a28a30bd8955b3e3cf97291bc8391283ecb185389170f
data/method1_outputs/Q03_method1_20260410_211633.json,5793,fe6e3beb99fa5e0af71dbfa570e1bbf23b2fcc03c3e37c35f5ba609311db5437
data/method1_outputs/Q03_method1_20260410_211633.md,6815,58856d419386a22558f5591584324f746660e15ca39544eff8ed838b8a75a598
data/method1_outputs/Q03_method1_20260410_211718.json,5793,544ccb6e95b5dfe553f1b3b93babe4ba025e584da437a65190ef25d243bf49d6
data/method1_outputs/Q03_method1_20260410_211718.md,5952,6fd70342a355f472f289d773728ee6d13c0b63aacf83eac05d87902eadf4b3b2
data/method1_outputs/Q04_method1_20260410_211838.json,493,b691c4a1cc778d19d3f7e8baaaf41e4e1b87a50a1d962e8f5454e43916b3beef
data/method1_outputs/Q04_method1_20260410_211838.md,2649,f2b7d16b3bea4e5814f9ffda55448630e762496032fc2670c47f93a53be2759e
data/method1_outputs/Q04_method1_20260410_211901.json,493,031d2a2d5f0acca202eceefd99657e467af9a866dd8c726b598d895f4e8127b3
data/method1_outputs/Q04_method1_20260410_211901.md,3058,f937405d3880f1acaf1eea71f3ecff9f8c1b9e042fc4db8e0e0eb561971d32ac
data/method1_outputs/Q05_method1_20260410_212447.json,5462,53599914b3ad39a5ea72a16a4bb4e1131ee1013af0528feba14f92d79479c531
data/method1_outputs/Q05_method1_20260410_212447.md,6230,02c8e3a765ec746c8af52c935cccaca94f1573dd1506c80cd84b52fe24029e01
data/method1_outputs/Q05_method1_20260410_212521.json,5462,ceb5ac016c6547bf7309bd30d79772b87cbfd851692e77192c735fcb6daf79c0
data/method1_outputs/Q05_method1_20260410_212521.md,6522,6b8babf649dd66b76e2ae0ef21724b9819e13d4b6bd0effd8d52704667beca48
data/method1_outputs/Q06_method1_20260410_212630.json,1862,bce1348292dae87ff8bd8bb3723908760985c638eaa989017a8c23ac089a5d7a
data/method1_outputs/Q06_method1_20260410_212630.md,3747,348391abbd0c794ef67b6d7f1cedca7340e36f54afac111b78e8900fa1b5d195
data/method1_outputs/Q06_method1_20260410_212640.json,1862,4df4213007441b37e7b5c660c609ea5773e7b78c5c212b7cf14161f78136c7f4
data/method1_outputs/Q06_method1_20260410_212640.md,4037,e207bfaeb9ecee3a620ce86f72d25f388782b7a8d38fdd331901aa61455771d2
data/method1_outputs/Q06_method1_20260410_212701.json,1862,7279d5cf7086d0389b75f65e794476aa78949817bd0fc4dbd71fbb679c077a9f
data/method1_outputs/Q06_method1_20260410_212701.md,3495,2fb51779eb19f5a0f62477aa94f49fda9bcad82f5b460f51c9a21aed66416cad
data/method1_outputs/Q07_method1_20260410_212739.json,6058,e3dceda6263c8fbde553b891753594bec36bd2387f7abb0ea686beb67c67ee5f
data/method1_outputs/Q07_method1_20260410_212739.md,6498,b66f59fcd182319a19e784b5cd035a2d3005e2eea5f15e830865359cab957616
data/method1_outputs/Q07_method1_20260410_212744.json,6112,fb08ae10fafa75e8a66a6e7c12ee91c20619e12c4e22b77e012503abdfff0672
data/method1_outputs/Q07_method1_20260410_212744.md,6868,1ee5c32ea02946f070e12c27c5eab1ff3c8b4437101c80185fa0e4a11aabbe6f
data/method1_outputs/Q07_method1_20260410_212804.json,6058,e8442accafe94231fd7ffd3049bb40f2d68a2496d03df3657b2e86923b7710bf
data/method1_outputs/Q07_method1_20260410_212804.md,6573,908caf5890345ec51cae85d988040a21f12d77b3b0b6c0fde10a930afa83dfb9
data/method1_outputs/Q08_method1_20260410_212926.json,6192,5dec1c3eb380847e3454dab80f695dad268ef1af1d7f5d7f9e2be434d5fb405f
data/method1_outputs/Q08_method1_20260410_212926.md,6871,c014ae61ccdd59739206ec0ea5ad44c92bebf6fa570f6fedb189a5f3c76f535c
data/method1_outputs/Q08_method1_20260410_212928.json,6192,c7b2f43993eb62076eb7129264bf436590f5a7666225d4fac7149cdcaf2118e9
data/method1_outputs/Q08_method1_20260410_212928.md,6205,63e971eaddaf0df203ee27517a74b50fd7bcff7fe88502264dc374c7bcc01d65
data/method1_outputs/Q08_method1_20260410_212945.json,6192,1a604ed65520b4c52e036382c8fd1d8dc9a20ef6e28fb9e7d1b8ff58a06b4e0e
data/method1_outputs/Q08_method1_20260410_212945.md,6885,28a19c52d7bcd9a63752a91200992468a98d7995b9d57f2338a23faf9f6afd33
data/method1_outputs/Q09_method1_20260410_213130.json,5563,becd6b953aaa18483f2628b870ba3c8b7d051bc03faf834cd7d361a3f7ab55e5
data/method1_outputs/Q09_method1_20260410_213130.md,6782,a7371749076501efd43421df628587152f486777de6acc93fa037421d6ec3665
data/method1_outputs/Q09_method1_20260410_213136.json,5683,8f43de15fafc4d9594f4d9058ee18ed9adbeee8aa01bd8fe2b3b8d2ce4dfa48b
data/method1_outputs/Q09_method1_20260410_213136.md,6221,8e8bf37878bc06c27ea1154b6cc2dac8ca447772c7cb5b4d8e6dbcba9b5ac690
data/method1_outputs/Q09_method1_20260410_213139.json,5563,4408ffdd8ab181e8288f858e8e3c4c6ddfd2b146d4148cefd9bd6b76cac92105
data/method1_outputs/Q09_method1_20260410_213139.md,6322,40f0e7933efc37be7347598fa4eb195d7c627670796617d2e79ea818bd961cee
data/method1_outputs/Q10_method1_20260410_213315.json,1747,e68d32accb805c89f97f385723b2cdc68d76d1d9fb9fb9f3fd1876938fe1fd4c
data/method1_outputs/Q10_method1_20260410_213315.md,3870,7b1ec0dc4d259cd583c44b5aea2db43647c382a351998cc20682910e43b4b1d2
data/method1_outputs/Q10_method1_20260410_213320.json,1747,550f1edd5866ef0c0b7569258bd935a836b0b0d8a98198d79bc18e7d28e7a720
data/method1_outputs/Q10_method1_20260410_213320.md,4019,00e48f755072ee53d3421263954f588c0dbcc64bc92861aad692f49ca71ef1fe
data/method1_outputs/Q10_method1_20260410_213324.json,1747,46cf50626a46b4e0c1a061f0bfc8a6798cce83f1c3aa4828e65f3d5733bfe1b9
data/method1_outputs/Q10_method1_20260410_213324.md,3585,e32437af633fea5ad8d7981856f3aa4ea6793e70375d90b443b43044e0785127
data/method1_outputs/Q10_method1_20260410_213424.json,11001,db032238bc337c73c7c431100d52d035e56adc1f14fc634247728f737354f792
data/method1_outputs/Q10_method1_20260410_213424.md,8156,8e1a1738e7ebeb0d57232ee8cc17f70566d30f9b6e5139caf045465301da849b
data/method1_outputs/Q11_method1_20260410_213436.json,4959,a89e6da67b988b326aa2821ff85d71e93dbde7a085280f20c1859c50a3c95892
data/method1_outputs/Q11_method1_20260410_213436.md,5092,87b65e715e81911b458ceaabce632536cf71ac627a8d0492878aea4e9b77f8a0
data/method1_outputs/Q12_method1_20260410_213617.json,1087,5f26dd0a65693805a0b74116ed9371267d577361b8cbdbd4593da976c50cb8e1
data/method1_outputs/Q12_method1_20260410_213617.md,3107,7d97277e923a724f50b533d2ff4e09052380ea504ca3172861d944c2e0a3d4e5
data/method1_outputs/Q13_method1_20260410_213724.json,5925,61c7d45134dcea159a5e0fe0748a42169e42370af2f000791f773a4f166a9320
data/method1_outputs/Q13_method1_20260410_213724.md,6043,a5efc594633d19d1bd5d6e4224cd4e77c488edec250943126a052587986de718
data/method1_outputs/Q14_method1_20260410_213920.json,3111,bad7dd0b67c6082928698ab3d22aebbe8b93a946418b0c4adbf4e2ba9cbdf999
data/method1_outputs/Q14_method1_20260410_213920.md,4737,ec688115cc4bedcc298e0e66cc0d4fe1a355ad50b4085d891b161148418bc365
data/method1_outputs/Q15_method1_20260410_214038.json,454,1b4460e10198f9bb2aae0942a4728e8423b395dfec67e09fc430c8c525ef3391
data/method1_outputs/Q15_method1_20260410_214038.md,2412,4c3c20ed0d6472e0b6f63620157611798e1dac02ff13c5bba22fb35c2ad1474f
data/method1_outputs/Q15_method1_20260410_214222.json,11059,39642109ee7d4f9eab2d2f8182ae277d52d0c41c20d8bae1c902a28e953c8de6
data/method1_outputs/Q15_method1_20260410_214222.md,6285,6a06f087f1e0ddd5fdb01a540891ca9c31068cc62e8895f9eb8fa96ed2b7897d
data/method1_outputs/Q16_method1_20260410_214338.json,11079,af985bba9b4174e38c97b6926843b93af83e7e73ff58f43d9c05d2a7f48fffc5
data/method1_outputs/Q16_method1_20260410_214338.md,5887,5fb62747eb43467af203e00338c825c46835b91f4519180997f10c33200a9e55
data/method1_outputs/Q17_method1_20260410_214452.json,9648,51bda472cefd7cebcdc9ab33f5de25484cea5720685683477c3697cae8e2ecee
data/method1_outputs/Q17_method1_20260410_214452.md,6037,649cb433fc280aea99ee112d7b6778cedc1564e595f060bd4f259b96eda43f63
data/method1_outputs/Q18_method1_20260410_214609.json,11134,93480f810df58c61973f9afa8dae7423d2f549ad4d17a8f60624e12e8ce7d33b
data/method1_outputs/Q18_method1_20260410_214609.md,6720,3d1b7ad25b20b5d7cfbbe3271aa4ed5539687dde061de6cb13192d16aeed6680
data/method1_outputs/Q19_method1_20260410_214733.json,8815,708a54d40da92c55d338dc8dd7a5808897e75e2a101c02e6e93b0086bb866c2a
data/method1_outputs/Q19_method1_20260410_214733.md,6619,a0e4d6399a88489291f63817a38f75b4e9d55579f96d33317c5d8ad46dd043cd
data/method1_outputs/Q20_method1_20260410_214857.json,14457,8180e2a5ef32ccb4fd3aad81fa3bfbb5af935f6a465b86dbecce4b9278524b52
data/method1_outputs/Q20_method1_20260410_214857.md,6509,66c0ee015102bab051617410eb5192214bd4c318e8d89dd27025149e4f6e5878
data/method1_outputs/Q21_method1_20260410_215023.json,10214,07ad864db677e8c984a8a7ecbe6e46209e6a48d9af99f24282c615d1fa63fa22
data/method1_outputs/Q21_method1_20260410_215023.md,6405,65400df340692ce258452bcb612e05ee8099f8457d187b87d2f4dc7aadee8f60
data/method1_outputs/Q22_method1_20260410_215139.json,8708,14540a5b13080dd865537b5fe43abd0f7ff6e4b00f5e920660b4ddd76a2279ec
data/method1_outputs/Q22_method1_20260410_215139.md,7274,398a8d185ff361094c424457a54c0212eeae1c1d42d0da8d7a7a1cd820303080
data/method1_outputs/Q23_method1_20260410_215300.json,8187,6883f2bf491f8bef03d7c7c18813abec6b424e77c671fd1ea4024fcb4b587f90
data/method1_outputs/Q23_method1_20260410_215300.md,6090,6a233859d54b95352af618c7b30a11342ac4183f070ffdd9fa2563aa5fe9acc4
data/method1_outputs/Q24_method1_20260410_215420.json,7209,7a915d208e15feb1b50011c4c3caaac235791e765cbf54e955d9ff74c7d80e61
data/method1_outputs/Q24_method1_20260410_215420.md,5421,7a3d9344f341b2770c55dde36fbbc6ff4af87df4767fa86117b587f8486d50c5
data/method1_outputs/Q25_method1_20260410_215528.json,11103,7b82ae07470cf53025d9ae55c3ac66e3be4b7a3c46215b3ad6ed5ce0a0c4322d
data/method1_outputs/Q25_method1_20260410_215528.md,6524,6931c663cb1441f612197d6b7c3d824ae2015ed19ec2352c475f4bd15149f959
data/method1_outputs/Q26_method1_20260410_215650.json,8894,f704b6980e0a0ec2332162bf6c3cef4c03ce2e4a1778e7929221ea166dd4cc53
data/method1_outputs/Q26_method1_20260410_215650.md,5948,8b79733a02498904eedabbef5660538c4b3ae345420b3cae0037c504f11f97f4
data/method1_outputs/Q27_method1_20260410_215806.json,11041,35ad7b7b4fde0f69a87aab4ca13edd1b101aa0e10bcfd67591a76b9af6df4803
data/method1_outputs/Q27_method1_20260410_215806.md,7151,8a71766bf5dc7d90d89d690dd1793add6dc03671dfc0d4d14bb709432cce65ea
data/method1_outputs/Q28_method1_20260410_215930.json,9982,d1c91d8cbf8adf305d2b7fcd4c187ecd880de1dc0b82ea1427e5d3450c7e51a5
data/method1_outputs/Q28_method1_20260410_215930.md,6406,2cadb1b5f2d179f5381ebed9745b26407bcc5d2f2b914e3c2c0bc77c985c2f29
data/method1_outputs/Q29_method1_20260410_220053.json,8484,083cd5bbbc03254192c2a2bd4b6d136149dd5cc5fff2ef47e9fdd0870b090104
data/method1_outputs/Q29_method1_20260410_220053.md,6160,baedbf3396ea25ca1bf93443844ed145b416aef181243d99a575bfc61e3dc55e
data/method1_outputs/Q30_method1_20260410_220224.json,9739,7a11291eb8add00333f291d25f76a6f6b5b13202ec581dd6c021e301de9628ab
data/method1_outputs/Q30_method1_20260410_220224.md,7276,8fdc81a081abbda08447c3bbd43a4ca2f4bff327b6753b127f3c6418acdfbbb6
data/method1_outputs/Q31_method1_20260413_235349.json,10813,776f0775df85ed0a7781a3f21db77fd5046d576dbf469553f3344f0235c10541
data/method1_outputs/Q31_method1_20260413_235349.md,6767,9b37aac1996d007a07e80d2dd5d91fcd1bbea1451c6affca4a7499fc6062b2f2
data/method1_outputs/Q32_method1_20260413_235552.json,12338,a9caaa0125d4b2c4f12ac7d4b77b8e7dbbfc5d24c1d2905b114d4453a7e8e9af
data/method1_outputs/Q32_method1_20260413_235552.md,6478,62364505e325992878afc373ec12cd29a55d8dc3fb2b14125e27f11120293d11
data/method1_outputs/Q32_method1_20260413_235624.json,11069,8e948ffdce8d5f609c6aeff1490b0afa897029a26d0673aad4ef8a30cbb38978
data/method1_outputs/Q32_method1_20260413_235624.md,7392,b98799c7adcfbee9c2b7aa949ef49d8e5581b5f3f9a7646328b3d6550557e690
data/method1_outputs/Q33_method1_20260413_235801.json,11102,704ecdd90a9dc3a74cf5367c4c9a65b5c0ac6c63165cbb3474d7b083ed142227
data/method1_outputs/Q33_method1_20260413_235801.md,6876,18375b37c7e51e74254bda970e74cfd065f91e5aa4564a0816bf86cc80775bcb
data/method1_outputs/Q33_method1_20260413_235906.json,11078,5ead147b9c68bfcc96fd0c9cbd96c98db0cb41f31dd2687a6f33f2f6afd6028a
data/method1_outputs/Q33_method1_20260413_235906.md,6973,e16f594d6056fa7435559ecc838ae34806a1f1702f3d4462fac497fcd84f28c6
data/method1_outputs/Q33_method1_20260414_000004.json,11102,ecf23160edfa0d13598c879f236a899092da4b878ffc26302f22a0dbef5de77c
data/method1_outputs/Q33_method1_20260414_000004.md,7380,6581a033dbd1b9cb4b9ff7547b79cb2cec38b6f872cade3ae8f97eacb105fafc
data/method1_outputs/Q34_method1_20260414_000014.json,11059,2f10fedb9241d8912dfdbf093035ca1121cad2d168f7929978be8c653a85ba8a
data/method1_outputs/Q34_method1_20260414_000014.md,6007,c1a42f810c4e83085c5c4d10afd80659c58e0ae8857f956e35d475435fbaeb91
data/method1_outputs/Q34_method1_20260414_000126.json,11059,429b5315647d7545b6a0c950babd2cfe20a90c7ebd005083e0371c4cbd8cfc29
data/method1_outputs/Q34_method1_20260414_000126.md,6505,899d28598f89de067defc7531a74f0c80283138ca244f1b4e0020236d9fb9640
data/method1_outputs/Q35_method1_20260414_000213.json,12359,5537a9ac913eb8c6a1bab11d8b6625966e5eb85dce50a050dea65d0e8aa11065
data/method1_outputs/Q35_method1_20260414_000213.md,6003,6212762a555851f8e62ac1eff218ad7257f9dc898901de2fdffb1e8a861e2b83
data/method1_outputs/Q35_method1_20260414_000226.json,10412,37f91026e9e7393c69001b6be760970f546c5806f31606ee90dd45288f97fa12
data/method1_outputs/Q35_method1_20260414_000226.md,5363,bfd453ec874cb0edaff1babab9eeb3810987145679e1b7bec80014dad6c590d6
data/method1_outputs/Q35_method1_20260414_000327.json,12359,43b379103dd905a4920b0c2072eecbe4c32e35da4e43099164249d580bc44550
data/method1_outputs/Q35_method1_20260414_000327.md,6895,3fdb36c969dd5cc94b6c7539cc5f2f1493de8f535c53654b0f653b88109a4f2c
data/method1_outputs/Q36_method1_20260414_000417.json,11469,a4e2fc6a69abaa2d94c26119649e944c2457b43586a2de606ef3988fc8f5f0e4
data/method1_outputs/Q36_method1_20260414_000417.md,5170,85ff2cc29d99f38e8c54da1d0776ba6ca724c929f1c309b2d34237a36b75c200
data/method1_outputs/Q36_method1_20260414_000425.json,11470,0937db6611738679eff8ad93c2aa4069a8138abe7a1c73ccdb22d5921dd90fe4
data/method1_outputs/Q36_method1_20260414_000425.md,5047,c51eb4b5cf5f7c2d9f8a14c2e62dfa717921fa9c961bb10ac543646056d7ebe8
data/method1_outputs/Q36_method1_20260414_000540.json,11471,ba67206c90e85a3367336e3f3b162077bd7c87c2f1c02e9a6dc481f359ff8777
data/method1_outputs/Q36_method1_20260414_000540.md,5250,321bf2a82bf7a82c4832befb0d7697cd8cc0f8e1a90a2a3bb88f19986c3ce515
data/method1_outputs/Q37_method1_20260414_000603.json,9348,886504fcc4ae55e120e3a7635e75829f3e5d4962e601efc971254132db68a43e
data/method1_outputs/Q37_method1_20260414_000603.md,6968,dc218de306fc3bd011a7d3f4215a02403caea88adb48ed0629cb65793f90e415
data/method1_outputs/Q37_method1_20260414_000608.json,7334,ea1a902eb8c8372377d897df16f3e2b58d0aa6654d4b0426ea0b0c4c76c7c6ab
data/method1_outputs/Q37_method1_20260414_000608.md,5325,ec6dce7be65dc1f67d2e6baca0a7ccb8e499e93124fa1d16f3318c2240b6885c
data/method1_outputs/Q37_method1_20260414_000726.json,9205,32b0192bc97fa276b10f96abe20aea003a1509f5b60ee980fefc022c69e90969
data/method1_outputs/Q37_method1_20260414_000726.md,6299,6be7110771fc341753ce85c54698109c853358db914d8ccd284f3f190c61f8d5
data/method1_outputs/Q38_method1_20260414_000752.json,10162,503fd62393535d47c71e6c7a03ea8a881eb58fe1e79cc325c0040b5e58137aa4
data/method1_outputs/Q38_method1_20260414_000752.md,6335,1cf5a46674e743b93febaf1a33e0b104d1c207b0d1a4c92cb25a706d3daf7f2e
data/method1_outputs/Q38_method1_20260414_000803.json,10160,e776459aeccc6fbaa5b827a91808add53d6eaa3a9ded8c7d6ab4d9c69458fe17
data/method1_outputs/Q38_method1_20260414_000803.md,5790,9d7ae317b26b446c5c0d53f125ca8cc9978bdc5d90195bd3be46702a914fdc02
data/method1_outputs/Q38_method1_20260414_000916.json,11598,5149a9fcb2678985ac7c6c3e92bec2e14d111978de4dea0a17091b34ae2dc136
data/method1_outputs/Q38_method1_20260414_000916.md,5744,303d560e1225557fe4f71900eade02d8170ab859f118d9c69a98564a28dfb0e2
data/method1_outputs/Q39_method1_20260414_000947.json,11059,368de307ce906fa37e510cd735fc99b37f1e8d04a1a1f6091aba4617b521addb
data/method1_outputs/Q39_method1_20260414_000947.md,5993,0d4e2785f73347b4f255efc412e6d983a8e8ff75ce2834352b1e2afdb381afd7
data/method1_outputs/Q39_method1_20260414_000950.json,11039,bdbfaba6e92664358e13c9d1471e92bcfc625a9d2ebe1660b7ea5bcd3e07bbf7
data/method1_outputs/Q39_method1_20260414_000950.md,5685,5cbe6616ccf00ce9b4fc635a80fe2fbea57125f71d97ae2d542e4ddb9acd6f13
data/method1_outputs/Q39_method1_20260414_001106.json,11041,c3a754b1fd387d10d71d450a53c5216667d6e58e790f327886556a428e122611
data/method1_outputs/Q39_method1_20260414_001106.md,5616,c4a4d77d91e65f3a8824ff3e22f40be3f2a3984243b98116eb35266b7216a87f
data/method1_outputs/Q40_method1_20260414_001141.json,12357,561f8f68c7428ed4fa2109dbf05af3419d55b75d80dcdbd242401fa725607fa0
data/method1_outputs/Q40_method1_20260414_001141.md,5822,8e5bab3c33aa6a4c73ecee3a2b5287b50019e972f2ec2a3117c2aa725835e128
data/method1_outputs/Q40_method1_20260414_001144.json,12357,b50bfc96b9199b8199c215bdb9064f49cc4fcc6eba0642ff24a38435706bccf4
data/method1_outputs/Q40_method1_20260414_001144.md,5857,9f1475c62668b2ab83f6d363b09a708249f5db261de845f94a3be40688f8f1c7
data/method1_outputs/Q40_method1_20260414_001255.json,12357,91568048ef739efb64e78f2ab8d1c2068dd11a828c6436df79554e62a9d1fcbe
data/method1_outputs/Q40_method1_20260414_001255.md,5975,dd90a0f37cdb8fc819926ac4d6dea98639295b990c819c400435156c77e6acf0
data/method1_outputs/Q41_method1_20260414_001327.json,9074,46effd802fff62b3b5034ef4a7d8e2563994f0d4d6f10a667a00a4fdc00d2d38
data/method1_outputs/Q41_method1_20260414_001327.md,6776,6a95c0f7b3e3116998a79b2ee260290510fb92459a25143fcbd29df1cdba2990
data/method1_outputs/Q41_method1_20260414_001332.json,11087,35768da0d8f98bb571a420bb45f06b9b78547f60201238af49917e09d6aa7c32
data/method1_outputs/Q41_method1_20260414_001332.md,5913,66d526be62076709d9bd528148243edccf11afba66e11e3d2d30bc19b622abb4
data/method1_outputs/Q41_method1_20260414_001335.json,11087,05db0ed9860e35dabd2e82d8cb4d6252caf5f32e2e154ca7294eb847cd9804aa
data/method1_outputs/Q41_method1_20260414_001335.md,7382,5c46f212a5a0f06bd23dbfc920b996a2370cdf663668cc0baf77752efa400d88
data/method1_outputs/Q41_method1_20260414_001448.json,11087,0a013ef680fe9b220b10c35f89aed259c300537aab5b05ec1b841b4d12055bcc
data/method1_outputs/Q41_method1_20260414_001448.md,6679,f0b3704a9389476b01f730460125382648272458f76db399c41ca4b5ac68613d
data/method1_outputs/Q42_method1_20260414_001521.json,11087,c2b3d07022b27ba590b529162cbd7fc698d200a3c03569366f0302a6fae170e5
data/method1_outputs/Q42_method1_20260414_001521.md,5882,59d94bc362cfaedc0815ad19f45c241c9c5872477b53e8d80894420e2fabc479
data/method1_outputs/Q42_method1_20260414_001528.json,11086,568d464408bc66927d5fd2e3331bf47e1b5f4550d4d61365c862980a23ef76de
data/method1_outputs/Q42_method1_20260414_001528.md,6459,f5b10b8ff0023d44589c1e8f3d852b30447941aeaf736dfb55601c66ee9dba4c
data/method1_outputs/Q42_method1_20260414_001544.json,11087,316e2830a4687eac08d835c47a896f871c14f5d0f26dbdd69ff56dee51e513c0
data/method1_outputs/Q42_method1_20260414_001544.md,6347,1e5b0d7f30ca30691d924f5e8d88e201f73d5506ea286896a959053898a1b9f0
data/method1_outputs/Q42_method1_20260414_001653.json,11087,608725aea637ddef649a1ab229b68e6196e286831543f67953284e618d8d4b5d
data/method1_outputs/Q42_method1_20260414_001653.md,5628,b684f9e77af1206441c78031adbd95fc8f6ffd096979e5c74e857c98be0af7bf
data/method1_outputs/Q43_method1_20260414_001714.json,11056,2d82bd707ef631912597f0f4494880f8c7fe3d61ad6ca28b105f736b152f297a
data/method1_outputs/Q43_method1_20260414_001714.md,5291,e4875483f28b287c35e693d016d82a05ee4f3e7950faaa4f57938174ee288f93
data/method1_outputs/Q43_method1_20260414_001725.json,11056,b92a7e8279e824ef825279b7494d8d34f031dafdc596d7c467fc95e005bd729d
data/method1_outputs/Q43_method1_20260414_001725.md,6442,bdcd2238279d9b885fac52c95a62d0c218fa836c48b9d5ef6c39db59dfe09348
data/method1_outputs/Q43_method1_20260414_001737.json,11056,bd3d649f74f5c2fbdc266285c8c4a20a9c103216d64e3bf53b42d7beb9d26072
data/method1_outputs/Q43_method1_20260414_001737.md,5426,96ae7f46175a0c991bac647d6ba19f34a7a339b8362c134aafe9324ffb8f1ca6
data/method1_outputs/Q43_method1_20260414_001844.json,11055,27f37863348bb17e5ef0a6bf32aad52e6be252d696a465e94819493df7b851d1
data/method1_outputs/Q43_method1_20260414_001844.md,5741,adf332c71740fe87de48f573ac5661d32490ab86ac31f42c44b1043acedddd14
data/method1_outputs/Q44_method1_20260414_001907.json,9945,5120cad95d6f3dbb4a747c93903de41772a342c01fa6966ee558ccf04e7e2e31
data/method1_outputs/Q44_method1_20260414_001907.md,6357,b5e3f93fc66ff91e762f4cd61006383d42f5ca29584fd234096ffa3fcf2ec906
data/method1_outputs/Q44_method1_20260414_001928.json,10539,46fe3ffde551847bc18b1aab2578e993cd751bb32f3f361388c0c268ee40d875
data/method1_outputs/Q44_method1_20260414_001928.md,6704,ba88abca41555db59c4c84cf4d2cc73d9bceedb80c7f079bd7dff0cdf69aac6a
data/method1_outputs/Q44_method1_20260414_001929.json,9891,91b97cebb291a9b2f94894ee78fd01e0771f99cbbd2f97948621f776d1d53d64
data/method1_outputs/Q44_method1_20260414_001929.md,5899,27b46abf1fb480fa9bd35f096f5593f88bd2e540bc37ead16a9954ca12a4b4f5
data/method1_outputs/Q44_method1_20260414_002044.json,10539,b9e1eb5e4d5d5c8e58b6d3aee61cfc2e7b76a9bf9466dc733ea5888f8ecc3949
data/method1_outputs/Q44_method1_20260414_002044.md,5664,b5f7ca62879e8c3f54969838f866e3d304fa230c3e1258a9ea5114d46c03b593
data/method1_outputs/Q45_method1_20260414_002114.json,12332,e476482d90c1ea28742d48b92199e16595fb479e3fa4a4088190b6f4e052bd0d
data/method1_outputs/Q45_method1_20260414_002114.md,6495,f648791199bde71094296a63154cf0d6606bed18ffc2180be6c35987a14f4c01
data/method1_outputs/Q45_method1_20260414_002123.json,12332,78f6c71684d26e900868f585896d2005eaccaf457783b1816dedacc2e0e51bff
data/method1_outputs/Q45_method1_20260414_002123.md,5780,3f919ce474ef30e1dee9502b63627fc522f088c3ae4303e34ef0cf6e4652cdde
data/method1_outputs/Q45_method1_20260414_002136.json,12332,0f2d9c8c0b15bcbfad57c8f244660a46fafd1a1cd5c60005d1455edeaaf209d7
data/method1_outputs/Q45_method1_20260414_002136.md,6039,88b945638f58d44011f937b459a0b83ca3ab679399ad9b6c8cf594a29f1c597e
data/method1_outputs/Q45_method1_20260414_002243.json,12332,ea44ca6f3c359c1462407d3192e435e39ea562f8725cb95b4fac53070f815254
data/method1_outputs/Q45_method1_20260414_002243.md,5871,a9f784e35e9d19d1935135c8748fdbe23cb1833f1fecdc314b8d6e4e3ba2e8ac
data/method1_outputs/Q46_method1_20260414_002327.json,11689,2d7b72673fde2ce1de691f7b578642e0312254c971067fc0e6e937d946676614
data/method1_outputs/Q46_method1_20260414_002327.md,6294,1eb4ca85ca267c27b38c9475f3b05c28cad15d60e580a36520b01470f1d00263
data/method1_outputs/Q46_method1_20260414_002329.json,10393,2e3fc5d56b72f59e7b223f0e99fd76395c14f59423efb040707fe63d21cb7540
data/method1_outputs/Q46_method1_20260414_002329.md,7278,b8d037b57cfb4c51cb1321f96945604d84abb2fd99c485fe2abfebb4b2875e7d
data/method1_outputs/Q46_method1_20260414_002342.json,9649,dc2ff8e033d233d8f22d199132f41ed83ea2aaaa55b4386fec36d5b67bcf11b0
data/method1_outputs/Q46_method1_20260414_002342.md,7102,32787ace3c75108b7c87c8aefd14c1ad4d574f3676a311a33258783dad12df7c
data/method1_outputs/Q46_method1_20260414_002443.json,9652,f64448eda18f3e92b552aa7fff5885bf023a54374a4e2393e65aca1af4f927df
data/method1_outputs/Q46_method1_20260414_002443.md,7027,eda45fcbf64775e0e60efde4375af8108c236ff1d8a2a05c03593ef99324838f
data/method1_outputs/Q47_method1_20260414_002545.json,13581,153bc44e514068bc8a91f87d65d1a9f1ef7832cd7dc6aec1f7eafae49a3c7af1
data/method1_outputs/Q47_method1_20260414_002545.md,5619,02c62565642ce9cfc6678d39ad0720102947c14540e6d30bf71c0c4e87a58aab
data/method1_outputs/Q47_method1_20260414_002550.json,12370,74c34676677a6522578c8c989add8608b0940956b8bba96c18337eb85a6db737
data/method1_outputs/Q47_method1_20260414_002550.md,6413,6addc540a1f334387f1cb5823af76b8b3295b3b9a227e6d98f7897972fe85533
data/method1_outputs/Q47_method1_20260414_002559.json,11479,03afdb889d79dad2db64b527d0dc5a5ff12344919d3097396b4339d38a0538f3
data/method1_outputs/Q47_method1_20260414_002559.md,5947,165202ffabcbec894bbd30c2174910e70537312be2918cb70e81f464923843a4
data/method1_outputs/Q47_method1_20260414_002704.json,11480,0b7a104d80779f3322694043bfab5cd5262d217e99e2597391b6113ad2dfff87
data/method1_outputs/Q47_method1_20260414_002704.md,6853,58e6b8ad068bbbfd0105839fd61fcdda6954e673e34c86a8137fc2c21bc5797c
data/method1_outputs/Q48_method1_20260414_002756.json,8513,8f823c8ad0d5d3139c63638139682b464f864b61c3cda1fcc3ac24f26ab76f97
data/method1_outputs/Q48_method1_20260414_002756.md,7170,1edd27233b915408bdb8184ba45e0cdeaa91bac872a77899b8e4b474b9cb007d
data/method1_outputs/Q48_method1_20260414_002804.json,8655,f4bc836ed2c5596ddc92c2d8174d94363f48b18cd246065f62f2f35be4590157
data/method1_outputs/Q48_method1_20260414_002804.md,5612,be4255e7bc461f6a0b4a8eeb0bad60d36e7678a06e775f7e98f0359261314775
data/method1_outputs/Q48_method1_20260414_002807.json,8654,acab4d404adbaea7af3e74f02af2101bcb4ecc4b89cbbd96ca66cad28af5a608
data/method1_outputs/Q48_method1_20260414_002807.md,6394,e9a6b35605009542ab29dd2a6e56311cf462c67d6f2eb838f0537df6cfe625d5
data/method1_outputs/Q48_method1_20260414_002909.json,7219,4e3b0747e288807c396b50e542e0d7733c51ae61b8ca497e330909dc7995f1f5
data/method1_outputs/Q48_method1_20260414_002909.md,6207,7d4edab6ce271067e31eb4309fd59a7e5ea7fb320922af4f626fa77793690ae4
data/method1_outputs/Q49_method1_20260414_005542.json,10454,3148fc00ba059c6fba7c7b135523af0a3165bf6caa611b0e877299ec3c08e122
data/method1_outputs/Q49_method1_20260414_005542.md,7114,bbbd0c3abaedbd6884b95e5b47979f011c90a8c2013ba3533032d926700da6db
data/method1_outputs/Q50_method1_20260414_092121.json,8312,3a1cca6c223882985940ab50f34b33eafbfcd8b6ec5ece16390556080a621a9a
data/method1_outputs/Q50_method1_20260414_092121.md,6693,87d8d6dacdebb244cd413254b3909336434ec26dc5f2fc4975ea7c47cbed7d05
data/method1_outputs/Q50_method1_20260414_092123.json,7312,9073f57c62ccdc237d3681b0310aa8ce0f9b26ed944ea6903474ef6ce4f68260
data/method1_outputs/Q50_method1_20260414_092123.md,7262,8882d934876ccc32b9391df9b8d4669a9fb55dc55ef95f3cbbdfd3818bf12ad7
data/method1_outputs/Q51_method1_20260414_092304.json,7357,c3f44074bc7f66a164d73003083e0d0803bf151989393f2cd6e712dfb1aff71d
data/method1_outputs/Q51_method1_20260414_092304.md,6870,b54963d8f4cb9d51f33a732f15fb6ae73c6ec7c6ecb9308d9537710dc2e17da9
data/method1_outputs/Q51_method1_20260414_092308.json,7356,57404f65650a2a0804d6148b0ee3ab52f5a26e6e8881f8c8f68d09897f4c4c62
data/method1_outputs/Q51_method1_20260414_092308.md,6883,2ff865307cdedcc4d376ff23bea0e72ee2eda0acac8354822f66641de97e84bf
data/method1_outputs/Q51_method1_20260414_092312.json,8960,7e894e44592575268cf8e2165e463309728082a3390d42930c26ff1dc5cfcb1e
data/method1_outputs/Q51_method1_20260414_092312.md,6982,ae2b42a84a6635b889e0da9371b8715987170e7a114e9813b348448cda47629a
data/method1_outputs/Q52_method1_20260414_092442.json,10495,1d67dd68bbabb3de69e35f1fb281a73fa77e269b23ccfd275781d63aafbcef4a
data/method1_outputs/Q52_method1_20260414_092442.md,5825,8e1c251c5da533b25be8ca714d568679a1988b6a26350505be6c64586bc74ac4
data/method1_outputs/Q52_method1_20260414_092444.json,10495,1e6c68a8c634f4447bd3f144e4b8bf6efc9eeca80c72abce45aed1271b62d68c
data/method1_outputs/Q52_method1_20260414_092444.md,5969,e3cc651ee4fc4b11b590f8bf97a38ffddffca3e8841ea7c49bc2bf87283bd725
data/method1_outputs/Q52_method1_20260414_092454.json,10443,ad364ed494d75202b01d9baff24b5e85e2e7a3218caea0034fee470c249e9298
data/method1_outputs/Q52_method1_20260414_092454.md,5169,5acf3cba446c06d9f5f6a1a4a5efc2c7e395d8bc9aa0a19c0013ac0b62edfebb
data/method1_outputs/Q53_method1_20260414_092608.json,8105,18ec06e9f9fc479be6029e1965dbaebb523bb2d711cc53386f5b4c4bb685cd47
data/method1_outputs/Q53_method1_20260414_092608.md,6261,b391450dd3a8b11de0033c17be78b38b68352a885dbe24d9af6a3c2a8769f9b3
data/method1_outputs/Q53_method1_20260414_092614.json,8845,f7e09e6801f80ab43eb34a88df4fb43db0c757349fac98681514db6bf21a486a
data/method1_outputs/Q53_method1_20260414_092614.md,7011,ad26644d9831a34dacb3e9931d2a2baaa6309ac1884520a62cddbcf70811f3dc
data/method1_outputs/Q53_method1_20260414_092623.json,8609,68ff5003341927f0f604559686ebde44130468aa1326d39fdac57247df71781e
data/method1_outputs/Q53_method1_20260414_092623.md,6500,50cf24e1cf8466d00a548161b765ec89b8d86211b0b72191a20d66f59d7f5f9f
data/method1_outputs/Q54_method1_20260414_092742.json,8382,a834f4c7d29febba4645a6b2d622db4bd6a12b3971c230542f268e4063488605
data/method1_outputs/Q54_method1_20260414_092742.md,6150,5af948570d67c808f520c406863ee2f720f0c9815fa51720a9468359725f0823
data/method1_outputs/Q54_method1_20260414_092750.json,8357,64558d2a5ee6965b2ca6de34619755a1987a6e6729a71852d70a994c0b9861d1
data/method1_outputs/Q54_method1_20260414_092750.md,6362,7a2a967a7cba18d04a7171d487467adf5a8035d57c787385f40098b7e0265229
data/method1_outputs/Q54_method1_20260414_092753.json,8481,7fdc88dbbcc75e06a9cedc2c47f6481c5690bc5f6155c583deb45164bb3c41e3
data/method1_outputs/Q54_method1_20260414_092753.md,7406,27858afe1a1884d8178f426a313cfccd5ea4cb66f115a6e79318d60aca601c09
data/method1_outputs/Q54_method1_20260414_092802.json,8961,6244af4f80202bdd646b29ab596b21920db41523b4a1cbb8acc6064ec4afa3ab
data/method1_outputs/Q54_method1_20260414_092802.md,6384,d1cde660619af4cc0363667287ab2fd0b28da0987c866a9f6f028d4d88fa3143
data/method1_outputs/Q55_method1_20260414_092917.json,7230,5072a217c73a38e07e880c630deab3bc6994485ae5db3224ef0536e3f6f039cb
data/method1_outputs/Q55_method1_20260414_092917.md,6068,64d50043e636683a1621375755cf99e2537b045329aba4de08659b36da8fe702
data/method1_outputs/Q55_method1_20260414_092923.json,7230,5072f13dde1bf195059fcb172d81d265eda8a47bc90510df978f6502a9b066c0
data/method1_outputs/Q55_method1_20260414_092923.md,5238,49060de57ecf6a9e8a00a5a5d89361eb9ce1fbe93bdc1501e67c8f9ea44499df
data/method1_outputs/Q55_method1_20260414_092935.json,7230,61d86698f23b94b088488115af11e5e599dd4f4603ac84cd91c4fa95ea1076ed
data/method1_outputs/Q55_method1_20260414_092935.md,6942,0a6bfdc5fb9241f07d1055f202806e2bbe988c6d4e12b0bfdb30e85383e54e1d
data/method1_outputs/Q55_method1_20260414_092941.json,7230,8f7aac2ce5613fd8a2e2813791d9080bf8295fd08f1f943c393e99fcd11f5e10
data/method1_outputs/Q55_method1_20260414_092941.md,5988,b6431ea5c2cfe178b4cf09f6d55dd7058e00806b63fbf83b12e12d83b7fbf817
data/method1_outputs/Q56_method1_20260414_093048.json,10799,455285af520bb2e5fb96364b7cfa1c6f36540c9fe0659686902a75ff88da7840
data/method1_outputs/Q56_method1_20260414_093048.md,6346,b5eca8d07cc993120db0996bc32c4f9af6ec2664c8dfaaa35e658400ca5eb81c
data/method1_outputs/Q56_method1_20260414_093049.json,10799,c70279ef1d4aa37e05923160cc5390198d2b7fedc7affc87ae01e43c1576d0b6
data/method1_outputs/Q56_method1_20260414_093049.md,5711,0165405bbc1dd90c7732314c857273193fed1256fa36f963e669d164d8cc93b7
data/method1_outputs/Q56_method1_20260414_093116.json,10806,1ea9d04f8af2e27aeb1f9c31c5e467b9833d34121b2e3f46d2b7c774293e1f87
data/method1_outputs/Q56_method1_20260414_093116.md,6560,50f559c65b1e6ad8a3e339becdfb124d8a2b7633f2aec038c3d70c55309f35ed
data/method1_outputs/Q57_method1_20260414_093221.json,11092,f544aa8032f5af028fd420ed0521b5fe9e2ce499ca4e63fcf80f1fbed0cd0513
data/method1_outputs/Q57_method1_20260414_093221.md,5998,870513c2fe529520089f963b72aa01acaa2af4e3d466f127883f67e731679e8c
data/method1_outputs/Q57_method1_20260414_093229.json,11074,9eeea25cdd669e0a370ddcfab5b1afcc9ca37bb71fc74227335db8d698807146
data/method1_outputs/Q57_method1_20260414_093229.md,5977,72c3b891b4cf5ac45087d55c88180424634f45daa3081472cf18d593f5df926e
data/method1_outputs/Q57_method1_20260414_093251.json,11092,1ae30606350d2d4bd41c5aa2ca6d5f3e78d0d86fa86bf7f8db666aeae0ee0ef0
data/method1_outputs/Q57_method1_20260414_093251.md,6624,499671f13b9c008de84d835a3a58ea77a61d3c9a2035e2a1baea90c3fa75b66f
data/method1_outputs/Q57_method1_20260414_093256.json,11074,3be6c8f66bf2466df186a7eb2b39887c0bad0951402d5468ef9072680e105186
data/method1_outputs/Q57_method1_20260414_093256.md,6303,cc41c88dab926135e9af52dda41ac6b095b13667bff4ae51fd2683e3447854ad
data/method1_outputs/Q58_method1_20260414_093355.json,11006,fcc19f33bfb734a06b11125b6e07c5d1332141463e885f4904b0628c083508e4
data/method1_outputs/Q58_method1_20260414_093355.md,5922,0118b485c82c99ebc537ac08a9cf9e3631ff6a8080c0ba594b2453da393c2885
data/method1_outputs/Q58_method1_20260414_093400.json,11006,4b0d92d40b68849a667290a28b5a7450de574958409b28f2f106aefa3edeab87
data/method1_outputs/Q58_method1_20260414_093400.md,6022,b3babfd4fdbd7edff68382e3a27f6bf80aac1043851ca835f34eb281baca5cde
data/method1_outputs/Q58_method1_20260414_093426.json,11006,fb13cbb5f74da4105db7de07e8932d31c44147e12f9b3fd1687b962550f9dd65
data/method1_outputs/Q58_method1_20260414_093426.md,5096,98363aaf2de04e24ed093090b657c3513d2855bf936c96d39fb78e51611c2955
data/method1_outputs/Q58_method1_20260414_093430.json,10745,c895c9091679e45d0b10350942675dafedbc575d9f87dfce43e579f4d3dbe955
data/method1_outputs/Q58_method1_20260414_093430.md,7368,5a2756991ca85966d7ec0562274c37838445adff2d3d6a4a136f869f57e24d00
data/method1_outputs/Q59_method1_20260414_093528.json,11133,c0a7ea42eb73dcf72f6109f68ba5e99fb227dac2ef8dafeeaf65ae2e285a4eb6
data/method1_outputs/Q59_method1_20260414_093528.md,5532,fa8c665546a893cf11888cbceeba5d10bc077b8fe8465579469e876cc04a66b7
data/method1_outputs/Q59_method1_20260414_093531.json,10927,752560a7e006d930dfb213714e0ae488c44c8ddb7defb63d291ba80ea05cf7e2
data/method1_outputs/Q59_method1_20260414_093531.md,6994,c3f91fe8d7c7c4dfda2f90bb31a7901664572f596189d761ccd8ffb466203109
data/method1_outputs/Q59_method1_20260414_093555.json,8772,ff55d669bf84bb9cf1796c9c4fef487d425479cb48e1a987c0f706cde14f9fa2
data/method1_outputs/Q59_method1_20260414_093555.md,7448,f2d42fab0712b3aa0ccb20c47c15aa0c927f70ca8df3861b999b0e7b8508f0e0
data/method1_outputs/Q59_method1_20260414_093616.json,9780,69010b97b271fd8785bb1d2d5f933884063328c7013dfbff7bc51c5aa4f7e3dd
data/method1_outputs/Q59_method1_20260414_093616.md,6909,3e9635dc39aa5b7f68bf64f973a8ed635d8929365f1317126072ca54f06813be
data/method1_outputs/Q60_method1_20260414_093716.json,8680,0df9dd1cfb02b1bb232ecb856b80f717a9bc263ebef1ff8d17b46632a35bf031
data/method1_outputs/Q60_method1_20260414_093716.md,6047,a69d2dbe859599946a576be00108972aafd1db71c206b10f3fa67535efff94d0
data/method1_outputs/Q60_method1_20260414_093742.json,10395,749026e25c722d1792b08afd71af1d10e7a426aee12771d68472af02ce3cc0da
data/method1_outputs/Q60_method1_20260414_093742.md,6569,e37b8f3f72521174ba69311d7b130647c2c417ed4e91dd7ab5d6c6feb6cf9511
data/method1_outputs/Q60_method1_20260414_095718.json,8679,bb83f60ba576a059df69b77c47770ff6c9a5048acf8f79d1dfba02fa85c18e2b
data/method1_outputs/Q60_method1_20260414_095718.md,6587,379a2e01046de6b98e24cb499787697d62fe781a00986d6dcad47981a786d206
data/method1_outputs/batch_run.log,9024,93961a1ac03e9df55619c60ca0707d5f74d6d34e8756908de6fde5df9b725dba
data/method1_outputs/errors.jsonl,4619,00797e1621d1cfd9da5ff2b19941ade252a41e6890e8eabed11a52bf9b7c9ed8
data/method1_outputs/pilot_ext_run.log,12753,a8f79a333b82f4d599fa2e989e82489cc0159f7a73e69a8b6367bb0caac2cc6f
data/method2_outputs/Q01_method2_20260410_220453.json,10977,bd00d9b38d0b1d435fdbd866e861f08d11695d8e27887a6b626b1ee5f5093fc6
data/method2_outputs/Q01_method2_20260410_220453.md,7123,77d1ec99392ae2c05aa36cf569bbc5e6d23730b5ca4c8bf74ef748ad9453cf58
data/method2_outputs/Q02_method2_20260410_220734.json,13562,ca4d007f4ac912acdffc2e9d55344fc2c60591967c294fff391db49d371dd1f4
data/method2_outputs/Q02_method2_20260410_220734.md,6923,e42d4c1c70343e8046f779265a749421edde6818476df84e1354601851deca48
data/method2_outputs/Q03_method2_20260410_221007.json,11834,fb8283641b6012711e87e6a843f0035f5b63a05bb26d5bf15f557a0aa446f566
data/method2_outputs/Q03_method2_20260410_221007.md,5393,050c9595d81e469340f3389249a49fa71e6d6abbf2d71d71ad6dd344e8298a77
data/method2_outputs/Q04_method2_20260410_221222.json,10671,b2cb810a1fe17253ec202b200f7aced41b631dc839d0c847d0a303a764543958
data/method2_outputs/Q04_method2_20260410_221222.md,6251,dafd80def1675c5c8c3b305485cf7c851263c826f3841726e83c98a47aaf789f
data/method2_outputs/Q05_method2_20260410_221456.json,12398,6284871e53094044685bbc636eeb4aefd5c2f6246a6529b6f9a15f2f3a95a85f
data/method2_outputs/Q05_method2_20260410_221456.md,4995,5daad9bca831b962c1d7a7f20473979f0772a78ee2daf0d656556206e9580ba9
data/method2_outputs/Q06_method2_20260410_221655.json,12712,20766a36fd6dbbfb35eae377beaccf184cbf635f87b72f72b72ef437572c3928
data/method2_outputs/Q06_method2_20260410_221655.md,4679,e31c4ad12fbdad7e45fd376224dad29eccd62d66bcd9b2b6d8281da11a2d01a3
data/method2_outputs/Q07_method2_20260410_221839.json,9238,26f92866c5b2caff847c7a88fdf0d6680ca01bf728ae839db7ef27e89420210e
data/method2_outputs/Q07_method2_20260410_221839.md,4956,9bce5c8194929b1006483b172499b50dc70a5261d16a1d4b0362eb5d638b4182
data/method2_outputs/Q08_method2_20260410_222043.json,8035,1d4dc4038b90d9c187eae5e31122461db38076e4d4fd37472175e18be7dfd565
data/method2_outputs/Q08_method2_20260410_222043.md,4855,89c95adb9e9efeed3a1086c3d83e3657a17dcdbd37988d6a3bdbedd468061baa
data/method2_outputs/Q09_method2_20260410_222230.json,11932,1f4cf986e1135eabe786366850c128fe1a7fe0226690a09933b23b03c8a4a9f1
data/method2_outputs/Q09_method2_20260410_222230.md,6594,92a45ba7c9dac2c4bfc57d18fc0b695fd4fced4361128f17ae23d26eca40c312
data/method2_outputs/Q10_method2_20260410_222447.json,11989,36d1a0949621b4af812336b76d2193b66b88669c5817d7687f2ae8d245eea62e
data/method2_outputs/Q10_method2_20260410_222447.md,7418,74196b75012f10a4a42c774374b833fc1dcaa35053405d01ecc1fac786a5f23d
data/method2_outputs/Q11_method2_20260410_222705.json,13731,1d523067c31fa627eac12e1f4284b8b54340ba88da88a612455a0bbc9ca01e97
data/method2_outputs/Q11_method2_20260410_222705.md,4937,95e1203a35273e5ef6719129997599039c46e9ffde1b54ca4b7e784d24df22db
data/method2_outputs/Q12_method2_20260410_222915.json,11561,2698d15cfe76cd071cb4cef911723e8dc21c5070829a40406854625b3e5dff3b
data/method2_outputs/Q12_method2_20260410_222915.md,4187,0d78263473b981e64906f21379e0bd7a1e78429b03e466c3ec7efb279cb5b5fe
data/method2_outputs/Q13_method2_20260410_223126.json,12587,9fe0b786effa8ccdbdc35d7dd64839c4e67ab93caffbec8163d95fd9e2c0035d
data/method2_outputs/Q13_method2_20260410_223126.md,6422,fab0a2e71625494113edba7c61a55eb5c089324ce829c8d3149c0464132fcdea
data/method2_outputs/Q14_method2_20260410_223340.json,12637,195cef94d6fd4df4567442fa5e2ebd85522d672100864704b9208ca9309f2280
data/method2_outputs/Q14_method2_20260410_223340.md,6219,7cb1836823a807e9c353578750df40d9811eb5c902fdcc7a16eacc6512fa4138
data/method2_outputs/Q15_method2_20260410_223544.json,12074,062fe37fdce45204f59904c4896e17f6a88cf509b23988736b211d57df37791a
data/method2_outputs/Q15_method2_20260410_223544.md,6028,122f4f0c8cbe5b606cd0d9f7c0ad151dc94f2687682b27ebd43d9dbd6c34076a
data/method2_outputs/Q16_method2_20260410_223740.json,13487,b022ef77f4588c4e4db7abe1bee28e837db4655208296bc0797e459c7f708800
data/method2_outputs/Q16_method2_20260410_223740.md,5525,cb8d48dce72d84a3bb05097dc5f67fb27f6f8ae7f685b277e6636e32d722cbfd
data/method2_outputs/Q17_method2_20260410_223937.json,10451,e792c47c9d9668db7a227e3d52d8c408ea328134cf67a651cb7c2dac4fe36a45
data/method2_outputs/Q17_method2_20260410_223937.md,5818,7b2f02ef66fe1dbbc62d705216dec0f29b050a2ef8ceb15d00270c59203e9d45
data/method2_outputs/Q18_method2_20260410_224128.json,12557,afdf83db332a99765a7ce2a2c15dd98228f41dd6de587a7dd6e716eefe4bf123
data/method2_outputs/Q18_method2_20260410_224128.md,6761,1d9fa81dcfff8811f0b822efc1d1e128fe3d571d52ed734aef837e9799fca7a9
data/method2_outputs/Q19_method2_20260410_224328.json,12223,4db9c4752539cf436953210540bd3fa6eb16784eddf91c17eb96bf6f06121bb6
data/method2_outputs/Q19_method2_20260410_224328.md,5935,d5f0e8ef68adb21e9a95a8acaacf671b3f1b185e55381eb9393e0d92f8319324
data/method2_outputs/Q20_method2_20260410_224522.json,12129,ced499078e520ab597487079679b97937761b232e6a4b29b5285fe1858090a6d
data/method2_outputs/Q20_method2_20260410_224522.md,5410,48ae7fe16512268c15ec99e4dbf2c90cd9bbdee2fc6d6603669f0f639bf1cd68
data/method2_outputs/Q21_method2_20260410_224721.json,11726,5972dd9344fbae9bba4c3a4caa56122a43aae14b4381861bb9476fa2027819bd
data/method2_outputs/Q21_method2_20260410_224721.md,6141,bdcdfc4d36cabf51bab33411a7d4ba89754ca941e0c5c1bf7e37201ea2010881
data/method2_outputs/Q22_method2_20260410_224916.json,9808,46180f8dcd7fbad44d9bc1ca2e34524edb792d749d0fcd44aad7fe1e11353db3
data/method2_outputs/Q22_method2_20260410_224916.md,5688,03018cc79ed681495487dba5e02829503e3424300d51e1a5c6f2e88ecff8bb49
data/method2_outputs/Q23_method2_20260410_225107.json,9515,a8eea0fd53bf7b88013d821f4b44e50e04f1f7f50e1c88195d3cafc0b1f2b1fd
data/method2_outputs/Q23_method2_20260410_225107.md,4417,e330473a1e991eca3af1a8cba468683d0fb0cb5c3a2f9b17172e59e99ba9d014
data/method2_outputs/Q24_method2_20260410_225306.json,8544,132959af97653864baf86bced2351ea4bdc9bafdce0f9c695409ade6da4cdd0d
data/method2_outputs/Q24_method2_20260410_225306.md,5446,0a93cbe8548ecd489e0372b63a6a265bbb00cd720d8174ccfed7c951354e2ee0
data/method2_outputs/Q25_method2_20260410_225514.json,13530,895e532aefe5ae5084baebaa468de1500b629f9145b8681d463ac8ac97b81231
data/method2_outputs/Q25_method2_20260410_225514.md,6238,e85747de2aab277851d62f0f3c496df9877acd35da77ada93f1e61e1f0dd8778
data/method2_outputs/Q26_method2_20260410_225746.json,10431,f61f7f64d5b47ecb63c19b25784ace4b85fb14a519608f08489bb2ba06498410
data/method2_outputs/Q26_method2_20260410_225746.md,6916,1c11e736e8e0bdb4ed918b349af6b7e4e477769fd9bb37c39da14f2c32bf92c3
data/method2_outputs/Q27_method2_20260410_230005.json,12059,e9471e5a04487f7d99a23d8bc66e6f534c7e23142b6fc1b95c8cb68d87639b66
data/method2_outputs/Q27_method2_20260410_230005.md,7097,b9e5c54b47923386336e6fc58d6ca88f0bfe8b080076cc056782762259552b0e
data/method2_outputs/Q28_method2_20260410_230230.json,11074,74c115a70684acae9241750c421a1fee195aced930d771488555c830d169b565
data/method2_outputs/Q28_method2_20260410_230230.md,4839,2bda01afa7f22d64f03dcb001af007b791cc8691408403db2763e39696a3e312
data/method2_outputs/Q29_method2_20260410_230429.json,10248,983bbd34fb1bb2de4659d0951f056b935260a80a214c352ce35d40203db8cec5
data/method2_outputs/Q29_method2_20260410_230429.md,4741,628b7117ca16267bdc1ecd6c4d379dbc3ffaf53b73f73f4c3b72ed1e1ad1469f
data/method2_outputs/Q30_method2_20260410_230619.json,10146,6c8d63548cf216b00baccec40e37fc318b7fcba1c99b2addb1b168c7f306952c
data/method2_outputs/Q30_method2_20260410_230619.md,6807,b427116e5a9682c62b1245a57b1f0d4b005a1a23d3715b033c821c1ad1253774
data/method2_outputs/Q31_method2_20260413_235909.json,12459,e9c722803f7710fd2cb49999ed5688d4ff948bb40b2f01d372ce2e4bcfa27d31
data/method2_outputs/Q31_method2_20260413_235909.md,7443,8c1379703fb040f6007f8cbfe2b2dfd6ee3921e82a51279459f8703b5c615735
data/method2_outputs/Q32_method2_20260414_000230.json,13091,0812c89597146cfa2f974010dc010ddc0fae79eb0156d791aa4e4a7d39af0cff
data/method2_outputs/Q32_method2_20260414_000230.md,5852,132e6158be3d7e99e8ebcce968f48b57b231d0be5a2ae1f2acd9bc990d519626
data/method2_outputs/Q33_method2_20260414_000037.json,13758,55bc7f5af47bef64272a833a3af952ae52f2ad138438838069c1b1ecfb9cb770
data/method2_outputs/Q33_method2_20260414_000037.md,5775,95301826bb95b863891da5d4b6b69831e9456b4ca90e074ca2a121444dea7238
data/method2_outputs/Q34_method2_20260414_000343.json,12567,77d30fdbcf3ca2188c83c89c1c62300bfaf5d5ec52305e56ffb7a814e0efc6b3
data/method2_outputs/Q34_method2_20260414_000343.md,6681,bffba66d1148d30d48008d0c7786a22b7610a306ba7076b2b287a5b84035eedf
data/method2_outputs/Q34_method2_20260414_000524.json,12513,a9808a0e87f1396ea767db0b276410096af60742cc114dc8012283c5d2dc3f18
data/method2_outputs/Q34_method2_20260414_000524.md,5513,f16b41531265143b8228785ce7a06a5512e3a15765be3ada93bb2d50ae502ef7
data/method2_outputs/Q35_method2_20260414_000647.json,13787,97ae4827d5a8030322b7196566c29ac9407f4ce04679a5883e6210c95f17253f
data/method2_outputs/Q35_method2_20260414_000647.md,5184,4be57150c5d754f468b492779a4ab4d775aab48f6178143fe4e33ff4adb36ed3
data/method2_outputs/Q35_method2_20260414_000807.json,15117,b4608111228119ed877ff2de8000347965c6c9b8b559584f2aa7ccd2d0d45d9e
data/method2_outputs/Q35_method2_20260414_000807.md,4705,5463f8e4a3f750f4e3fc0c73fc0a58ee010179c2412800962f024e4c53a31985
data/method2_outputs/Q36_method2_20260414_000943.json,13624,09adaa1094bf45481962d1f90a85511091690783e920fd3e3c7b26b63eb08057
data/method2_outputs/Q36_method2_20260414_000943.md,4206,987253f5e0f2286de868b1d05e06f4c28db4dac2ca1243403477497d8a9a7d87
data/method2_outputs/Q36_method2_20260414_001100.json,14092,c2f16aa79223542650aa4ddcbc6799f129364f939d75bea3056cadc828d44116
data/method2_outputs/Q36_method2_20260414_001100.md,3999,f171a53beea9a1008f753c7852787d61e9be9ae5334098871dfbc4e8000b11e0
data/method2_outputs/Q37_method2_20260414_001205.json,9817,327378808cc4d0c321801bb15f2854cdad5779c5da7de822cc5dc84ad6c8ab9b
data/method2_outputs/Q37_method2_20260414_001205.md,4427,de88e1585de1095221d1ac6601bc45ba6a5c2000d028a6b99f76e549dbb829a1
data/method2_outputs/Q37_method2_20260414_001316.json,9995,a82740a85f7c6d5c214610c89ebab0c1f4ba8cf0308bcd493d5c458c382a963f
data/method2_outputs/Q37_method2_20260414_001316.md,5458,49d2afc9f396c00cf5cc21fde18443709ef4b3fbed2a8a7fffe984b8fe264ba5
data/method2_outputs/Q38_method2_20260414_001423.json,12242,7d3005341b6dcb8370d15990f8ef7fc4a4b88be9a332467e79c9d1af01a18e2b
data/method2_outputs/Q38_method2_20260414_001423.md,4519,bca0e56141bab1ae7359160b6cbb6c34c9b2cc4f4997bb5181b9dd1c7b27d993
data/method2_outputs/Q38_method2_20260414_001555.json,13234,d69bdfb93cabe822138684f9af205dcc75ccd3209aca46c98c273a22ec2aeab5
data/method2_outputs/Q38_method2_20260414_001555.md,4421,49240f54d9dd2a7784590743a32ff2d2c313e10f3cc86b53ac4e930ba5db2bb9
data/method2_outputs/Q39_method2_20260414_001650.json,15068,741e50cc346ee119fe9b1d99c18e36d673e598483a3ad9f7d2d6eba6bb4c158c
data/method2_outputs/Q39_method2_20260414_001650.md,4910,7b60c7f2828f377481b00bee908a0c8676b726bfe1d43c8e48cf42336918ef02
data/method2_outputs/Q39_method2_20260414_001822.json,13306,f3539035ead35493359aa08b189f637e6b74067dd07c541906d6030f238b7436
data/method2_outputs/Q39_method2_20260414_001822.md,5521,9dad5c3a095364c2819bb2465f38121095758950d87da56696d27cb24bef2247
data/method2_outputs/Q40_method2_20260414_001936.json,15903,ff695be6944ab307052ad9061d2eaf4c0e4ff7bfbba22fce016fe84a1071293c
data/method2_outputs/Q40_method2_20260414_001936.md,5964,48d8280c0328b70dd09dc85968052a16b5b2dc6ac149af5984fc4c2de7b33d0a
data/method2_outputs/Q40_method2_20260414_002121.json,13588,5f7c5947bbb910a99badd4b373f39dd2a4e8efbd107f40bc9d28bb8c01d7f400
data/method2_outputs/Q40_method2_20260414_002121.md,5731,975183e6a112df28db752d5001841843c361fe35927b58ab48ae95ee8dc7328c
data/method2_outputs/Q41_method2_20260414_002242.json,10517,69ec78699de9e1a10eb95980b6f384bfb8faad931964a22730f126f76ee7209e
data/method2_outputs/Q41_method2_20260414_002242.md,5932,074141684e7f2318e10b1bf5ddf607c5a65d6831db9df477d981df4d09448274
data/method2_outputs/Q41_method2_20260414_002416.json,10747,e06089bc15e6e9f265f1e287df02d9e93d6c145dba8bb207aeecae4be9224e5d
data/method2_outputs/Q41_method2_20260414_002416.md,5499,bcf366efe0eecdc829a3370f30901f1d0db1368e11c9fabd2f6cf0cef973114a
data/method2_outputs/Q42_method2_20260414_002555.json,13275,06463754ca82efaa68ef1482c7397415601803fc304ed682610e90df64b71f1f
data/method2_outputs/Q42_method2_20260414_002555.md,5540,ccbfe13825fa8b309cfc169d6f5216cf46592c947c1b63a311a29d9ce6e54d29
data/method2_outputs/Q42_method2_20260414_002729.json,14271,399354e3f22494cb168507f6df31e072207c6cb91e2daf543a7abd1621ad29e8
data/method2_outputs/Q42_method2_20260414_002729.md,5485,ef983491b12f61562b28931c6b62328939c8a6cfa3e4caf4a4c4de2e84d0189c
data/method2_outputs/Q43_method2_20260414_003013.json,12619,9a11f05958df6e26bebaf9d9d292dc190886b59c76384393d17db264b78f7414
data/method2_outputs/Q43_method2_20260414_003013.md,4698,58de35a130ebc436d118f709dbb1c0d0dad1c9bff0a0d29598d14658f0141c5d
data/method2_outputs/Q44_method2_20260414_092123.json,12471,7ba83e03804ab762f4545ffbb7db7b485baa7e05673d46eb2583ed5ce4fa7d9d
data/method2_outputs/Q44_method2_20260414_092123.md,5135,598befe1a5f06941a95766229be790a6e559e6a09d985aa82b145db490d4d004
data/method2_outputs/Q44_method2_20260414_092304.json,13112,5d4bb14d70f1417bcf15ad28b0b0edc33bdd921ff1ec8c429a972a2b26efe9a9
data/method2_outputs/Q44_method2_20260414_092304.md,5571,5302a1dbb17bbd715091289d1746e12322c203efaee09c93baaf0517afba5bb0
data/method2_outputs/Q45_method2_20260414_092346.json,15163,73aed1eb5cc4ced463929076d474c4e75bea9522a694ac40fdaa6dc67399f5a1
data/method2_outputs/Q45_method2_20260414_092346.md,4507,eb5fd7d651eb0bee893a7941a1f5f1de5fef3a77cc87b22acfe0e118b60457db
data/method2_outputs/Q45_method2_20260414_092519.json,14737,d3f04f7376250aee5f6870444949cec6e91264225c8c00f72fe73ed87a165e09
data/method2_outputs/Q45_method2_20260414_092519.md,4367,43565fe3650276e99ec5fbd1981fd5dd6e86da93b5948a82335f76cf73244ef9
data/method2_outputs/Q46_method2_20260414_092600.json,12871,a2301c2055c4bf8c073845f0506e216418dbe719a629bbf4f410a15bb5e7e097
data/method2_outputs/Q46_method2_20260414_092600.md,6883,d9b7e068a97dc5459605655b204d93e57d038654445076cf1970e80f840cbc58
data/method2_outputs/Q46_method2_20260414_092726.json,12191,08ff27aea121c04a15c275f6ae52b47ba6dd9598e6a3f0ee1c63b31bfc5fd3aa
data/method2_outputs/Q46_method2_20260414_092726.md,4955,758684f6f3a6f5bdb1a26d6d0ccf855e9be8020473d579d051c28a34ec5d830d
data/method2_outputs/Q47_method2_20260414_092836.json,14656,0bbfa27e701f2c7d3a90ec3b3075a7030e74abef0a3e3f419e480435a5153ca5
data/method2_outputs/Q47_method2_20260414_092836.md,6168,ca629846e0b6a6ea839c5d2d830655f107064b8b844d77f31eadd11e20cecbd6
data/method2_outputs/Q47_method2_20260414_092941.json,13731,676ab433205367059b1534b12125d4e1427dd55079187319627e0f19a53cd74d
data/method2_outputs/Q47_method2_20260414_092941.md,5129,808749c8df947a00bb31ac16ad7de3293a1bf2941c1859e26ad547511ac39611
data/method2_outputs/Q48_method2_20260414_093106.json,11436,b021e03b94209d1e2f8ad4c957522aac821f4173e0b5ac67c4e3a4ae829bd58b
data/method2_outputs/Q48_method2_20260414_093106.md,5423,a2f16c51dde71ff4a817be883afa97dd1ed12d7e0af9563dfb666bfdc63ed17d
data/method2_outputs/Q48_method2_20260414_093204.json,10004,d64314a6dcd2667951db95c9c2cca260a7b7f65b16c22fee573adb81d8e5fc48
data/method2_outputs/Q48_method2_20260414_093204.md,5730,936e33676af7497d4e132719d4dc777ce2eec087d059a90566a24a2e996dc770
data/method2_outputs/Q49_method2_20260414_093328.json,13266,c20583151937ac57ad2999345d189f6318446ace022f974ef2ca1947e35ff645
data/method2_outputs/Q49_method2_20260414_093328.md,4382,cc3d6916cb2bd36a292f19c11fb3824e769a209ad7240b1c542770c565dde7b5
data/method2_outputs/Q49_method2_20260414_093424.json,13385,fcd743fc5e58c7076873ef19d12ca3a2e423e287025c7ed70ea3ecf75b15d922
data/method2_outputs/Q49_method2_20260414_093424.md,4492,1664f947aa0441c97e69facc4b943bdd21588dfb7915486499e3dad5aeef69d2
data/method2_outputs/Q50_method2_20260414_093535.json,10870,d2c4e55e32effa4a4c0c53909f1356964669f95e90b85f6a87586239579855a9
data/method2_outputs/Q50_method2_20260414_093535.md,5925,7e24f83749005ebff48fe28c54d6946660696898c059ffd9c5e8dc7046cf6cae
data/method2_outputs/Q51_method2_20260414_095723.json,9743,8af2105e28868bb5b75bf886f7487cb1082f84e3dbd71db27e0b73af19d20117
data/method2_outputs/Q51_method2_20260414_095723.md,5944,bbbea5d6b30c2cff2c522ff72d18b12903816af98c5b83908b3b5069c78dfd4d
data/method2_outputs/Q51_method2_20260414_095724.json,9589,9edefb8f27f4f91ecb08ac06df91dd074e78e980ecc79a9c0eb367b34ad6eebf
data/method2_outputs/Q51_method2_20260414_095724.md,5105,aeabd5fcd17b8446f7aa10edc8354e0556bf8064917083115d1e5dde2825c2ae
data/method2_outputs/Q52_method2_20260414_095958.json,12481,fad066071acfaa18e104ba7b43d2852aedd17df4ec19f96e7b49e01f31304a80
data/method2_outputs/Q52_method2_20260414_095958.md,5214,86142719ece90339ef3623f9e595da36992ec71ac3fc67e7a564c19489f6ae2c
data/method2_outputs/Q52_method2_20260414_095959.json,12913,5c8c4216dadb6825fe8e633e6f3e313f6424d01fe573ba75610c0c9869680c22
data/method2_outputs/Q52_method2_20260414_095959.md,6452,e02f5251bd160a97e37c53e203e44d444c318dcf17344f653076fcf463e795d1
data/method2_outputs/Q53_method2_20260414_100251.json,11885,1870af314778a741f87a8cb39629c7650bc9f19611e5dd1048438af7065f509a
data/method2_outputs/Q53_method2_20260414_100251.md,6573,a5327b7d57e0fd9d153e59226dda487dd60ef16884292c8f218b78219a8ef1d9
data/method2_outputs/Q53_method2_20260414_100305.json,11354,0d391863490c4b084ffd6e371063eff1c930b803bdce00f0f3fb0d9e047b0939
data/method2_outputs/Q53_method2_20260414_100305.md,5349,ae7db63e954f6bef577c25b50d7ebb7172567e6189a5a4ea9ce01536b04b6fc1
data/method2_outputs/Q54_method2_20260414_100524.json,10822,63f64ca2da4e3e442afbd81ce0278827f8ea4cf6cbf9d3ccea3a738ba70b351a
data/method2_outputs/Q54_method2_20260414_100524.md,5157,72bdbe856c9f5902549d18bd7be4d85601a6ca642686924f04d1c22f372d6aa0
data/method2_outputs/Q54_method2_20260414_100536.json,11228,7540eef4ff7590b308afd99656f2047fb67e17c4e6c01f55d2c0ddd82d25ae6b
data/method2_outputs/Q54_method2_20260414_100536.md,5082,afc6628035b28f8d436a9d1620cc3f5f88d3d2ca0eaae535bc1e806a85d2b8fc
data/method2_outputs/Q55_method2_20260414_100750.json,9821,a0931b354ef503804577f4cb4c99e6241a8c22878a006d2971a19754b55fe6a2
data/method2_outputs/Q55_method2_20260414_100750.md,6010,5a68118a5ac7621151ea1b05eb991985aa01a525966d043d14a5aaa3d08a4454
data/method2_outputs/Q55_method2_20260414_100812.json,9450,6a6048523dbdd47395ee0d11a9b7ca22aa7c1cd18b2759462ab59d432fbf4d2d
data/method2_outputs/Q55_method2_20260414_100812.md,5157,34c6645bdd6d250a42e5eb208f058dfc09453752973a501e04690627a99c3e2c
data/method2_outputs/Q56_method2_20260414_101012.json,11514,bc85ac9baef041f980862c40f780eb1d6044dd9fe6ec5f2ca168e8f99486f83f
data/method2_outputs/Q56_method2_20260414_101012.md,5638,c72dde6734c838b8923555c1258072a7cbd1c246713eb0c31b6856d3ec8a4802
data/method2_outputs/Q56_method2_20260414_101022.json,11941,1c55fb2fdf152434aff4546ebd7538cefb4410056202d05cd3ba1b7bb136f73b
data/method2_outputs/Q56_method2_20260414_101022.md,4366,68db4e39e30ac561bd1dbb9aad820c07c4359dc5d99b23760f33a7c1722c6040
data/method2_outputs/Q57_method2_20260414_101233.json,12903,547089b660d0eeaecb6318cd166102656f1ed7b44adaa5cfab860d069c69416e
data/method2_outputs/Q57_method2_20260414_101233.md,7242,1b94ec9d312cbdaa5666e8a981d06906b1a6af813b849a21530a72cbf67944e0
data/method2_outputs/Q57_method2_20260414_101245.json,12416,e5d9bc0a5399cde74da1a9accf6845ec058579997f63fc463188c3fc357da439
data/method2_outputs/Q57_method2_20260414_101245.md,4742,8f320cc9fde38409f3b26dcf1af14df359d1281b77fdaf3da0ee2b39a887c5d2
data/method2_outputs/Q58_method2_20260414_101511.json,12713,c585dc032d22293bbaaa1ee7655c170b585faa7928277017b2d0554ab50ec8ce
data/method2_outputs/Q58_method2_20260414_101511.md,8886,9860413139633ef757dea5041f118eee52ab7a3f335e40076a3c0806a2f938b1
data/method2_outputs/Q58_method2_20260414_101517.json,12319,c1d121649dd248f5eee6f223b0a5d2c6ae59b0b4d4231a54fe7136367d4cd59d
data/method2_outputs/Q58_method2_20260414_101517.md,7941,dd26ea1173c5ea722ccd5242ee0c6b2e4b5b1987e83a79b60e8b089876c300eb
data/method2_outputs/Q59_method2_20260414_101803.json,11810,169fa14536cfb3a0b95a15aa5448320b1c4c593c137f695bf94f2e2e52b5b04f
data/method2_outputs/Q59_method2_20260414_101803.md,6373,63a437d3469e94fcb8fd537df41cc20d5ebed6e066314d7cf441152b661e011f
data/method2_outputs/Q59_method2_20260414_101804.json,11235,4935ae7d582b3eeb0f0b326519b2a95149ebad958e821b15f6de1b4732fa517d
data/method2_outputs/Q59_method2_20260414_101804.md,6040,9c7ac93d4dee74846e07d95c3e01eef4bf98544695c6655be07b17e047a4d443
data/method2_outputs/Q60_method2_20260414_102048.json,11657,c3cae66e14d4eefa42e76eb425b313fdffae11a58d1b03bd6615707b98f9b64a
data/method2_outputs/Q60_method2_20260414_102048.md,5715,c856d7bbb15d3fe874c42a5c341b1a685f8015ed7321b067fe3beefcafac9c1d
data/method2_outputs/pilot_ext_run.log,14731,87dbcb9ab62569704555a0132a15a6157a8b1111cf67d4ef2dbb651af8d4dd30
data/method2_same_model_outputs/Q01_method2_same_model_20260411_121610.json,14548,a35c7cf36f1cbecdc8f669aab3f378b67fe7a234d75172da23cf5ee4070acbcc
data/method2_same_model_outputs/Q01_method2_same_model_20260411_121610.md,6335,f13616e752b72e8d80ec24af8125801a028b36678891af783cf087865ad0fd1d
data/method2_same_model_outputs/Q02_method2_same_model_20260411_123509.json,17498,39c665f3157b7512bd6a8075f09b1bf6ebc309f95fbcc7560def2c1296fa91ca
data/method2_same_model_outputs/Q02_method2_same_model_20260411_123509.md,6740,b4db327063d39d8e2abd75736bcd1a3b1908a042e1329144dd1e00d05c687d99
data/method2_same_model_outputs/Q03_method2_same_model_20260411_123814.json,14120,9c3ee6e8bbc8268ef86d148f27a6f91b922436764884d39907571f3a678ce8ad
data/method2_same_model_outputs/Q03_method2_same_model_20260411_123814.md,5456,946068a6ae01fe2a0e48bfeffb22490d92bae7a7ade95f2ca075ae6c0eb59b61
data/method2_same_model_outputs/Q04_method2_same_model_20260411_124037.json,14887,7b1ec9ae78bf63039840875fa25456b4182b696166c9c44950391c84d3c33495
data/method2_same_model_outputs/Q04_method2_same_model_20260411_124037.md,5893,3c6c1e905ccf2a9473b98cd2623569637a53e75cbd66ef595e5531117df08a42
data/method2_same_model_outputs/Q05_method2_same_model_20260411_124331.json,14013,3f8afcad13d721d2ce42fd34fe3abdfc015f70fc14c591da3bee6c54fbc905e4
data/method2_same_model_outputs/Q05_method2_same_model_20260411_124331.md,4320,d8523c4e656520a86c830cc6700bd421a0871559eac672381d7da970f52b41c7
data/method2_same_model_outputs/Q06_method2_same_model_20260411_124532.json,14597,aaa5407e49158fae0099f92e4173a5d991d6dacdee227da32ad5c0ae83fd9637
data/method2_same_model_outputs/Q06_method2_same_model_20260411_124532.md,4923,63039beaa007c4344505467d05c15b29226305f32957afe0d6fdf9bdb6e3bee0
data/method2_same_model_outputs/Q07_method2_same_model_20260411_124734.json,9564,8120e9ea6edfd6d718bd09cbc41fc060e744910b4b2b4fb443a93499fc85025e
data/method2_same_model_outputs/Q07_method2_same_model_20260411_124734.md,4522,6a32570880f93db3c7bb3517919255405112150bed47f396ba3e790e505791f1
data/method2_same_model_outputs/Q08_method2_same_model_20260411_124936.json,11966,8bb8980fc5235bf2d31936c61a054d10ad89b3db196be271de29696104a05d1f
data/method2_same_model_outputs/Q08_method2_same_model_20260411_124936.md,5594,4d9492ea19fac163aff05b793828092f4857edb53781eca6f950823edb814da9
data/method2_same_model_outputs/Q09_method2_same_model_20260411_125201.json,15523,fd30ab76793caa9f528338857765cd56efa6ba9b7a624d851faa9d607361e09c
data/method2_same_model_outputs/Q09_method2_same_model_20260411_125201.md,6704,a5105dadd369e2cb866a8cc6f596ca288a96f4ddbf71383336b7379e01309f9c
data/method2_same_model_outputs/Q10_method2_same_model_20260411_125450.json,15647,cac1a1db7f86470489b57f2cbc146cbf25587073018baedf9eed0cd6da33b33e
data/method2_same_model_outputs/Q10_method2_same_model_20260411_125450.md,6210,a7dcd9dfe87d6798c12f4e8b49e3a03a0125653dbc698c4fb297a46f716f30b6
data/method2_same_model_outputs/Q11_method2_same_model_20260411_125801.json,15353,1098c4672d37d46e8d08ca2b4435b2a6d7338e3b9f9ce3ff678623c90aab1992
data/method2_same_model_outputs/Q11_method2_same_model_20260411_125801.md,4784,dd71b1560ea00a4566763b2bdbf90d0d0c7292ff0e0f6a66ecce050a08ad607e
data/method2_same_model_outputs/Q12_method2_same_model_20260411_130035.json,13232,c5439484311e1f0bc82f5fe4bfb4b191b8a554ef9a6f5495d11a88da3303040d
data/method2_same_model_outputs/Q12_method2_same_model_20260411_130035.md,5046,e50bac02b4c3196663e6831f103e77f611271111587eef1711f48a5cb3583aef
data/method2_same_model_outputs/Q13_method2_same_model_20260411_130257.json,15394,096d601df4befbebb947639355fb09e0bdac1b693848469c46a9c14a7ddf95f1
data/method2_same_model_outputs/Q13_method2_same_model_20260411_130257.md,6242,347582832b43cfd79dc5327f88b3f987183e529b603f8f34a7a90f4c80bd5148
data/method2_same_model_outputs/Q14_method2_same_model_20260411_130552.json,15158,54ff93e198326e7ec058a22928345325a8087dfc9a3068e1c97ef23d79af9c90
data/method2_same_model_outputs/Q14_method2_same_model_20260411_130552.md,5788,5efcaf71e6cc0989b757937b363c7b83547329d70081a6d74b0c6afeca9cbb9e
data/method2_same_model_outputs/Q15_method2_same_model_20260411_130829.json,12604,ab915632a0be25c4eeef0c31af03f1c03f5899db2736a6fc41eacea929f34c15
data/method2_same_model_outputs/Q15_method2_same_model_20260411_130829.md,6360,e86ca3e59beb9c455a8330197a741c2be8895d0f14a0df008d2d269a58b01774
data/method2_same_model_outputs/Q16_method2_same_model_20260411_131037.json,14304,fbdbabc49bb2b88c66a9b99d984e471dbfcc39419caedf86472ac89a6581a934
data/method2_same_model_outputs/Q16_method2_same_model_20260411_131037.md,4723,ecc4c3f7f26d360eb65b0793cab3f4289f9fda4b82307412bf56a106d642f153
data/method2_same_model_outputs/Q17_method2_same_model_20260411_131253.json,13342,ce9859f47731049c39811e7d290478cd488dc16a1f6d86ca7ecc1bb1370f3c26
data/method2_same_model_outputs/Q17_method2_same_model_20260411_131253.md,6333,7c01bfbb29c39a093c4d581d366aca1b2e1b528754d8d6f10e6260f3d45897c4
data/method2_same_model_outputs/Q18_method2_same_model_20260411_131513.json,14950,2344d20e7bdef3edd700e75d320a30cc3bd1b79114f14f1c13c68ee663c45c9e
data/method2_same_model_outputs/Q18_method2_same_model_20260411_131513.md,4864,18ebcb67e326344b99585e848fc2ee417141861033138981ad94eacd14c4278e
data/method2_same_model_outputs/Q19_method2_same_model_20260411_131742.json,11914,1aa00513be4eca1e037aff9670b16ffd78e7cbcda3f2e8caea759d99f6634b75
data/method2_same_model_outputs/Q19_method2_same_model_20260411_131742.md,6168,f0cf482f00ee7a989c104d32771f09592e455c54cc781780afca6728fbd6f920
data/method2_same_model_outputs/Q20_method2_same_model_20260411_132009.json,14419,1bd7e161179b4ad986681d29184d85a3497c3bd32e7d04deb65d02896b1beb4a
data/method2_same_model_outputs/Q20_method2_same_model_20260411_132009.md,4527,f316b53ad137737dd23364666f594188f21097788a7309c0fea52283e6522246
data/method2_same_model_outputs/Q21_method2_same_model_20260411_132231.json,12868,3d246d60d45e529b4cbff4bdc0a002d4e067a3874022b24a8e3e1897cfa5733b
data/method2_same_model_outputs/Q21_method2_same_model_20260411_132231.md,5053,02ca519a4b666b5afed39277f8deabb206bdf151324f58a5e6df69a20d2f8880
data/method2_same_model_outputs/Q22_method2_same_model_20260411_132444.json,12034,8451c2461b83b5e7ef8c58fad9cfcb254befc5072d3d5203e5306e74c288b835
data/method2_same_model_outputs/Q22_method2_same_model_20260411_132444.md,4656,4fe473e0894e27857409e3836ca22a9bffba23112f23c34ee213747a7a326074
data/method2_same_model_outputs/Q23_method2_same_model_20260411_132644.json,12194,6d04b80b19810a0997df1f8d635fe1a229f4fd3deaaf0405386dc34dbe600eb3
data/method2_same_model_outputs/Q23_method2_same_model_20260411_132644.md,4628,b6b9b3f428cf24d7186591e8d5c6b5ce86abb3551fd256c1d686b028725f860d
data/method2_same_model_outputs/Q24_method2_same_model_20260411_132903.json,9487,403c395b0a2cdc897c0dbd87da076e27b91b445e33871ddcf1eec087bca0f1b1
data/method2_same_model_outputs/Q24_method2_same_model_20260411_132903.md,5850,386ae0b5a3a426efa835a8206b55b1a0a04116f53c29762dcf7e696c1caa03ad
data/method2_same_model_outputs/Q25_method2_same_model_20260411_133113.json,13848,db7e4182de19ed657cd8b65f02ca7c4dbacadcaea3d9731382e1bf0aa717068a
data/method2_same_model_outputs/Q25_method2_same_model_20260411_133113.md,4836,9697898b076e63a9a31633a80ccc827ea167fbd30babe95a737b60478e6af7ca
data/method2_same_model_outputs/Q26_method2_same_model_20260411_133354.json,11632,57fca698d1c038deeb405a25c7cc7532184edcd2ce265b168722aa60a4a13411
data/method2_same_model_outputs/Q26_method2_same_model_20260411_133354.md,4831,20cbc9e5a85d116d279ef28a749570f4887f52f729482fa02192deed6936935f
data/method2_same_model_outputs/Q27_method2_same_model_20260411_134712.json,16521,dd4304041021ae0ef9159ff1565eec98dab117b9ba0c8125b30f05d106fcf841
data/method2_same_model_outputs/Q27_method2_same_model_20260411_134712.md,7437,530dc362c1c58a48545b2439f654fa1f19fff679e641426ed0aa4fc2329f297c
data/method2_same_model_outputs/Q28_method2_same_model_20260411_133833.json,14825,abc57e9f4492a904f219181809c342c6621a435f373a4337eebfef6d70a856e7
data/method2_same_model_outputs/Q28_method2_same_model_20260411_133833.md,4780,79910f88f2f14a4a573c7ee2c632ff3b3629cea5e2ebe961a55c73a0337a5e8d
data/method2_same_model_outputs/Q29_method2_same_model_20260411_134120.json,10957,4ff99b8249995aa206086012b87792bee3cd1a5dec88f1d28a410175f5a8b4b3
data/method2_same_model_outputs/Q29_method2_same_model_20260411_134120.md,5171,abbed1f6bfd1d9a32e70b23ffece9caa901d88c4e49d088ac1739b9741aa1898
data/method2_same_model_outputs/Q30_method2_same_model_20260411_134404.json,12920,f69da790b29aedc470be78bad4f1aee02f3e834f9928faf7e4a9dac08f6c8b6f
data/method2_same_model_outputs/Q30_method2_same_model_20260411_134404.md,6512,bf53d7bba4e2e5855a19171979c66e430e7b67398aa69241eaf335746ca37bde
data/method2_same_model_outputs/Q31_method2_same_model_20260413_235514.json,18943,1edc906643ee32f4b1e7a55b436c8c95c5cdb440936b64e8ae7e2d07a8664991
data/method2_same_model_outputs/Q31_method2_same_model_20260413_235514.md,6440,34c9e8d63614f3e17582c6e833a8c8db4ec7343405449e20276d406510ae97d9
data/method2_same_model_outputs/Q32_method2_same_model_20260413_235854.json,17501,0bd08ddb9068625294efe3ff54a6c5ecd6fad668da4f97e003708237ff1bec01
data/method2_same_model_outputs/Q32_method2_same_model_20260413_235854.md,5482,bce2638e70ec7ae08ef49df092ba9628fbbb6407bbdcb116354c011c25c619ae
data/method2_same_model_outputs/Q32_method2_same_model_20260413_235913.json,17729,65798516beb62c67684634760ea41f670cf4920f08f91a992c68d2466f098f5e
data/method2_same_model_outputs/Q32_method2_same_model_20260413_235913.md,5289,303490696f2f514afb77363b0b645cc0085b32ad2f93c008879d3553b25a32fa
data/method2_same_model_outputs/Q33_method2_same_model_20260414_000213.json,18028,4e6c54f879d69b50c9c0fc677fdd253524c429438554c16c17813619b81f6ed5
data/method2_same_model_outputs/Q33_method2_same_model_20260414_000213.md,5385,46ad48e00044a9a8b4f82a526dcaa93cdfabc5c52e8a7d958f6ace05a5435d04
data/method2_same_model_outputs/Q33_method2_same_model_20260414_000242.json,18171,8c62fb19a10c9be2cc719c42ade28f5e77fed389bcdc020267d26333d9482b89
data/method2_same_model_outputs/Q33_method2_same_model_20260414_000242.md,5285,1dfa11083bdb22a0cd30d5ec7772bf78aeeb57b3719117ff1c5a739a2be80d1c
data/method2_same_model_outputs/Q34_method2_same_model_20260414_000542.json,18119,3edc90bfc149d01ba11e89d4c023af4fe705c75c4ab019a8c9a5a31126d43378
data/method2_same_model_outputs/Q34_method2_same_model_20260414_000542.md,5956,bda7ebe4cdb523d1d6ed12886f9c400d7949ef39e098ae12a05eb4e51fe03a67
data/method2_same_model_outputs/Q34_method2_same_model_20260414_000608.json,17077,a55d51ca0c143ac3afe20b578956f5a5634e9a13222c46518f79167f088fd9a8
data/method2_same_model_outputs/Q34_method2_same_model_20260414_000608.md,6415,6e324e3a8394029f1c6582e1ca01f89ac4b998bd62943abbbf810de892f5a922
data/method2_same_model_outputs/Q35_method2_same_model_20260414_000858.json,18718,788e821b44fee30332655801cda5b0b03e72473e4c5b50eefd1745f47c9325bf
data/method2_same_model_outputs/Q35_method2_same_model_20260414_000858.md,5407,6775b237870e5f505e3e299f994ea02bc2bc91dd5fbc865a2b48e57f759f8885
data/method2_same_model_outputs/Q35_method2_same_model_20260414_000919.json,20515,8c43dfa465099664adf253bf4719eb7d91faaf60f41fb65e076a441b82e701ab
data/method2_same_model_outputs/Q35_method2_same_model_20260414_000919.md,4881,ed90f4695bcd84c7d68d62657f9bf6b5382631a7391ff5eb32932bc6f0515e9e
data/method2_same_model_outputs/Q36_method2_same_model_20260414_001211.json,17326,b4205139dd5de479519700f90cc1c524081cb0216271663649957725deaf1c42
data/method2_same_model_outputs/Q36_method2_same_model_20260414_001211.md,4536,b22702df5edabf2608c78c7e61b89c1dca47ca45ace045c1784f3ce844e38f50
data/method2_same_model_outputs/Q36_method2_same_model_20260414_001230.json,16448,d005cffb7b28035600e3ab8feff1fbf65b16e46caf5670482b1b4c1a13612beb
data/method2_same_model_outputs/Q36_method2_same_model_20260414_001230.md,4920,b92773b8cd90ff6983cdf26485296661462457cd62c21dfd3c653939c41f60e7
data/method2_same_model_outputs/Q37_method2_same_model_20260414_001456.json,15313,92cd2a6fc93e2b7a0e8b89851766f53a5618fe92b7e79a837b1c8fc4d83a869f
data/method2_same_model_outputs/Q37_method2_same_model_20260414_001456.md,3777,9de08cb2f64d3e225c9f92b722364bb4b3a06d8aa8fb4bed0bab3f0aac35fca8
data/method2_same_model_outputs/Q37_method2_same_model_20260414_001516.json,12669,9f43e9bdfd2145728043c86fb2569dc943dac99f26fda95964d4916022fc0536
data/method2_same_model_outputs/Q37_method2_same_model_20260414_001516.md,4665,87a6946efd059b8d5138e5d06137b95343bbed415147be31381ae0e4d9b75d1b
data/method2_same_model_outputs/Q38_method2_same_model_20260414_001750.json,17320,f73a870f10afe6dfee961af2e0338aca3507748cc155d83365d119c6d6e83b90
data/method2_same_model_outputs/Q38_method2_same_model_20260414_001750.md,3200,c0543f91cef2eb16ad2d7c988fdc7585677e7109d0372bf9eec0a633946e5e25
data/method2_same_model_outputs/Q38_method2_same_model_20260414_001808.json,16631,8325c43afad0483e27a6cf84199872fcca9eb67ca0230a6d8140871523500dc7
data/method2_same_model_outputs/Q38_method2_same_model_20260414_001808.md,5071,668d0f6a0dfb509f724ce93439d9eac7b26480500737c964557d47eeffe5e6b4
data/method2_same_model_outputs/Q39_method2_same_model_20260414_002036.json,18275,6120b94e92e02dd49068ee9e9a36bda662f58d93014217cea4e77657f39a06ec
data/method2_same_model_outputs/Q39_method2_same_model_20260414_002036.md,5425,1a0ecc680d72f2d7af58745d1605d40daff343dfdf65f25f415afdeb8d2ec270
data/method2_same_model_outputs/Q39_method2_same_model_20260414_002059.json,18157,16fa412cfcf6bd90f4e6c6e262db10bf354bc31c1fe18d0cae30382bbc39b526
data/method2_same_model_outputs/Q39_method2_same_model_20260414_002059.md,5196,38a54e8e64077655068ebf17d13c7b300a7e65de54c2ac188d0d38c8312feb6d
data/method2_same_model_outputs/Q40_method2_same_model_20260414_002403.json,20055,2c8f84bf32b7f66f801f4294e8cbb30b05ae0f5a371a75b4d118ddc78806541f
data/method2_same_model_outputs/Q40_method2_same_model_20260414_002403.md,5476,e30b4e19a7b76b61d4774330809b6d475bfb0d493df79940eeab77ff387ec590
data/method2_same_model_outputs/Q40_method2_same_model_20260414_002428.json,19261,938b8a01b216977f3e40bf5126f186cc8a8aefd02dde49fe466e4cf0d0e3b69e
data/method2_same_model_outputs/Q40_method2_same_model_20260414_002428.md,5685,cfc72417d5af978767a448f5e1a498f7bc07ec72603ba90e630a638e72997bb4
data/method2_same_model_outputs/Q41_method2_same_model_20260414_002739.json,21925,f556953606b6db16117bfa75bf10426a8aac61eee15e6a635020329ec15d5ed8
data/method2_same_model_outputs/Q41_method2_same_model_20260414_002739.md,4832,c02ae6de31eb50d0081445e2595b1281f4bc557fe523938cf3685de3b2b691e2
data/method2_same_model_outputs/Q42_method2_same_model_20260414_092121.json,20992,441dcbbb1b49f156e81d7f5d5d75b27f38e69aab0219a87a7e69a896e6f2a84a
data/method2_same_model_outputs/Q42_method2_same_model_20260414_092121.md,4903,b0c502870ef7f5fcac5b92a44dceb77b58da3c513d177123517659ce2728293c
data/method2_same_model_outputs/Q42_method2_same_model_20260414_092123.json,21212,56f01f7804a66c86961d2556d8eba6573d25ab1ddb36a173f06c301709deb77d
data/method2_same_model_outputs/Q42_method2_same_model_20260414_092123.md,5508,985363d767322cec361e9492e472717a42c23e54ffd05dacb21256254f159796
data/method2_same_model_outputs/Q43_method2_same_model_20260414_092410.json,15475,e00a39ba00e8ed4261d06efe0ec2248291006eb2ecea5101de0bfdb4d4d52a51
data/method2_same_model_outputs/Q43_method2_same_model_20260414_092410.md,6538,d86524379afb6e8c92cb927ca6560690038a7397b23b62f10495d737ed8c37cc
data/method2_same_model_outputs/Q43_method2_same_model_20260414_092415.json,16151,f12acb2384b34faa185a1e885474c9fa5232b3b97eba54294e48b8b971d86f82
data/method2_same_model_outputs/Q43_method2_same_model_20260414_092415.md,5462,2c5176bc693ec6daaa45a86dc761d9f9eff74bbdabdfe59a803bd2d9fab1b46e
data/method2_same_model_outputs/Q44_method2_same_model_20260414_092642.json,15344,b361ccb68d52db5fb3bb956ba758936ead43a5f4c292f279eca5df01f4aab68e
data/method2_same_model_outputs/Q44_method2_same_model_20260414_092642.md,4089,39a251644a53c971c7711f3026d4c8574307e8078806dd5fea0aced2e003c377
data/method2_same_model_outputs/Q44_method2_same_model_20260414_092647.json,16017,423ae615a17c119979aedab4dd26d676d48a8e01a2316ae1741a4079a245974d
data/method2_same_model_outputs/Q44_method2_same_model_20260414_092647.md,4535,1f0bc0e35133f3bc1124a9cb8754782ffb557b8dca5d3cf6036e2a1427f5b5f4
data/method2_same_model_outputs/Q45_method2_same_model_20260414_092855.json,17923,a00cffef9318bc9393f0522a831e455fb95d10d7bec727d3a916126bab192858
data/method2_same_model_outputs/Q45_method2_same_model_20260414_092855.md,3951,6974452b7c8d6e225aa63e40d8cfe5019e4f892a72337ef56c38d8431b7a3df1
data/method2_same_model_outputs/Q45_method2_same_model_20260414_092909.json,17377,4b427ae1085de061e6e2531f19cb4c408fa791f14904e31959e810b95390b43f
data/method2_same_model_outputs/Q45_method2_same_model_20260414_092909.md,5018,8eb16e5fe7e46ce3f325f01e34b52fc1631c67714b2bb560118255e5cff74ada
data/method2_same_model_outputs/Q46_method2_same_model_20260414_093119.json,19167,d9fc94cecc5760bde2019ea4a37b7dd1b99c5a5a3d91e0864d4cf9709cd2bc0b
data/method2_same_model_outputs/Q46_method2_same_model_20260414_093119.md,5889,23c0dca65f45eecaf214c4d4b6c1b5f4292f6a2260ffb4d9f0777be549b0e517
data/method2_same_model_outputs/Q46_method2_same_model_20260414_093133.json,16177,f731e08fc76eef8ad61bf0849e2505e657ff5b7e5665e2244b23b8c727cebfcb
data/method2_same_model_outputs/Q46_method2_same_model_20260414_093133.md,4904,4e20f83b3f3e349f640a966c3615463a54abffb43bff75f3256119afdace1e15
data/method2_same_model_outputs/Q47_method2_same_model_20260414_093357.json,17463,8a6bd543dab4dbaf65e5193ef46795d6c0840bb981ee05f144161d8844dcdeb3
data/method2_same_model_outputs/Q47_method2_same_model_20260414_093357.md,4937,86edbe9d09ddf98335efe66e303a41838561d5c1c6127730fc05a22e6981e795
data/method2_same_model_outputs/Q48_method2_same_model_20260414_102352.json,13604,a91c955aa8befc722cfd48f158ac538812a97b38e141ea5d855a1642e621b136
data/method2_same_model_outputs/Q48_method2_same_model_20260414_102352.md,4000,50af2c31121ca0d3eeab79e1f409acc26511a0cf075131979d2255bcc2e2dcff
data/method2_same_model_outputs/Q49_method2_same_model_20260414_095724.json,17330,abe06c687d42149192c824224700293d6affcdaa0121960c488818d37c6d3a86
data/method2_same_model_outputs/Q49_method2_same_model_20260414_095724.md,4862,b12ecd797f4eb33446cbb6e5f81100e04455af407f260138d8acb01a47dc1cc3
data/method2_same_model_outputs/Q50_method2_same_model_20260414_095949.json,18310,2850e297c0ed9691b93aee6eef777c3e9c26ed292113b4a718bf7be52f9305de
data/method2_same_model_outputs/Q50_method2_same_model_20260414_095949.md,5177,cc58489d47194a3648beb4a8452185cf88ee6c2667310df0f63c977553f49de3
data/method2_same_model_outputs/Q50_method2_same_model_20260414_100008.json,14137,a5e5f9559c2af3791cb826f84bad72b553e8256e9b6084f7556eefd47d004b61
data/method2_same_model_outputs/Q50_method2_same_model_20260414_100008.md,4607,c975f8b8671512d2fb66df04abdc4c2cc63b1bfa9ff8ba30d23c7f24e291e4f0
data/method2_same_model_outputs/Q51_method2_same_model_20260414_100247.json,14176,f092d68d9988ed71b1bd4d0660cc4dd18b78d767ccf80af1410c0410a63373c4
data/method2_same_model_outputs/Q51_method2_same_model_20260414_100247.md,4696,20d077794e4654b22bb5117df95449a774efcead8b197a85e46a3dea63b25f3e
data/method2_same_model_outputs/Q51_method2_same_model_20260414_100250.json,15400,30ea99198303b50a07af4d9f99730100ce82fc58b0fffad8676cf62182d2cc3b
data/method2_same_model_outputs/Q51_method2_same_model_20260414_100250.md,5841,7437cd0f94769536cc00c9c74063671ae55f45bccd2b28bc92c64cee80aeb7e3
data/method2_same_model_outputs/Q52_method2_same_model_20260414_100541.json,18533,a8056a3b85e203cfdded2481059ccd75a19d1058d95a3d25ce44be366e945321
data/method2_same_model_outputs/Q52_method2_same_model_20260414_100541.md,6632,acc49a9017855d90040fd7de1987b5e9ae21ddc92f0dae74013ede2e859b205e
data/method2_same_model_outputs/Q52_method2_same_model_20260414_100555.json,17098,33d10c62da7841ada00a4f794f5bf6e88b355c27c01c48eb5fcf811e86500e9d
data/method2_same_model_outputs/Q52_method2_same_model_20260414_100555.md,4881,e0892384f76a61df9d4054461e0b337af2ee9409888102026ef3b25ac4ca73a9
data/method2_same_model_outputs/Q53_method2_same_model_20260414_100832.json,17590,c760215049f0495ca3bd04d75e8ed57f462b5419e8585f1b02b5ffdcf9e0907a
data/method2_same_model_outputs/Q53_method2_same_model_20260414_100832.md,5533,c76180c4b6cc1fe61dc38a7f3ca600c87b4d0724b2bdd7a1e6f659e61a62314b
data/method2_same_model_outputs/Q53_method2_same_model_20260414_100838.json,19168,d906959e81670c7ab8d73fcf06130dc6d24db015861ab324254cea0808b14e94
data/method2_same_model_outputs/Q53_method2_same_model_20260414_100838.md,5007,ff23244646639a4ef56e625eef6a05053606e8adfa038cb768642d9387924527
data/method2_same_model_outputs/Q54_method2_same_model_20260414_101124.json,15090,56e441d7e1d7fb03b8aa10ecdd839524e5be88e1c1d48ba5b074ff55ba5c6b6e
data/method2_same_model_outputs/Q54_method2_same_model_20260414_101124.md,5358,3ff986dae81b6b3364b6da5d6c0af93bca64eeee414110aa73e093f417165c09
data/method2_same_model_outputs/Q54_method2_same_model_20260414_101130.json,15074,fc0b9e27cd9f0e2b7ee8881dce599f24d10e72fcfa27e313d3d1ff370f6ff3e1
data/method2_same_model_outputs/Q54_method2_same_model_20260414_101130.md,5071,144d73b3dcaa1b728e5b337782e56abdeb961e4b3f16d646f0edc77d4da87e35
data/method2_same_model_outputs/Q55_method2_same_model_20260414_101412.json,16425,cf261dd738ecdd1d564a8aece20cab4b8aa57a35673e7fbed648b4fba43106c0
data/method2_same_model_outputs/Q55_method2_same_model_20260414_101412.md,5672,e5cf91cc6f0b5ba851c485958922a1199e9ad2b66887c480a877dc899a549561
data/method2_same_model_outputs/Q55_method2_same_model_20260414_101426.json,16147,ab34aabeefe59eca8984d3ca8eb0e38081c534278accbf85b9154af0a1e95c1b
data/method2_same_model_outputs/Q55_method2_same_model_20260414_101426.md,5734,c8c1dfd83721c2fd524056e445b8c2edf7a9f748a0152951ed1f42d08bab021b
data/method2_same_model_outputs/Q56_method2_same_model_20260414_101701.json,17229,861364638379e02cce58f2fcbaa669084590067b83ddcec2cfaf80f6e637fc5f
data/method2_same_model_outputs/Q56_method2_same_model_20260414_101701.md,5052,594fc50fde25dfc9023d8e56a980dfd058e0ff531bc6503e645c6366c4091e71
data/method2_same_model_outputs/Q56_method2_same_model_20260414_101723.json,17947,1ac2cf9c8b0d8bbf16d9f7816f8af70226258ce415cae3342d066ef30511a103
data/method2_same_model_outputs/Q56_method2_same_model_20260414_101723.md,5372,e3a02a74ecde18295370c3a43fe609267e84e526881d65787f923044a0d81ea5
data/method2_same_model_outputs/Q57_method2_same_model_20260414_101952.json,19158,2a915718eaf321433892cadef5136c5662b068c50bd412b7e8f224ff71494d50
data/method2_same_model_outputs/Q57_method2_same_model_20260414_101952.md,4734,697b0e2fead31333726647c1f9d59a4b7eb42dc3edda4ee0c25830b40938e13d
data/method2_same_model_outputs/Q57_method2_same_model_20260414_102014.json,15713,292488e23b2817a7da0cf52016f9c1fad946592968b52f24e6bad77c1bf41bd3
data/method2_same_model_outputs/Q57_method2_same_model_20260414_102014.md,4008,6de15f62dc1a7d979cdf1e5004608374d6d8d6b2b1aacd534f079c116e8017ab
data/method2_same_model_outputs/Q58_method2_same_model_20260414_102250.json,17026,35fb552be50c849ed37b1b461c700f654c6f4fa36baf7679628a8cd23196595e
data/method2_same_model_outputs/Q58_method2_same_model_20260414_102250.md,5403,41ca659cd5328114b9939e0ee4dfec460984945099daa323272a835b6db542b5
data/method2_same_model_outputs/Q58_method2_same_model_20260414_102251.json,17954,5bff4bb8c2f0ec1cd2f467d4ac8bec08a93b9f0e9528ca51ac050f2044913b66
data/method2_same_model_outputs/Q58_method2_same_model_20260414_102251.md,4874,9b8c15f50bbf4725644382b7afc7b45aa455c856f7bcf59347b5264c43a7e6a9
data/method2_same_model_outputs/Q59_method2_same_model_20260414_102535.json,20797,de15dd23008e0e0299f33657b79df3705f3bd52f0124f1ea234982c53e68c7a4
data/method2_same_model_outputs/Q59_method2_same_model_20260414_102535.md,6152,f92d1444b600282bcb755972b4aabbfa5762a7d4900f608e14306c779e31167c
data/method2_same_model_outputs/Q59_method2_same_model_20260414_102537.json,17810,3f7718fbd7cc54cbff5c7a5993cd8106818dbe2d2cdc383ef395fdc05ab5e8a3
data/method2_same_model_outputs/Q59_method2_same_model_20260414_102537.md,4541,9a6feac01261959feffdf559e60ed0760c7f6e827171ab6c9efa2d954d12e6ed
data/method2_same_model_outputs/Q59_method2_same_model_20260414_102643.json,18704,c8a8d2788659282a7754bfadaca0bbd6bf0fa2d7ef0b366ed402e3630fb904da
data/method2_same_model_outputs/Q59_method2_same_model_20260414_102643.md,5381,45e993ae942feb588cfd65686cbe47d02108d716e5e5a8f6dcd16a873c299290
data/method2_same_model_outputs/Q60_method2_same_model_20260414_102817.json,17043,0e85d192d7f89e0aa8df0a017479aeae833df0728927f0a3b9b65f62962aba90
data/method2_same_model_outputs/Q60_method2_same_model_20260414_102817.md,5458,cc0506247244e24bb1c50be0dff2f287908d8dcc0e88b0c92094e7553447989c
data/method2_same_model_outputs/Q60_method2_same_model_20260414_102824.json,16257,a6dc27289bf99528e3bb20fea068ab5fae27cbd7ba573dc4042e205b30fa844b
data/method2_same_model_outputs/Q60_method2_same_model_20260414_102824.md,5511,5f8b7d511d51423ae6e94ada505e3fe98db4a5ec9d008c8a23947bfef497e90f
data/method2_same_model_outputs/Q60_method2_same_model_20260414_102839.json,17537,964d93d997c9c03b1e46970a8f42b99b9603103c70498f56c65363ab220039f8
data/method2_same_model_outputs/Q60_method2_same_model_20260414_102839.md,6069,6a2de76515ecc3b81cf5331b97d3c13019dd5cfe094cb5a898860b75d34b88a7
data/method2_same_model_outputs/Q60_method2_same_model_20260414_102933.json,17463,c16e18d10d9fce6a0a3f843b068f19f6cd4f5799791dc03b702d3de8e9226696
data/method2_same_model_outputs/Q60_method2_same_model_20260414_102933.md,5585,84602d7e3e903af015709bdc1db7d414f4f8a316f24cbf0bedacbbc0ffdf0c04
data/method2_same_model_outputs/Q60_method2_same_model_20260414_102946.json,16737,9ff244a1e0f1d6f1ac8defc187497cf6c69e6906f94a776b32b921c38852e19b
data/method2_same_model_outputs/Q60_method2_same_model_20260414_102946.md,4550,de5e5680286c515441dfdd9e0eadb5b6d21c42a6c24db9f2ffad4a6280248fba
data/method2_same_model_outputs/pilot_ext_run.log,15012,c94ef4364d4e4d9c8ea2684566113a2e056cf4ae67edb56bc6f68b4a4b8d368f
data/method3_outputs/Q01_method3_20260414_105712.json,9704,9ab0dab30f3ecada8eeff859dfa740ed23373074a805674db0f7b9809d86f4dc
data/method3_outputs/Q01_method3_20260414_105712.md,7573,db91e509f3245db5012a1d17c7c9a182628a3905708b5abc22bce00ee3d0dfbc
data/method3_outputs/Q01_method3_20260414_105901.json,9704,6c49c5eb72234587fe8c05ff35ff5d4c499dd9ca2423964b5ebdd46518f64daa
data/method3_outputs/Q01_method3_20260414_105901.md,6774,a0e2c92ee64dbac5b686d6f8525f4073e096dff5f694ed3d98bdb6d5abd47156
data/method3_outputs/Q02_method3_20260414_110843.json,12576,a0d53d1aadb71b98f4effd4b0ce736d4879f91968238d3f0fece96971bc49236
data/method3_outputs/Q02_method3_20260414_110843.md,7078,0b47783784d854399c814cbedda9d1173b5826fb6e7d1fe535c82644c7edf082
data/method3_outputs/Q03_method3_20260414_111144.json,9189,2366ed89bcda863de7ce10247995a4954291dde79439790df9bbd5b5291cd5cf
data/method3_outputs/Q03_method3_20260414_111144.md,7222,450542026b1df1016e21134fd6ac9d20519e5fc45e6d8b3c8204944fcb4de71f
data/method3_outputs/Q04_method3_20260414_111403.json,9797,6b00728d76f4663b7c088d626caa099e2f7b2bf6e89b98dc7eb5b858bba8daf8
data/method3_outputs/Q04_method3_20260414_111403.md,7129,a4892a4c8ca2dfd512e5925b95166ebae629328847172faed2a9128754076dc1
data/method3_outputs/Q05_method3_20260414_111709.json,11093,b8d4045f14063b1b9c63fc890313464921fa85c6be3d9d2f104894dfedfa5f3a
data/method3_outputs/Q05_method3_20260414_111709.md,5735,e4785ac10e60ffb2d2ab6e23f239887a6155dabed264f6100067fbe9202065b0
data/method3_outputs/Q06_method3_20260414_111911.json,11576,d151f9296c01a6e54b698783d1187b4a615e5b6d5fe8dcd1a7a6b1d70bb3b4ce
data/method3_outputs/Q06_method3_20260414_111911.md,4877,273283a1d78d3272ea51d12a46d03b11199f704d5c81d768dbeb14f683d2962f
data/method3_outputs/Q07_method3_20260414_112105.json,7652,83f51c7f1fed9b44b78f80396ba94ca48d25f22e7a76ae1ccc9bf16aa5f1316a
data/method3_outputs/Q07_method3_20260414_112105.md,6225,794b8816e2b470cfb3bae971ab150a0247d7478cc2589df131ec9ba0c2f7cebb
data/method3_outputs/Q08_method3_20260414_112304.json,6592,da79bcf4e68efa6b8e0889c0ae8a0343d3c1249508a120b64747fd2e91e09525
data/method3_outputs/Q08_method3_20260414_112304.md,6900,205eb495bbab469f239bf814ee6a6bfbdceb8c3bcebdefa6b08f6076d9e2bcec
data/method3_outputs/Q09_method3_20260414_112600.json,11139,4a3702b901f2acf4081345a4cb2f805ec782010da1a1153b13908870366ad626
data/method3_outputs/Q09_method3_20260414_112600.md,6219,a3ca9fa83580c4750ef277e6c3bd69ce0babd608891e524b7f221f238c9b90d2
data/method3_outputs/Q10_method3_20260414_112908.json,11050,177dbb39e48f848a34e86171b63a3b427cbf21c074c5912348f4564b049f7a66
data/method3_outputs/Q10_method3_20260414_112908.md,8661,74b0129eb048c349457b66c982e232f56543e6f21f5813383c703526803f07b4
data/method3_outputs/Q11_method3_20260414_113240.json,12366,e2862f37c488f6e8ab9f38c14a89c45fd56bdffe54c4787e619afc6528ed3dcf
data/method3_outputs/Q11_method3_20260414_113240.md,6007,2496e34683a96f763c5f1670bff702570f5eefbc7b9d8cc5ef1caf546ba3defc
data/method3_outputs/Q12_method3_20260414_113534.json,10464,74167206310f29c6d0844b9393dd67f84833120695571097334a3b8758e7cabf
data/method3_outputs/Q12_method3_20260414_113534.md,5641,83261a807854575ae68c70555cc68a8d4957d2b0761564934355c0b88d6f290a
data/method3_outputs/Q13_method3_20260414_113818.json,11135,081dd86068e172f6d10556429c582976d07eeb5347c550c36b72b4565b021e92
data/method3_outputs/Q13_method3_20260414_113818.md,5921,0af38d020af689527711120185ccafc1c830583ed750f8eab120b184648fc149
data/method3_outputs/Q14_method3_20260414_114057.json,11126,527d4c0db965e77615106bbb8b4936eec75805d785ca57567385ab05ce71383f
data/method3_outputs/Q14_method3_20260414_114057.md,6115,fb61cecf0864fdaf95845e323eb1eac80ed28d3b032e270c6e5a60d3fa1dc7dd
data/method3_outputs/Q15_method3_20260414_114348.json,11108,b1055468e41e257b8f1e2308ffc4806e6dc52a5d297f00632abe08f21909574b
data/method3_outputs/Q15_method3_20260414_114348.md,7576,34d714d14589849e54e7d8bb0c3d6e6a3dde80d8146fecf607479f64a0672349
data/method3_outputs/Q16_method3_20260414_114653.json,11127,f0b02308da8f5af24d24ce2d1491fbc89e8689b4f1afa932d2775e33df62a513
data/method3_outputs/Q16_method3_20260414_114653.md,7416,568468d46197ed40a6cd6c82356b3f6d22af2bd8b366779ac2580625184ce5a6
data/method3_outputs/Q17_method3_20260414_114900.json,14480,d3c864b0bb81885c2f16ab757618236a2f92e6c4e8b51d0ff628efc896d46e80
data/method3_outputs/Q17_method3_20260414_114900.md,6619,d54b19d498cc6878e3bf9fcc8e2a874b471fac84841ed0c6a94905e150bcc23e
data/method3_outputs/Q18_method3_20260414_115106.json,11183,800d25e3b446fd5eaec3a84050b53762cef97cb7b22b43164b9ce10b0c23e3fd
data/method3_outputs/Q18_method3_20260414_115106.md,6363,b9845ca874396b4995a1ba4609dfaddbee05c7a840608e346cadb3f348166097
data/method3_outputs/Q19_method3_20260414_115347.json,11112,5ba1aabfdea9e6ce8b5d10703ea00a6f4b476dfcee1c0569082cab60e62309f1
data/method3_outputs/Q19_method3_20260414_115347.md,5454,f3c5afff4ee4248c7504c914a536ccfd8364573cc814abd6050ea89ec5af8f31
data/method3_outputs/Q20_method3_20260414_115544.json,11112,9382ef80ea961ab1da4b8e55c233170d9eb82fc61569c5bad8a547abea55b8db
data/method3_outputs/Q20_method3_20260414_115544.md,5359,78709beb2865a0ff9c2745b04c0cefff8ce8ebbd783b836b209f64a360a14b34
data/method3_outputs/Q21_method3_20260414_115816.json,10263,395d61d93f40b6c5f043acbcc46d7104e36f3b23c3ee117e30542b9c046d585b
data/method3_outputs/Q21_method3_20260414_115816.md,9124,c3e2074dd243e7cfaf901149c78d93d3af0434791575d29d6d693eabb7f1c54c
data/method3_outputs/Q22_method3_20260414_120107.json,8760,4624345f19a9fc6808ee2aba07f347157d3e8708fb03f2b4697d1bfdd85f3b9a
data/method3_outputs/Q22_method3_20260414_120107.md,5751,56c7aeffec8eb650bf69b795951b0861880e9ebb85bbcffd55ee806c2826055e
data/method3_outputs/Q23_method3_20260414_120313.json,8235,9b7b6bd0044c8ea0509be94429e48c48d0414b7458d5f543e1471efd66324a4c
data/method3_outputs/Q23_method3_20260414_120313.md,6625,ce683adfdd09ff2137092749396b2056b7bcab88e358a27b892288b2c95cf8c6
data/method3_outputs/Q24_method3_20260414_120517.json,7247,08b2fdd9c87382d8297d767c67a08f05edbe0b60793d583a62f89903879cd9fe
data/method3_outputs/Q24_method3_20260414_120517.md,6132,7859d9794f8cb44dfab40a754a998e47f402e5fae77f37f9383c08cd1c152d42
data/method3_outputs/Q25_method3_20260414_120759.json,11159,20b86ce4772a93f654f9e591fc1b644eb7f24af117d2298d418b2bd090745ec7
data/method3_outputs/Q25_method3_20260414_120759.md,5560,a8e9d2f57c035f7d9c61268318604648fe10cc71066958fa3a8589a575f75c12
data/method3_outputs/Q26_method3_20260414_121048.json,9327,9004a2fac03dd9be845567c7ba48d721d7559d119fad0dd9927559ee26c171bf
data/method3_outputs/Q26_method3_20260414_121048.md,5580,45f4fad8ad8aa876f8b5f1bcf4921d321758faadf3df63ea395ae7e76263068b
data/method3_outputs/Q27_method3_20260414_121241.json,11090,cf07bda3b74e872275679b8be216efe55e10ce8d47f5e02e47d41e911f0cf05f
data/method3_outputs/Q27_method3_20260414_121241.md,7745,78ec738b508d4c74eeaf6fa997b89c41808c5778d8fb492f09468bf842e0d5c1
data/method3_outputs/Q28_method3_20260414_121555.json,10029,33ca5bf1d6be6e98b2c86d66d1ed202153d273fcfe3cfdf58bc56095f8dc7997
data/method3_outputs/Q28_method3_20260414_121555.md,5900,2d9054fd81047703c8b16c092d4541097992960aa841ecb786e4acd76aed8641
data/method3_outputs/Q29_method3_20260414_121753.json,8679,a7763b3a516429fc26c50a1cdc6ec75a05912a62d9c113fc1733ee7406a6448d
data/method3_outputs/Q29_method3_20260414_121753.md,4999,c9ec986bdbdae5c159d2b9a76ed21070df771f455127961e15a5b5e0c30bdbf1
data/method3_outputs/Q30_method3_20260414_122013.json,9196,f31b4381608a06cdb09401b40cb5c9118039789ed6a5586f182f56ea231cccde
data/method3_outputs/Q30_method3_20260414_122013.md,7906,61b96b4619db4e4a5a99299fb342af338a2793c721e5bffee16883216cb98620
data/method3_outputs/Q31_method3_20260414_122253.json,10860,fe32c7756f38e57031e8f97749c87f459930abbd0abc84b206ad7bafe8dea7dc
data/method3_outputs/Q31_method3_20260414_122253.md,6967,54a1370bb582645e2e7b2b6cb80e36300a9b516709cb0778e9a32b80e2f7b525
data/method3_outputs/Q32_method3_20260414_122458.json,11639,da3e634f2b14d5cdc4914b946d3165c0f230bf21c292ed368381c3db02969b4b
data/method3_outputs/Q32_method3_20260414_122458.md,6003,40427f145289a48d75df34f1dc5333c69274b29bb7e5327a05285ad7fe061462
data/method3_outputs/Q33_method3_20260414_122739.json,11125,1b88f8dbabaf752986cb78c7cad4a3f9f4a346d0b1cb65a964fa52c96dade6a3
data/method3_outputs/Q33_method3_20260414_122739.md,6035,e4d85cc0fb3627bc19c618ca843b797382c7d687c7143abbc9041fe2d279d0a2
data/method3_outputs/Q34_method3_20260414_122946.json,11124,3f28e390e425109b9299959ec2a520b998db3f46d376b90b154e045a59908121
data/method3_outputs/Q34_method3_20260414_122946.md,6921,a4a080d3b6d2b1bdd3be093ae32bfa3d2ac9c16d0986292c3bedfa597f215eab
data/method3_outputs/Q35_method3_20260414_123155.json,12406,48eb9cc4aff60a4982caec102b32045e8cb0b9aa4857d0055874e5666a39bd44
data/method3_outputs/Q35_method3_20260414_123155.md,6271,1f58947b516e0eb52c4fb1ed1b29929299641ee63abcfa77eb51f3f14ac80d79
data/method3_outputs/Q36_method3_20260414_123400.json,11520,c2519b9fac09e576435a66ae311dd7f73ff02a54003d8f2cbdfe35ecb614784c
data/method3_outputs/Q36_method3_20260414_123400.md,5346,030c1814cf56b3b10fd0a9e2fbe343cb559d559003738962fbe7d04dba615a5b
data/method3_outputs/Q37_method3_20260414_123634.json,7383,265f5000842d33d052aaa8638f9b8b4615793a0b50f4edd26d34e7b2f046f16b
data/method3_outputs/Q37_method3_20260414_123634.md,6535,7041e406e22cbc2d7bd37f911d8876eaef4d020d31bed8197b2e6ecf99f7025c
data/method3_outputs/Q38_method3_20260414_123856.json,11503,b95f7a0743543df79eb062c49cfb949353d0fe8b177ac28504141fb1240571bf
data/method3_outputs/Q38_method3_20260414_123856.md,4925,90a44f1d9ff6b40eae21615607eab9f405d69fd59099e2c04355d057e188127e
data/method3_outputs/Q39_method3_20260414_124105.json,11089,c1d93395c2146aa07bfdf9cdf7017ddcec82894adc51151d9b96645b6019aa1e
data/method3_outputs/Q39_method3_20260414_124105.md,5312,6b042756b2cd6a76d206cad1087f16382e1d38bb0fd9d7a7dae9bd0f3def7bc9
data/method3_outputs/Q40_method3_20260414_124327.json,12405,e3c7e54ae39d27594e9f2734642d5e682c913f4f16297cebc625ae5042f07cc0
data/method3_outputs/Q40_method3_20260414_124327.md,6940,4bd9b4fb50cf204c231e7b79e2aa3e673f59be090cad9cd355eb29743a4e894e
data/method3_outputs/Q41_method3_20260414_124608.json,11133,daf2b0eac60b00046e6cab611ee69abc0eaa94950cff5e135b79577a8393a010
data/method3_outputs/Q41_method3_20260414_124608.md,5729,d5fc96668f5e6d64b1243df2c2a4aff1398b47fa1ce7793260353bbd0cbdf4d2
data/method3_outputs/Q42_method3_20260414_124758.json,11135,00cadfbdec1f70e45e5feaa5c584877db41e71799352ce621747991c86b31e02
data/method3_outputs/Q42_method3_20260414_124758.md,6592,a0b72861b6ed47ce8ec48009634dc3b5947a9a5e414662f7e6ed35a8d94cff9b
data/method3_outputs/Q43_method3_20260414_125032.json,11103,bc6581d46f2c74c28b85be5d8ee536e3b4a6c96e891b8bde41b241066d2ffb1f
data/method3_outputs/Q43_method3_20260414_125032.md,6288,cbffb5e12609f133fbb44afdc4a33c47be5ac720cee0cb2d7951157f695dd258
data/method3_outputs/Q44_method3_20260414_125236.json,9991,e1e6d541bb332b8df9a7d4ef62c304aed0230f121faa142685621de98d5167d0
data/method3_outputs/Q44_method3_20260414_125236.md,4979,c02883e44907c1c45f9843eb5ccc984e97e0499e560affe5203d78709eff70eb
data/method3_outputs/Q45_method3_20260414_125427.json,12391,f867598d83393e250fb04718079f741d07eb406b6fbd2f7777b40a5c51b32d26
data/method3_outputs/Q45_method3_20260414_125427.md,6361,56dccc8fabc1e5b02670b09b14629806fe7020b1a0c1ead5a6e3011573ec9bf8
data/method3_outputs/Q46_method3_20260414_125631.json,10440,984fe6ac4117acec9bfc741e8b2262e5747e4a4555784f0fa121944d32d7c780
data/method3_outputs/Q46_method3_20260414_125631.md,6328,69e19b1b44264c2c4c8572cf3bd4392b12dd33934835a47237ae7cf3ea133b2a
data/method3_outputs/Q47_method3_20260414_125842.json,11147,1e1c401e94dbf153c2d68d8ef19764450a062b74d5cd3f3713c9c7298913d0d2
data/method3_outputs/Q47_method3_20260414_125842.md,6711,e61db84b1ff8a69eea61620f685786d89fed1571c872fd4c1af9917084378a47
data/method3_outputs/Q48_method3_20260414_130134.json,8704,50cb92cb03c06e0267cf762fec47b818f057342220321c56847901c3aa735275
data/method3_outputs/Q48_method3_20260414_130134.md,6299,8c00af997a46eb649cd3e16c4de8b3b4694d647586f9c058c3faf1057f3ea04f
data/method3_outputs/Q49_method3_20260414_130407.json,10458,05f1a8cacd6bac49ea6755d69de3d06f1ff0a974af731dab2573e372d56f49d5
data/method3_outputs/Q49_method3_20260414_130407.md,6443,aec2484a205dd0c3629d9481efafd306eba3af51b813eefa609f58b7288133ab
data/method3_outputs/Q50_method3_20260414_130556.json,10450,81065ec7bb5d6b178001844da6abe86ee758f6d08199d29c6ac9adf7f280383a
data/method3_outputs/Q50_method3_20260414_130556.md,5593,817831eea829192fb975a940da25e3b66cd33ebef45449c1f0f46353c7601bdf
data/method3_outputs/Q51_method3_20260414_130828.json,7412,297a7fc7fc2aacf44e137f9d7ccf3759d2a262ca3eb5f62c590f3df9b98b7864
data/method3_outputs/Q51_method3_20260414_130828.md,6699,b27fd5b8e653237645a5d3e3219075f2615358f801914bb18890291e49019eaf
data/method3_outputs/Q52_method3_20260414_131020.json,10544,65709558a181a44b9737cef26ee66ba524e377ada29ef85dfa62844e2ca386ee
data/method3_outputs/Q52_method3_20260414_131020.md,6229,5847d6c223638edb5fe473eed34ab04072167f06ac23fbd69d80d0f050c45dd4
data/method3_outputs/Q53_method3_20260414_131352.json,8658,8917176eb17cc891782dc58e17e098ebc6b009799a4bbac4c391637ed09c8d5a
data/method3_outputs/Q53_method3_20260414_131352.md,5891,9154058fe9fd966aaa8d90d8184315606848f63267479a2caf206f175b7a9f5b
data/method3_outputs/Q54_method3_20260414_131639.json,8406,9fa7025f4b86b21a2dda582cc259a45876f45df0e808b872c9129eccf874a882
data/method3_outputs/Q54_method3_20260414_131639.md,5505,6052ec6176602c5dd32f6706813e5bdf5761464e7dd1e9f0ce54490087e53bbe
data/method3_outputs/Q55_method3_20260414_131934.json,7277,ac3def530130b2280288ff78b877e9bb91fd8b2695d0b49f42c52850805b32a9
data/method3_outputs/Q55_method3_20260414_131934.md,5805,ec336d6428bb3e1c10303fdf4aaf5b6c5217ecb84758fbdc379d390357ffdef8
data/method3_outputs/Q56_method3_20260414_132123.json,10855,b5b448fcff917fad851fd41a08d97d0446989e396812f9f1fbee310236a5d19f
data/method3_outputs/Q56_method3_20260414_132123.md,6195,8c14579aafc1b9fc9f02c7efacc0865069c101494f91390aa20052eced32c9f1
data/method3_outputs/Q57_method3_20260414_132358.json,11186,e957125b4b05126a006c98b302a03540c71915cf56d78a7b68279ca26b6d5451
data/method3_outputs/Q57_method3_20260414_132358.md,5444,5ea3f94bc29c5bf82e8ceec9299c4a990be218dfee577fc769b9b101a78a35a9
data/method3_outputs/Q58_method3_20260414_132620.json,10266,064883abf9742cc7a27ca31a342a46c28350fce7eb084661618a6f0e62758d63
data/method3_outputs/Q58_method3_20260414_132620.md,6424,b7036331d261b75c3bfeb0759e6de5397fe35838758232b15ef9085ddbc54ee5
data/method3_outputs/Q59_method3_20260414_132850.json,9944,83cbafe99196167f9d120bebad8de36d134cbf19edefe46c9292ff42d88b6b5b
data/method3_outputs/Q59_method3_20260414_132850.md,6136,cd23d78b1e9428a359b85ed720652c23350f4cfb76acc1e0bde563970abb154f
data/method3_outputs/Q59_method3_20260414_132958.json,10977,8336aa89562e6a2c616a98aafd05210bc6deac791da191c429b6e6a7d71f4246
data/method3_outputs/Q59_method3_20260414_132958.md,7020,886c4f8632c06d9a8d1adf438d97ece583bce0be5092c90da643e6f8130a7c06
data/method3_outputs/Q60_method3_20260414_133046.json,9770,38f595facd9deb8153a509b144426a4660a44c0a6c72f160e3c59b6e8b97c956
data/method3_outputs/Q60_method3_20260414_133046.md,5071,09ce87108827c1272e18ee559ce8a55251cda5831da943eb3c628196addb3bb3
data/method3_outputs/Q60_method3_20260414_133219.json,8727,678e743b3b42e68d5c3ac650514bf957138f58c5b2729ef4a36a02135f7b332c
data/method3_outputs/Q60_method3_20260414_133219.md,5665,3a361447e029ffed666a5fbfdc6fd84623201b0b2051edcb08cce66fafdcfaf2
data/method4_outputs/Q01_method4_20260414_105719.json,9646,100c8258d72f75f52b027e66fb6bdf5dd57dddb143142752e34b75d710888e4e
data/method4_outputs/Q01_method4_20260414_105719.md,5705,aae842b73b3602a9df2540752bd4d733bfe79be6c43a7709c08d06781b8d5867
data/method4_outputs/Q01_method4_20260414_110112.json,9647,82b8f755a96fe9abd595f5a98b6a6c02a5a8ad63bb67f66050c673d88758c9cd
data/method4_outputs/Q01_method4_20260414_110112.md,5800,d7d92691677b0501ee17decf416e421bfc3bca462c89c11ea267c6007b79332c
data/method4_outputs/Q02_method4_20260414_111004.json,12518,c5262bd31d667f7a7cdc26dd756f9522671580379dabfd2eba56007fab5d20d2
data/method4_outputs/Q02_method4_20260414_111004.md,6481,095bf6d8847696cef85f35e03d3e3815058cb187cded6aafa4a1c72b76587fff
data/method4_outputs/Q02_method4_20260414_111204.json,12518,7118913f875dfcef418a668becf0022fc3aaf380538e505e06408cd5dfe4d5d7
data/method4_outputs/Q02_method4_20260414_111204.md,5546,a8be3c62c6c6dab5941b965d553b9f77096a8561a22538a8fad4b980abb4148f
data/method4_outputs/Q03_method4_20260414_111246.json,9132,752ff37ff79ded8340a15e210fe3bf3f2cbbb302ffa5e42678aecc87d0bb13ff
data/method4_outputs/Q03_method4_20260414_111246.md,5602,3d6f9575a2be8ed87975429cb1609327177fccb9e79c97897b72bf2381f4e328
data/method4_outputs/Q03_method4_20260414_111444.json,9132,849ea24ab46f2c810d188f7c6b0c07c41a847e5515f567647be1ed29d0e6d372
data/method4_outputs/Q03_method4_20260414_111444.md,5944,53b0e1125a8064db702549e33ae70ad992d7aacad1bb18b11130eca75352168f
data/method4_outputs/Q04_method4_20260414_111524.json,9739,ac1b771558017eaf8c1124d5ba3e82b8fe1def52afb67de75ebea0b7ba74d2bc
data/method4_outputs/Q04_method4_20260414_111524.md,6321,27b4e9fed4c370bcd2cbb7117da4019a2b41c01f2d889adc2e5f31ccd0711bff
data/method4_outputs/Q04_method4_20260414_111732.json,9738,ec398c9af4319da707996f9e2384e9850e58015dc6398c41c2206e0a57e0fa47
data/method4_outputs/Q04_method4_20260414_111732.md,5436,62fba62e252e2f9de6f1cf71d9ae400c6e09707105d35510373963ad79fe4782
data/method4_outputs/Q05_method4_20260414_111803.json,11029,f5928f0a69cdd89a42beb01550f6d493e1d85cce59738f3ab56f0ba78baea2a9
data/method4_outputs/Q05_method4_20260414_111803.md,4458,820d93b4f9e1ff1ad85c745f3e404582e1d978bc63e17860947de8afa999e3bc
data/method4_outputs/Q05_method4_20260414_112003.json,11035,5724de42d5e2bbe7a87a974b23d7e8824ee78a9a93e2cdfff2e1ede69fd7ecdc
data/method4_outputs/Q05_method4_20260414_112003.md,5118,c066ae47d2794e5f9b2577b6f7b30a58109fe7f8e4f944fe9548601acc1e656d
data/method4_outputs/Q06_method4_20260414_112021.json,12273,9c1646d6e3dbba68241bddb8d5065104a3b2f413fd4dc99baafebec4df3baabb
data/method4_outputs/Q06_method4_20260414_112021.md,4209,0f1c9e2f0c04c40c2362e6d8557056e883e5bf22fb58791178f50a253225dfe9
data/method4_outputs/Q06_method4_20260414_112240.json,12273,50723aaa9c22e3043caa8e43f512ca14c05bc8a7e47c98b5a14ed8b9c5cb92bc
data/method4_outputs/Q06_method4_20260414_112240.md,4585,b48000d90675ec8f0dd84f4492feadf1c531a703b2193cf3550e48c59c7ea9f8
data/method4_outputs/Q07_method4_20260414_112237.json,8045,b6a39d376391391739e4a19132624ab64c74dcb5397e988d00d7490818a001a2
data/method4_outputs/Q07_method4_20260414_112237.md,5673,629f84f33fb90d67450db3e9f374c1b992f4b67dfd46f14bf3464b5349826df9
data/method4_outputs/Q07_method4_20260414_112507.json,7370,76b54f370ae41a4593946f083c6c0985a265917236df69c58ce955669fd02dbe
data/method4_outputs/Q07_method4_20260414_112507.md,5237,73f5fd47801093f8779a9c683f36873c2fcdaa392cd81d93dbdd18c1d4465880
data/method4_outputs/Q08_method4_20260414_112511.json,6550,0e22330cd5d4dc95ace421f1437c4b73f5336f753ebcb82dfa273e4e9bf320e0
data/method4_outputs/Q08_method4_20260414_112511.md,5511,85318c23ad3b0a7bd781ce1664cbc4b414bde30aee7e88e2fab5692558658d19
data/method4_outputs/Q08_method4_20260414_112739.json,7170,b20229473f09d3bf80651f06cd0b462e71ffffceb05756e1d45e68609a43bd29
data/method4_outputs/Q08_method4_20260414_112739.md,4571,81913dec5704af8eedf9c07ff26427d421ef30f7657d29f82e23a9d874728d8d
data/method4_outputs/Q09_method4_20260414_112744.json,11063,4c15245028d5827b4bec576d63f086629c80bf6235cbc13faf81f5e9c7d26954
data/method4_outputs/Q09_method4_20260414_112744.md,5408,5e113c36217b7d0a8e168dbd5757b50ee787c9c1ae059f6159ac393b9a3d013b
data/method4_outputs/Q09_method4_20260414_112956.json,11081,29ac3298915ea9d19c3a971ca9bdb76323636aba9fd152e4870a2fd8762a6b47
data/method4_outputs/Q09_method4_20260414_112956.md,6288,fc9c3947a82a885342e7f576352ed533bd5f9793dd818591ee9b2756816851ef
data/method4_outputs/Q10_method4_20260414_113027.json,10992,eedc367dc65c4215fbc40970823428d77fc201bf2022531a79f8a377d29aa69b
data/method4_outputs/Q10_method4_20260414_113027.md,7041,d48304145d72b09a62d032b39c3a38fd3056749001dbf412ee932d3e2d539fa8
data/method4_outputs/Q10_method4_20260414_113255.json,10129,9757858aaa871ca096a7b65b7a201cc395ca6e4bb6eb3b56946b30369d105dd0
data/method4_outputs/Q10_method4_20260414_113255.md,5486,7a2e53c7cea7181077de2388e97b73c15a3430bc755333df393dc0d0f01d0c30
data/method4_outputs/Q11_method4_20260414_113331.json,12309,49a5d0a77b2a1570f390d0e17c9f14ec2f0b2474788e662202485d9dd9391728
data/method4_outputs/Q11_method4_20260414_113331.md,5050,1e0009de83df3f8c37fd5a14587c009d0d276d151ab4c39268c3b3be38a2cdac
data/method4_outputs/Q11_method4_20260414_113527.json,12309,f548c75de49487665a42d2961b6f2a66b658e53ab4ee2288c0be6464fea98523
data/method4_outputs/Q11_method4_20260414_113527.md,5750,994d106c2af9269947f48190e8951507062c93f84c71505fd6a99d005b19cc3b
data/method4_outputs/Q12_method4_20260414_113555.json,10329,606b2d4b6fb9d4ef5d48901ded49608a3f0500fe02c7625c0aae97b9b6330c74
data/method4_outputs/Q12_method4_20260414_113555.md,5262,51f229937fb564fb567feb7103dbf568402361e14ef659a802cbed64f545178e
data/method4_outputs/Q12_method4_20260414_113801.json,10329,e6e34f09c1619725c535e2a5258e92aeea525bb4b03dc97782bbb782c4981b48
data/method4_outputs/Q12_method4_20260414_113801.md,4643,38546fb363c5b70cfd7faba863b066a0ea7f9eeee8fd9691099194c9dbfa3972
data/method4_outputs/Q13_method4_20260414_113823.json,11077,fbcb282a3f72dacaf962edefebdf8bbbea4fd4b13f226d8a920bf62924a0a60a
data/method4_outputs/Q13_method4_20260414_113823.md,5220,86907a930e32fe3969e4b94025304303c8663c8818d2ab1c3d9af31294fb8852
data/method4_outputs/Q13_method4_20260414_114016.json,11077,d72f511ed108caf39f94f6c8de73a36bd46ca96d3d66083e5798bf1916c4019a
data/method4_outputs/Q13_method4_20260414_114016.md,4950,e4cc1523ac453d0c9a3bfb51f44b543d583ce540bf842454d1d5a8543e9b13b9
data/method4_outputs/Q14_method4_20260414_114045.json,11068,bac1a1020d20b72de7af8d91b8d0f58df6bcd050f438edb2506709a94bb2f333
data/method4_outputs/Q14_method4_20260414_114045.md,6425,a8a1a7cf0287dee4a26a5f9f0a6110030cc56dbb81ce2a40bff6bff8e0abfaff
data/method4_outputs/Q14_method4_20260414_114244.json,11068,30d54c58832b17916bd5073af995dee7890e39959b09a5a3fadb7f04e3948b03
data/method4_outputs/Q14_method4_20260414_114244.md,6618,c82fdf2d62b4715402676b3bc23dcb273f96acaa7df95620318b6352576275b5
data/method4_outputs/Q15_method4_20260414_114330.json,11050,626c3b92a227f81ba32819bcea88429c9e1f9b3bbfa082550d2c88941d4ce245
data/method4_outputs/Q15_method4_20260414_114330.md,6756,548fe92989acee2664ba2a5219bb3c94f1fc58429b5b7f8c5efa3782c7e7ac12
data/method4_outputs/Q15_method4_20260414_114526.json,11050,62be02afa3fb08728a0f8a7750c9d480e292862e22d40240b42ae5bd180fd227
data/method4_outputs/Q15_method4_20260414_114526.md,5579,20f9f31e806df732d741937c55dc04c1d978ab133a905767bf08fd3c8bc86dfe
data/method4_outputs/Q16_method4_20260414_114603.json,11070,127f9f657883b09c9536caa67bd4352446e1b5b46f940a630a5994326ade52b6
data/method4_outputs/Q16_method4_20260414_114603.md,5458,eba365c4e6e5a0ac6eb3b49558fc0b4dd83012516918a62c70f97c6639e45628
data/method4_outputs/Q16_method4_20260414_114756.json,11070,986c24785162617ff2995222f6fa6e691f4fbf27b88a36ea47f2fc34aba44491
data/method4_outputs/Q16_method4_20260414_114756.md,6237,1d0c35c236c2c77f63ca8af8847d74b9692f528a4520e863bcd7a217cca1f4cf
data/method4_outputs/Q17_method4_20260414_114833.json,9639,a916203855af91275467886c213024555c4d35b7603ac4efa5fb584cc5660b8b
data/method4_outputs/Q17_method4_20260414_114833.md,4867,da938b83c57c6f7143446cd5580bd0e5b30e355470149d1fa16e728e54b83b8b
data/method4_outputs/Q17_method4_20260414_115031.json,10789,33b0beb0db7d96fa6710a9699eb148f326ee4735402bb504095750ec8f308f5f
data/method4_outputs/Q17_method4_20260414_115031.md,5805,da9cd60e81bc2a5cda249650079ab80df3aab6b8435fcb7af1e2730fb5c92a88
data/method4_outputs/Q18_method4_20260414_115043.json,11124,5162fb88a7df0a718d1d7f22cace333c41ab2972f11373443218d909819b0fa9
data/method4_outputs/Q18_method4_20260414_115043.md,5165,1c380d0bf85cfdb2939966ad2304276ff01b7deb0955a4d4406f2b0a75a29153
data/method4_outputs/Q18_method4_20260414_115305.json,11125,304f395abc7f642fff390126ae89bdb43d40212bd58613cab5b9e15c1d7ba2e4
data/method4_outputs/Q18_method4_20260414_115305.md,5615,5ddabf5a7f57fcf1c4970ca61635d1437834dbcf99dd09fa45a50712febfe255
data/method4_outputs/Q19_method4_20260414_115304.json,11056,6a6eb0752b9679e5881aa58eb7f5a3f5ad688ed374b73237eecb1dcadb08f36f
data/method4_outputs/Q19_method4_20260414_115304.md,4352,80e04f631c4124079a067f7d2090973c9c573526d77acdbd72d43c1acd2eb29a
data/method4_outputs/Q19_method4_20260414_115531.json,9621,9896f992e09cc3d9b0b214958e12bfef15bc51f01d40093605161b1b1f13853d
data/method4_outputs/Q19_method4_20260414_115531.md,5623,5944f86aaca0a23b6e25ddc64c9673a92dee7af5cda762282aad656445e1cb69
data/method4_outputs/Q20_method4_20260414_115512.json,11054,a6336c12ea7939bbd0cb06b4744e07701c41473b9b5db0d1f426f13afe69cc97
data/method4_outputs/Q20_method4_20260414_115512.md,4843,9c3e7b849169b8a109b30e29d6b9de8d965a06f3bb08763479cb60d074ad9a56
data/method4_outputs/Q20_method4_20260414_115753.json,11054,48234be5d7410ebd418adb505055e1c8bc81ed7817b3acb438d44130f9a15330
data/method4_outputs/Q20_method4_20260414_115753.md,4792,2861ae1c9fb3d20cfa07c850f8a41c4d3d1624d7738f1ea120e3a0ddcb4c454a
data/method4_outputs/Q21_method4_20260414_115722.json,10205,c4caec942a3b36a536554e3263f09c6419a73d4493568a0b3316de75a526c670
data/method4_outputs/Q21_method4_20260414_115722.md,5385,4c88fc0071ee6673bda1c749b3f27c359dba30c7dc2c95f422266837b0f1c55d
data/method4_outputs/Q21_method4_20260414_120008.json,10205,70490ddcef0340c1c8542444fd385bebdce5cb4b628de27d60e485d5fdecf74b
data/method4_outputs/Q21_method4_20260414_120008.md,5340,40bec408b9eb604bea62299f91d8b501d703020b5ba58aca5d8b36ba971324b6
data/method4_outputs/Q22_method4_20260414_115924.json,8704,324acc8e04afc20a55b0163e0417e94de45a9fdfdb5088e85fd2461907dfb542
data/method4_outputs/Q22_method4_20260414_115924.md,5363,09ef1c10aa013c261944454c084b879b94a44c70ae2e028128c58bf55b00a0ef
data/method4_outputs/Q22_method4_20260414_120228.json,8698,e2e715483c8e20e581a82c93319dc02e64ef2dda5a65d9b0b525305aa45dd7ee
data/method4_outputs/Q22_method4_20260414_120228.md,4733,d03fa6c2445aa47ee159e1e8f0f37af0d037225f33556f51410365df91ab87d0
data/method4_outputs/Q23_method4_20260414_120149.json,8122,8e69887d236786d3376b74b314a882351624ebd27976d6f445ddcc4e195a8e85
data/method4_outputs/Q23_method4_20260414_120149.md,4713,0faa806d2dd2b7ef4498714d8eb70d867acb60c9243b07425a6a269093bd02d1
data/method4_outputs/Q23_method4_20260414_120445.json,8178,f81a7813cccec7ceb7d84ba1c8a48631492f0181eba3ed07a7839a9e8275710c
data/method4_outputs/Q23_method4_20260414_120445.md,5337,9547f8f558ab8269721f22db8abfa5dc6e2369468927de0073306103374be995
data/method4_outputs/Q24_method4_20260414_120407.json,7189,54d51e6edd65f9b7b03a4acf99f88bae749fdcf3e730ba0c07865a9df27c6c1a
data/method4_outputs/Q24_method4_20260414_120407.md,4504,21feee3d51316d8ba7fcf6c7ab23177e298b0f38ae48466441ca31444ebd174c
data/method4_outputs/Q24_method4_20260414_120709.json,7171,112ed44f3f2f93df9f2eca1491fd14a8a202633ae68aff05582f9f560ca71aa0
data/method4_outputs/Q24_method4_20260414_120709.md,4658,ad99ccc7b4070107dcc1d671d9f865ab36e4e255c37c4902305e62073ec89b7b
data/method4_outputs/Q25_method4_20260414_120614.json,11094,b008b1da4270d49d4d2184b701845da8fdd33e3f763694617d8e4fe1c868c8ad
data/method4_outputs/Q25_method4_20260414_120614.md,5110,78fa44887d2b78892ea530bee334cd81d4a9372796d77f8273b5b02e710de6e8
data/method4_outputs/Q25_method4_20260414_120919.json,11094,6e7dd013e40eb71ed69f8bbd1bb542830bd60b5f16fed16532f494eb1f06126f
data/method4_outputs/Q25_method4_20260414_120919.md,5275,5c29ea2b3eff96e68c9ac5af0aa2f01cff5fc87772768a56508f77887ec0c393
data/method4_outputs/Q26_method4_20260414_120841.json,10320,db936a553004ac063aa5aba3c2a35a6c62e167d05cb49965681f9826247d026d
data/method4_outputs/Q26_method4_20260414_120841.md,5836,56710bf5300d7936b82e468086ddf66fdc033a064328c14bac447cea56c12262
data/method4_outputs/Q26_method4_20260414_121154.json,8884,e83d6cc8ef9d37d06b1b1098656b05bda2a3db98cf860a237382895803ea0b68
data/method4_outputs/Q26_method4_20260414_121154.md,5194,6251ae8c2c7b1831aea4e07cba5cf469a1622c170a61204fc4c0f53f66991fec
data/method4_outputs/Q27_method4_20260414_121109.json,11032,ff1eb4943e9e6e7916883b08fad04f82e2f89cc3454b96b0d8111633b706ed04
data/method4_outputs/Q27_method4_20260414_121109.md,5388,22f501f8b2a5c0fd7b7e9c338d2e28bcd2e28e7e8489bf8118c1603805590060
data/method4_outputs/Q27_method4_20260414_121421.json,11031,b0996b887320d0ef37af8afd1773c4eb017ea2f737928576b455b4be76bab178
data/method4_outputs/Q27_method4_20260414_121421.md,5553,03f3e16dc8d6a66fac66fcb2a1a66e0dfef58bee565b1635d41e9f9dc803f15c
data/method4_outputs/Q28_method4_20260414_121337.json,9973,063ce63825c477ce5550fc77b1bba821e0ffb5e067447dcbd2286ab6e1f21981
data/method4_outputs/Q28_method4_20260414_121337.md,5250,d9546b8493e1399dcc2c3d002cf2c178dcfd609f2363a0c8637823b6e198ee6a
data/method4_outputs/Q28_method4_20260414_121651.json,9973,e8593a6805740f9cc856972331679debd00ffd7753974607ff30fd57d6a459b7
data/method4_outputs/Q28_method4_20260414_121651.md,5171,a651dc6b6ffee0399437d7885cedd0e0d26ab0a0c2129529391edbaa6a00d0ee
data/method4_outputs/Q29_method4_20260414_121604.json,9222,008b69e5f73993144f1b6262f370ddcbf76b61e31a2e9157479ec009ce4aeb39
data/method4_outputs/Q29_method4_20260414_121604.md,5069,f00d738a0e5842e550e6ebe2d2aacee9ed31e4a9a2274e1994cd6c502a926f62
data/method4_outputs/Q29_method4_20260414_121909.json,8104,7e35e4e55b90a88f84fab0a06598f417f47a3009eec7c254de43a39ebdced3c4
data/method4_outputs/Q29_method4_20260414_121909.md,4938,26df4a4fd085ca237c15c26c8b3af540d2b8666c3181901cbd8f9b00573204f2
data/method4_outputs/Q30_method4_20260414_121812.json,9138,8469276167fa10963d94f48900fad66bf21883470d690c2b87f346752d7c4218
data/method4_outputs/Q30_method4_20260414_121812.md,6327,d2b18c0eb62663e05c6730976e247008d926eac1a45f742332b250c4706a6567
data/method4_outputs/Q30_method4_20260414_122114.json,9138,0bae1285d06667e34e584749822f0412ca7fb15270681cc2ba6f884e74b87943
data/method4_outputs/Q30_method4_20260414_122114.md,6233,e3eb265517ddeb50caab9e8955625c8086aaedb823f88e9ba8ebdace7cbf91b3
data/method4_outputs/Q31_method4_20260414_122034.json,10803,61a43fe85c72b729fe1917e31ebcf3fc49a79e5e8426c27319ee3ba0e625ce80
data/method4_outputs/Q31_method4_20260414_122034.md,5538,275b231be64300d5539c305cf7ebdcf8c174b1f875dcaccab16d5de7e518aa1d
data/method4_outputs/Q31_method4_20260414_122332.json,10803,675856c7e38cc04deb390a708b77ba7d05b91d757b5b4b8138087eb17eee7323
data/method4_outputs/Q31_method4_20260414_122332.md,5100,962fa5ab0c7b033ddc9a290746aa3c8bac1696733bb8cbec8e360b33d498665f
data/method4_outputs/Q32_method4_20260414_122247.json,11052,bb0b9466cf6f392b6dd67d687789f7663e66d8e51b6c31607ac572fae3f463f0
data/method4_outputs/Q32_method4_20260414_122247.md,5482,54d676779d59d7234a1632ca6ac84110632eaffd193cefb4eef3e73fa781f9d4
data/method4_outputs/Q32_method4_20260414_122550.json,11580,35f46854682ac78c924bedd9d690a1aeb247dbd784732446dacd255202afb082
data/method4_outputs/Q32_method4_20260414_122550.md,5454,e7b61f407d58f5e00a0e047b0484aefdd491b0ed0d8e46d16151b095a5ae9814
data/method4_outputs/Q33_method4_20260414_122504.json,11092,57d9da3d8aaeda82ead62461eed26b9f8793920cde5d8cd1977d6073507c7421
data/method4_outputs/Q33_method4_20260414_122504.md,5908,62c60698bf579684fca68c99e033a1e507501af0052f5fc2245a4b6b1079c0a5
data/method4_outputs/Q33_method4_20260414_122803.json,11068,4fcfc62be926ee1da7b0517bc896f6be3608d80864040512dfc993f72d425198
data/method4_outputs/Q33_method4_20260414_122803.md,5167,db71f4bfa2ca7af38c0fe1b684f51f4cbeda1214db7321a0b9954259176c2d1c
data/method4_outputs/Q34_method4_20260414_122728.json,11049,6d50d7673313f0f2a006280217d10c90e0f533683b56ddd4321fb4cb37517289
data/method4_outputs/Q34_method4_20260414_122728.md,5214,a4e6b454bc94870993e80089e7480899063223f2978300939198d8ab9c6c7197
data/method4_outputs/Q34_method4_20260414_123036.json,11048,8169f78ecdeaa486740af19e40c76deb2ba0837de599c66e203ec706706ea53e
data/method4_outputs/Q34_method4_20260414_123036.md,5561,bf7e8f694d16066fad0bbdcad25683c663ef8b39ef037942dc53ae24aa0d34c4
data/method4_outputs/Q35_method4_20260414_122949.json,10410,ab6440848930a71214ee3687a5b9da010aeded0b313f332c3e01bd2dd3a0be0a
data/method4_outputs/Q35_method4_20260414_122949.md,6512,1b27faa655f1ae39045e67a6f0517a2fb33607da46961d261b088970ebcca953
data/method4_outputs/Q35_method4_20260414_123309.json,11340,974148bd2589c8e7a4e7a93f88bc9ce665e54586cf43c8c46ec5d204ecc4a22a
data/method4_outputs/Q35_method4_20260414_123309.md,4618,ae4e11c67068273f7069063cfe89d7840179e50bb9c59b7bcb7db22af76a37a4
data/method4_outputs/Q36_method4_20260414_123231.json,11462,113b196555cdee104db54ddcc11fa73fa4ef262b930c60bc4014164f5dd59334
data/method4_outputs/Q36_method4_20260414_123231.md,4705,fbe0c7d1d0b137656e66b9235d3cf7d6cb3d198bfe7d6989ed527f7e0525d5b4
data/method4_outputs/Q36_method4_20260414_123529.json,11462,6b61d68477ec9f280d77df5c84a24f828d4dddc95b5d400edd11e430dfae4eb3
data/method4_outputs/Q36_method4_20260414_123529.md,4936,9da44aa62ee5c9b62697189a7d9a34ab12d0efcd1170366f50819939abc37874
data/method4_outputs/Q37_method4_20260414_123446.json,9338,7016b5f754e1b1223d6eeb7060efeebd8b24899a8b3e29449ff5a01b575ec647
data/method4_outputs/Q37_method4_20260414_123446.md,6193,2049f7438b7ce231c5c74425ff3a7683c18695f773fa97e86b4fef249b674d2c
data/method4_outputs/Q37_method4_20260414_123737.json,8473,882ba87e3cfc2fb2d9a684b95ed1e2addaca9d94d81379b0cf2dd030b7ffe6dd
data/method4_outputs/Q37_method4_20260414_123737.md,5138,5d94f87e24b4227059ad8f91d7f7f3b8091546de47b266835d314350d967b263
data/method4_outputs/Q38_method4_20260414_123713.json,10150,7ea980803bfd6e84c91c1becdc0db42456b92f01ca5e5ee08201c46749b0b76a
data/method4_outputs/Q38_method4_20260414_123713.md,5022,cbce93cfe5242ae6ba672af6559c4d921fb6e860cef4473e745c72c1ae574350
data/method4_outputs/Q38_method4_20260414_123943.json,11445,d49c7b085582df9c997961243d7afde5fa521aa1e0eeda37a660855d3a7911e9
data/method4_outputs/Q38_method4_20260414_123943.md,5083,b90d5908978f0d11474cf486f632f561672663063a4b232dc94187a245ba49d2
data/method4_outputs/Q39_method4_20260414_123916.json,11031,f85df08b03de41bce64e80fe8e9768950bf8a0ca29ec0274937a5c03e82358b8
data/method4_outputs/Q39_method4_20260414_123916.md,5664,38ce8d62b74f40591fad7205e0db38f60df74853a4e20446d885d863b5375756
data/method4_outputs/Q39_method4_20260414_124150.json,11031,220dd30786b75bb9ebbcacb67ea676972797adbc20a3f8460cade8d653b9372e
data/method4_outputs/Q39_method4_20260414_124150.md,5844,647fdd6db9eb4eb630c7dd7ef69d68ce94f0b3f53d034abcd0dfc94dec709b53
data/method4_outputs/Q40_method4_20260414_124129.json,12347,c4600c2ff0fc44d3dbeed848b4e7a39396e07b64538ea121d7a4f954fdd9aa78
data/method4_outputs/Q40_method4_20260414_124129.md,6576,b71b13760895075fe07044194b42d71d5c4da55b2b37bedeace60e2b3cecf2b2
data/method4_outputs/Q40_method4_20260414_124410.json,12347,cc03cbef9b9e6ce1c6c0360cd17c657f2363ad7033f62000720afe7cd1953765
data/method4_outputs/Q40_method4_20260414_124410.md,5311,81bbfdd1bf5b0116df34d228bc0f7aee08e86887c410df3d6bce8effea757ef0
data/method4_outputs/Q41_method4_20260414_124352.json,11077,e50abc95f8d90d62ac677b6a0588cda57995225e809a1416a5e1609611b025a5
data/method4_outputs/Q41_method4_20260414_124352.md,6193,f67d1668f30b56050e0f8634f33970833946982722e17df1a840571f8a43ac1d
data/method4_outputs/Q41_method4_20260414_124622.json,11077,51e9603a9517a5ff57b6ae3fd112840c5cdd4f329461c6f46d61d36c5af20102
data/method4_outputs/Q41_method4_20260414_124622.md,6124,aab400029943709371afb64b6409f3f5626809c3280e86e189a64d3666486154
data/method4_outputs/Q42_method4_20260414_124618.json,11077,0b79a54bda467acda7380d07df7b2b058a24dc677a5b444ddbc4d235a0244093
data/method4_outputs/Q42_method4_20260414_124618.md,5412,f14a84c51f5fe34b0b1f1022d4d2e7d92c5c88b7aed24e054ca1c057d7bd2d15
data/method4_outputs/Q42_method4_20260414_124846.json,11077,88f0ef8690ab91548b459c2c481c32caae0c996b66a14c80e42fae54aa2798ec
data/method4_outputs/Q42_method4_20260414_124846.md,4232,14784d961aa1d35fcca8ce59464e38229c7492dd93dd676144f9cb732346f23d
data/method4_outputs/Q43_method4_20260414_124827.json,10013,f65bfb75b3e59b3aaf4273f1039782f692606da83b78c5d631714547f58b60d1
data/method4_outputs/Q43_method4_20260414_124827.md,5393,5c4235ce6598a5bd0e001de7908584cc8e5d00d858bf39f23f46559d8688f251
data/method4_outputs/Q43_method4_20260414_125044.json,10013,2b540b45703c8f5f6b8a8f1c5635b84520b5469a5116dea65c31565ee9cdd570
data/method4_outputs/Q43_method4_20260414_125044.md,4740,efe8aff298d0d6acbe11326089230608300bd6ad08200ec8126327eaaf490360
data/method4_outputs/Q44_method4_20260414_125037.json,9946,1630573b4cc6861e9de8ab1ae445d8043bc246213141f539fe22ceddc130e20b
data/method4_outputs/Q44_method4_20260414_125037.md,5315,9a700e07f3305ff2588a2ad2a3bde09fb189d9cb21eaea5caad57fc097e20512
data/method4_outputs/Q44_method4_20260414_125311.json,9958,4f37219865ca64b3524feaf877aaad4b25f67353ab4e0a10269f25779b96788d
data/method4_outputs/Q44_method4_20260414_125311.md,5464,e9e5836f3884a6d8f605159342e7079d32e67762529117c985cfa49ef9a82943
data/method4_outputs/Q45_method4_20260414_125301.json,12335,d2b01c678c34a7daf2d07b5a2dbe793bcad2c2e5f2a2d47a10949eb1705a455c
data/method4_outputs/Q45_method4_20260414_125301.md,4950,73ef2a2ed9f6aa9e1ce0b952b40392cda8c04359fa42c51701315fa71fb18d7d
data/method4_outputs/Q45_method4_20260414_125531.json,11432,da69e843127504de09d3dc7eccf79aa38c77870ce43f15de1d57f7808f3fc247
data/method4_outputs/Q45_method4_20260414_125531.md,4322,a00ad6b09df689861ce49dde15cfbe0a849ad3b33bb250caafe275205faf54ea
data/method4_outputs/Q46_method4_20260414_125522.json,11676,e35a949843a8c16cc9eb2b7d297f4c624d592db987686578354b60b4f0b3da56
data/method4_outputs/Q46_method4_20260414_125522.md,5669,6e0351988cb62725494bc8fed20157718377f4752567e3b98e5afb489fcab3ce
data/method4_outputs/Q46_method4_20260414_125750.json,9639,1c88021431390397684d2f198ad348492ae7a540d8e76beb514c93b47f37f27d
data/method4_outputs/Q46_method4_20260414_125750.md,5469,d6844ef4d333e4408c9a0ee50e9a1ea41ddab3e585fe4f6ce50073426d25b606
data/method4_outputs/Q47_method4_20260414_125806.json,12375,9e614d9686d920626a0e595a6c3af694a29032c312b53336ec16e137b27c1aed
data/method4_outputs/Q47_method4_20260414_125806.md,5483,2cf8b56a57900d35f392ac4f1422a20ba8a6f49d258335cc65eb43f41f400108
data/method4_outputs/Q47_method4_20260414_130026.json,11468,18776443901001341ac48c0c229ffb1aa131cc6123261e2e363e43038e9358ce
data/method4_outputs/Q47_method4_20260414_130026.md,4961,208f92f28dc6b768475a009b5e588be9da5a0af4eff6347c970bccd90a7dfa63
data/method4_outputs/Q48_method4_20260414_130044.json,8646,e1a84ac4325059cf219148c6f89675f368df22873bb7df50c0492b5a84b1ce23
data/method4_outputs/Q48_method4_20260414_130044.md,5751,3565db3a5186e1e89573dd4bd05df56b4d97d4555eda6c8338eb6c6c0b1b6fc6
data/method4_outputs/Q48_method4_20260414_130245.json,7210,c4180ee6042ee2664fd583d4103d265751c9e07aaabb7cf04aafa3633545e72a
data/method4_outputs/Q48_method4_20260414_130245.md,5071,f0063f01f4b0be133e5764891196a2fddde4c6fb1bbdd9383c4a01d535fdae4c
data/method4_outputs/Q49_method4_20260414_130306.json,10402,187708c656e0c5d7da5c02d217d41509062d0ac62eb4f0f6a27c927a058f61d2
data/method4_outputs/Q49_method4_20260414_130306.md,4366,cae2b26d6e3eb3fb6e8425599b30294739f1012eb34605b25d1852b7135a8684
data/method4_outputs/Q49_method4_20260414_130450.json,10401,3a56e5ee86e9ea85700b2771829dabea8d59ccb222e87d73df6979df6c74ef5c
data/method4_outputs/Q49_method4_20260414_130450.md,3639,dd7aebc3fdd07b21d0260199b3ffc64a3afe26db8611b8a7d6ba3b3a5830df29
data/method4_outputs/Q50_method4_20260414_130506.json,8328,0584387c01a6eda8f02649fc6f918a1fb870eb04b189a872d1804bd57adf2d16
data/method4_outputs/Q50_method4_20260414_130506.md,6257,373e42cbcf6ed04de2ebd233b4e0d9fad1a47a1f7e9dfa35394fd00c721e9f84
data/method4_outputs/Q50_method4_20260414_130642.json,8303,93873a22b60ec247bc7198497f11f0c1667dbdee5ccce57b635913a25a269e6a
data/method4_outputs/Q50_method4_20260414_130642.md,5440,7ab64b1f23c1bf8021887cbd0d33c10b9f3359b8a3d516b3608ef3e753b58be3
data/method4_outputs/Q51_method4_20260414_130725.json,7355,2b3be023870cd29c43fd062b6d41d01df595edf09985138ad7f66087ab56d1e0
data/method4_outputs/Q51_method4_20260414_130725.md,5158,d9985fe357662234492d58959c7e72b7ffafca8f262044ee71d82e04692ed61d
data/method4_outputs/Q51_method4_20260414_130855.json,9270,ff14f1f00283f721217e801f5aeaff3dd6ec0cbf365fc3e3f5049d0759aaa56e
data/method4_outputs/Q51_method4_20260414_130855.md,5538,3ba578149dff856b10b025724a3187b46d5f7980f494d6cc9e7b8066216544a8
data/method4_outputs/Q52_method4_20260414_130939.json,10434,be2b2294c688d18787faced42d019bb08f0a202b0d89b409a91381452571c1ce
data/method4_outputs/Q52_method4_20260414_130939.md,4416,9bbacb7057663999abe0275f189fff2f563c42ecb4d31e4cdb3e274023ddf633
data/method4_outputs/Q52_method4_20260414_131114.json,10486,2843fe5264c70176562d35f11f1bcdd71682a1ee101e7eb37560c9820581f712
data/method4_outputs/Q52_method4_20260414_131114.md,5409,d9b407db96f952936a74db693a62724c77acc8ae84696760708cafaa903629f5
data/method4_outputs/Q53_method4_20260414_131135.json,8863,8a08f3fcae495d397cbe6a50742bb7800e2176ba2efc91b292dc55c87d45bb02
data/method4_outputs/Q53_method4_20260414_131135.md,5026,dcad52eaca3c8080b80470c5d32ecb19f01a5dc9993f942c9e45b39d90393e50
data/method4_outputs/Q53_method4_20260414_131437.json,8096,1856c78a91d187b67474b7c13be0f7d04f6f7a3e5668aae3c2b786f4533f7ea7
data/method4_outputs/Q53_method4_20260414_131437.md,5754,9bf9edf520f6d0043b02cbad9b5737fe840ae0cd0b894f7030b638a46b390fa7
data/method4_outputs/Q54_method4_20260414_131457.json,8952,687ca58b2281b13e84aac56dcd8dbf02ce1c64593fdccfc6e0ae5a7042305c7e
data/method4_outputs/Q54_method4_20260414_131457.md,5249,1d9daaef34057f56eb642f96792a9b9a36ecaf49188359e49d18ca13a5b2fa82
data/method4_outputs/Q54_method4_20260414_131720.json,8348,8acb6ec26ef96d6af1e32f864e92beab7bc43fcc0f3e7ef4a2480a0f85eefe36
data/method4_outputs/Q54_method4_20260414_131720.md,7054,0e6c82d84ec37970d02aaaa8dd28a71809330a092ab5b070ed359a84d0ad4021
data/method4_outputs/Q55_method4_20260414_131734.json,8011,0b0cb1eaf01cea1e6172aa9ebecfe76aee0ce536206cc0baa130a2a480b29b74
data/method4_outputs/Q55_method4_20260414_131734.md,5105,daef9c53e266a8bfa2f96a99c4d7599b14261bd6856b7c34a26fc4094fcd3c4c
data/method4_outputs/Q55_method4_20260414_132019.json,7221,74bbe55c31a8299290474cd77235097c9bea0c8b578429a31f1a61d7a2a79568
data/method4_outputs/Q55_method4_20260414_132019.md,4865,c761fc74b7ab96edc54760fa1bb70dc5ca569082f30c5a215c77dd4192dcbca0
data/method4_outputs/Q56_method4_20260414_132001.json,9623,d0d6ec0ee75d0c500d8766ff07bb1a423e31c11c6bc1d69737e9c29e8f95ac32
data/method4_outputs/Q56_method4_20260414_132001.md,5127,e7eae4caa3afe24ac5f9811960528dd063747edd2dfe9d53751e4bda4e978430
data/method4_outputs/Q56_method4_20260414_132225.json,9622,4abc3eb8e64a7a10d02e0cd252258502ce3caeb2f9b476da03c4e8c5c32e4eb7
data/method4_outputs/Q56_method4_20260414_132225.md,4859,f73d9b3da3e74e8ed26ab71b5516bbf78127a4deadf705cad4a47cf7750693ef
data/method4_outputs/Q57_method4_20260414_132213.json,11135,c07878d3fdae4a5f5e1812530de4d8b64b67576b81e8abd05994da6402801664
data/method4_outputs/Q57_method4_20260414_132213.md,5260,a1a51d5d13fd94b5316130979833b355153894bb74909ffe00626cc8c7a40eff
data/method4_outputs/Q57_method4_20260414_132428.json,11083,839e23f664cf1adff77f13b3f2ccd91b5df32dfae563288ec7027a8816991646
data/method4_outputs/Q57_method4_20260414_132428.md,4935,6fa3af94186b13394d33243b75f3b1508fc163ae66fd96d5aa646fba97faa613
data/method4_outputs/Q58_method4_20260414_132424.json,10997,8ebba75005cba42a963c162663c128932c6f314c1252b55dd0bd417c6cde5b44
data/method4_outputs/Q58_method4_20260414_132424.md,4759,1c9184adc12c2b9cf639d7e7bef7cd6b6bcc9a5872721bfc0baf37d7eebf328e
data/method4_outputs/Q58_method4_20260414_132637.json,10736,fb176a3b54c4d94b81ac53d39af0307c29218984d55d4793be7d56acc18db762
data/method4_outputs/Q58_method4_20260414_132637.md,5278,932feaabba086d3785e82cd176711eabbd08e8f094088d0cf68f6058e7f35565
data/method4_outputs/Q59_method4_20260414_132623.json,9869,7bbc38b586b6278f78f79aef4476879b38b8c1e3001918f918661faa04e7c0c6
data/method4_outputs/Q59_method4_20260414_132623.md,4916,cacc822c3ec582389b9c53882aa29cf347569bd7213a4a5a6738efb2051bef4d
data/method4_outputs/Q59_method4_20260414_132851.json,10416,dbe873be0d86eae8fc26c6fdb6f24969bb8b895d2dfb9be6de470824c3404728
data/method4_outputs/Q59_method4_20260414_132851.md,5292,060239fb73d9315e7ef5441e001e8becdbb87a3313b8628796a63f8b729c5d6e
data/method4_outputs/Q60_method4_20260414_132830.json,9719,833c092b5a97b9a08acf147744e6c72a70c833326431e7e0ae30e0dbf24818fa
data/method4_outputs/Q60_method4_20260414_132830.md,6456,afd5846f17da54ebf4ce529d7474e3c2dc994904b3acfd49394a00c42302d4fc
data/method4_outputs/Q60_method4_20260414_133110.json,9719,e43d66171566c4034ece0c33efb0f702d8d1ca13b5cb72c039b2a32b8bba9956
data/method4_outputs/Q60_method4_20260414_133110.md,5309,0486e2337478f20ed6322ace1a719a1d3017ab0d6bb32cd5860a3a61586c8fa4
data/reports/ipm_major_revision_20260721/QUERY_PROTOCOL_CONSTRUCTION_CONFIRMATION_20260806.md,2825,f5f215d1763edec19b3c9013d09a8931bd1436cd85dc45e5cee456bafcf9598e
data/reports/ipm_major_revision_20260721/repro/final_revision_20260812/FINAL_REVISION_ANALYSES_20260812.json,12987,f284013258609c5e229af274477ccccf6d586d5324dd8b88f89c344a37eea2bf
data/reports/ipm_major_revision_20260721/repro/final_revision_20260812/deduplicated_output_rows.csv,146040,8ec72570cfe2038a414857bfbf213ee1470f6d2a083d703b58788d250fc85da6
data/reports/ipm_major_revision_20260721/repro/final_revision_20260812/deduplicated_output_summary.csv,1808,decf38c97e4a0a66f6f9786637cdede9fdb305085e587271230b557d60704dd0
data/reports/ipm_major_revision_20260721/repro/final_revision_20260812/human_complete_case_vs_imputed.csv,1152,1292a2ca043a5c198e58d11505895b868369f7037aa5839fd9fe7da6ed912acd
data/reports/ipm_major_revision_20260721/repro/final_revision_20260812/run_console.txt,25980,58d657c44da00126840e6ac61a8c03fa7925e68f4aa0a9265deded44c8844fc5
data/reports/ipm_major_revision_20260721/repro/final_revision_20260812/title_threshold_metrics.csv,6205,b95a6592e33a06bd368dee5c37d62bdd8c3eb1406d689ba35de9c62918a8ba24
data/reports/ipm_major_revision_20260721/repro/final_revision_20260812/title_threshold_pair_scores.csv,99349,bb3f583ecf7fc242a5a155d7cc94a9bcc7931b51e9259418bd2f886396ae7a76
data/reports/ipm_major_revision_20260721/repro/v3/CODER_PROMPT_AND_RULES_20260730.md,10423,cc3437f4cc464ec4ad1d7cd4f207e9a63a4a1a3a84b56ad211f6f9a32b071f56
data/reports/ipm_major_revision_20260721/repro/v3/E2_R3-2_REVIEWER_VS_GATE_PREREGISTRATION_20260727.md,3904,84b3c6dd201035bd1ec7948be07242c6e7117eb9afcc5a42ea1b0682234f88d8
data/reports/ipm_major_revision_20260721/repro/v3/MANIFEST_SHA256_20260809.txt,59497,3e6f648f1b6705c34d1de1484d937e35a604d0722a82efad0e43ada78be3b21d
data/reports/ipm_major_revision_20260721/repro/v3/README_DEPOSIT_20260809.md,3712,1a44cc498ac6ee5706c2151035e536719ff5e7e0101cf5f930f91e79f4eba8ef
data/reports/ipm_major_revision_20260721/repro/v3/README_MAJOR_REVISION_V3.md,2929,bd4f011b95719fd7c59d6589fcc354aaf93e37bd23f3817a42e2dc6f0635029c
data/reports/ipm_major_revision_20260721/repro/v3/artifact_manifest_sha256.json,8297,9a2d58ca25d8e8da5c85ab523b87666dc076a3c91c012967ffcaecceda6f373e
data/reports/ipm_major_revision_20260721/repro/v3/deterministic_release_gate.csv,157703,c43181f64d9171ca191ff5eed633a1a01659f54e1a45c423840a794c89f947ac
data/reports/ipm_major_revision_20260721/repro/v3/e2_r32_reviewer_vs_gate/reviewer_vs_gate_metrics.json,730,74eb5852fba6ea153b0a46857beb9f89dc3bfb896ab383c5b1bb89a220eb8c3d
data/reports/ipm_major_revision_20260721/repro/v3/e2_r32_reviewer_vs_gate/reviewer_vs_gate_results.json,199826,069013b8c8404b7c185b54d659e371c3debf4807acc8d7d9dc50b41704825763
data/reports/ipm_major_revision_20260721/repro/v3/external_bibliography_cache.json,214058,6863c70b9826ab9cfdfbfc8d8d3657ad969b82413a505022738657ee7c3d67cf
data/reports/ipm_major_revision_20260721/repro/v3/human_coding_chinese_20260730/中文填写说明.md,957,c0e9c6a962271d75e08982a3065b853484d54778bfaaed8cdcc3ba0b5032fc02
data/reports/ipm_major_revision_20260721/repro/v3/human_coding_chinese_20260730/标题匹配盲评_编码员A_中文填写版.csv,86220,4d39ea783cb63574bae1b6f7cff3a9c50d5b805aec636d032db1c6a96f9d21e3
data/reports/ipm_major_revision_20260721/repro/v3/human_coding_chinese_20260730/标题匹配盲评_编码员B_中文填写版.csv,86220,4d39ea783cb63574bae1b6f7cff3a9c50d5b805aec636d032db1c6a96f9d21e3
data/reports/ipm_major_revision_20260721/repro/v3/human_coding_chinese_20260730/语义匹配盲评_编码员A_中文填写版.csv,544251,4e686e8e0f536f1d3877cd7bd314bbfb855de2d92498c66f96fb150bd543361d
data/reports/ipm_major_revision_20260721/repro/v3/human_coding_chinese_20260730/语义匹配盲评_编码员B_中文填写版.csv,544251,4e686e8e0f536f1d3877cd7bd314bbfb855de2d92498c66f96fb150bd543361d
data/reports/ipm_major_revision_20260721/repro/v3/human_stimulus_metrics.csv,4037,8cda7172f5a08d09edb14cd39213b235c3954ca038203f4a46e2587194455f97
data/reports/ipm_major_revision_20260721/repro/v3/major_revision_v3_results.json,16961,3043c9683c53fb54db0793741aae2159246b40c78c93dfedd4005f0c2d1a960e
data/reports/ipm_major_revision_20260721/repro/v3/out_of_boundary_external_verification.csv,275975,dc01ad3b2894e5037184757d42ac954ad64b676fb1cd3f11c67e83cb9300b722
data/reports/ipm_major_revision_20260721/repro/v3/out_of_boundary_external_verification_summary.json,457,8ec70d3d803a2afcba0c60e2d50c5dc34befd2012e03f9f7b5e0049768e5b3b9
data/reports/ipm_major_revision_20260721/repro/v3/paired_query_tests.csv,1802,def18cb0322949dcd89bc94488358503bd0c4759ba8c464aa2e82382763d1037
data/reports/ipm_major_revision_20260721/repro/v3/per_query_metrics.csv,99413,b9f5083f78720f5ba3a6d5d4ee4cdf9b7969367007d4c4a8fb43127d0f7f6f6e
data/reports/ipm_major_revision_20260721/repro/v3/run_stdout.txt,0,e3b0c44298fc1c149afbf4c8996fb92427ae41e4649b934ca495991b7852b855
data/reports/ipm_major_revision_20260721/repro/v3/run_stdout_final.txt,16965,0883385a91686d31f96fbc083ead20bb6b4cca3beac2c6b5c3bdd2c7238a57d9
data/reports/ipm_major_revision_20260721/repro/v3/schema_baseline_pid.txt,7,1a7830c0c339723a400e5224e2dab07369e0080b22ba145eed2c218e6f4b25d0
data/reports/ipm_major_revision_20260721/repro/v3/schema_baseline_smoke_q01.json,292,3ca772fdfd219f70f0d87e6e37059f579a9affab7d893664bdd37852d79dd619
data/reports/ipm_major_revision_20260721/repro/v3/schema_single_agent_metrics.json,293,ac212f9833d5c13093ebfbd9aff9fa8376d3e63ee5914e107fcc400392965b22
data/reports/ipm_major_revision_20260721/repro/v3/schema_single_agent_per_query.csv,32590,15f206a0291ef837b07943fe299c51abb5e23aca39d8532875072d5a57762b98
data/reports/ipm_major_revision_20260721/repro/v3/schema_single_agent_run_summary.json,940,271dc6465642502050e3f48bb85c73b81444493fbf30b02db2208916b9eec720
data/reports/ipm_major_revision_20260721/repro/v3/semantic_arl_fair_v2_2/SEMANTIC_ARL_V2_2_CLAUDE_HANDOFF_20260724.md,6957,d6302ef9d560db11402b84166f5bcf0c8a58ebbd3d38ed84b14450225d5eda73
data/reports/ipm_major_revision_20260721/repro/v3/semantic_arl_pilot/README_SEMANTIC_ARL_PILOT_20260724.md,3620,cdafa7bb73a4b9d2c3a24237efcb8f99d2334b9a261cc3781d99f6e927af8829
data/reports/ipm_major_revision_20260721/repro/v3/semantic_arl_pilot/README_semantic_csp_packet.json,1897,d5f4817de86467e90049e4f3aff6fea0f4b180d881c2b6deea681e96c262889a
data/reports/ipm_major_revision_20260721/repro/v3/semantic_arl_pilot/automatable_pilot_stats.json,1786,f02d87490dec68b9b6f12758253677f7c7a35b32b869e05ea26cb39dc9ea9558
data/reports/ipm_major_revision_20260721/repro/v3/semantic_arl_pilot/extracted_claims.csv,4721052,9f9772d89d4d051c4fb9bb4652da695c50c25b2282cd644bb0421eb264510a9c
data/reports/ipm_major_revision_20260721/repro/v3/semantic_arl_pilot/semantic_csp_blind_packet_coder_A.csv,562759,4ef846e67235622f0a6fffb8973e33ffa85ef3a8ab9798bc1c7f8a92830e404d
data/reports/ipm_major_revision_20260721/repro/v3/semantic_arl_pilot/semantic_csp_blind_packet_coder_B.csv,562759,4ef846e67235622f0a6fffb8973e33ffa85ef3a8ab9798bc1c7f8a92830e404d
data/reports/ipm_major_revision_20260721/repro/v3/semantic_arl_v2_3/PROTOCOL_CORRIGENDUM_20260725.md,2309,d6df6cce46f22efa35c22ab9635454d74ad40e521c53d887ef4f3b30f2c8ad61
data/reports/ipm_major_revision_20260721/repro/v3/semantic_arl_v2_3/README_V2_3_STATUS_20260725.md,3079,b5b089744c17d5d335258ef2d77130f149b5219f594466e9c1ba7942950fbdd0
data/reports/ipm_major_revision_20260721/repro/v3/semantic_arl_v2_3/README_v23_csp_packet.json,1468,0ec0a57488cf16df4a380b1158d712ac67a243628fe7305695d8dadfedeee6dd
data/reports/ipm_major_revision_20260721/repro/v3/semantic_arl_v2_3/gate_rows.json,26042,0553d0ac7c061f336fd52264b58927364daaee2f4fc5a40eca06ce54821204f2
data/reports/ipm_major_revision_20260721/repro/v3/semantic_arl_v2_3/gate_summary.json,252,ffa2eda8ee4ac954196da5b6018933df183c2f893381a0c34a3148cdbdb7261a
data/reports/ipm_major_revision_20260721/repro/v3/semantic_arl_v2_3/human_model_comparison_20260730/README_COMPARISON_TABLES_20260730.md,769,a9c14ab00be4311ba020e806e4a98469a8f108cf553493d5da6e33a6d285b311
data/reports/ipm_major_revision_20260721/repro/v3/semantic_arl_v2_3/human_model_comparison_20260730/v23_human_model_comparison_coder_A.csv,559556,54d1ca4238b6938e2d2a0dcbbd46f622d8eb76b560e8d47ba5682911a6a2ad2b
data/reports/ipm_major_revision_20260721/repro/v3/semantic_arl_v2_3/human_model_comparison_20260730/v23_human_model_comparison_coder_B.csv,559556,44542d3c9b3b3c695695ba991abe812f5a70246a5bbe6e0084f3a8e6e105fcf5
data/reports/ipm_major_revision_20260721/repro/v3/semantic_arl_v2_3/human_model_comparison_20260730/v23_model_condition_mapping_180_20260730.csv,566419,00087b4a7ffe897722998edd57fd5c43085bf8be5b32219bfcfaaebb106ca281
data/reports/ipm_major_revision_20260721/repro/v3/semantic_arl_v2_3/source_coder_A_annotated_20260806.csv,545885,11dede97a7175ebf9d75d275836f44c0ed98c2f56185a004526aea5b40775269
data/reports/ipm_major_revision_20260721/repro/v3/semantic_arl_v2_3/v23_csp_adjudicated_gold_20260806.csv,550428,151ae6ed4e2e25243c50d004518586c102fc9294fb6456a77b2a7c3798ca14bb
data/reports/ipm_major_revision_20260721/repro/v3/semantic_arl_v2_3/v23_csp_adjudication_report_20260806.md,911,7b9a2d962e6bc55d086d104c0d5df76b2b0188d14300c3f3552a3e35ec1fbbae
data/reports/ipm_major_revision_20260721/repro/v3/semantic_arl_v2_3/v23_csp_blind_packet_coder_A.csv,544467,f1ea1887be0d6e6a80cdc63bbf1c4da1f569ee6f26cbc250c031721c971f6347
data/reports/ipm_major_revision_20260721/repro/v3/semantic_arl_v2_3/v23_csp_blind_packet_coder_B.csv,544467,f1ea1887be0d6e6a80cdc63bbf1c4da1f569ee6f26cbc250c031721c971f6347
data/reports/ipm_major_revision_20260721/repro/v3/semantic_arl_v2_3/v23_semantic_condition_summary_20260806.csv,387,2cb67b40a46ec01671fd6576fe7fdc690287d451e8868a17dc6dd8bae82c0e50
data/reports/ipm_major_revision_20260721/repro/v3/semantic_arl_v2_3/v23_semantic_condition_summary_20260806.md,1330,0947bdb08cd8bb5dc758b015ce645f8e3db64cbdba0287cd01c1f85123b5e9c7
data/reports/ipm_major_revision_20260721/repro/v3/semantic_arl_v2_3_protocol_freeze_20260725.md,4796,3bfd2425066c2b667d0d1539ea14ed8582775feaa33497bc893167376eac343e
data/reports/ipm_major_revision_20260721/repro/v3/threshold_sensitivity.csv,1496,2f3f7f8c6e199c50bbfd6a36d3ebb5e9bfa5daa6f64284ea7a9bb6f887ba514e
data/reports/ipm_major_revision_20260721/repro/v3/title_match_blind_validation/README.json,942,3569bee2c53fd4150f4ba6e4e96a2a60f5f33cb4d8bcde39c573c0a062ac8251
data/reports/ipm_major_revision_20260721/repro/v3/title_match_blind_validation/title_match_blind_packet_coder_A.csv,86036,2e2c155817f171f84321e1c636cb2a36f0e807520e8de030712462054cfde78d
data/reports/ipm_major_revision_20260721/repro/v3/title_match_blind_validation/title_match_blind_packet_coder_B.csv,86036,2e2c155817f171f84321e1c636cb2a36f0e807520e8de030712462054cfde78d
data/reports/ipm_major_revision_20260721/repro/v3/title_match_first_independent_coding_original_20260730/TITLE_MATCH_FIRST_INDEPENDENT_CODING_ORIGINAL_20260730.xlsx.inspect.ndjson,4831750,3fb6e9adbc3de7746f9c60344ab793b1d0ff22e092c06888fdb87f4d9b5be7f1
data/reports/ipm_major_revision_20260721/repro/v3/title_match_single_vs_arl_20260730/TITLE_MATCH_SINGLE_VS_CROSS_MODEL_ARL_REPORT_20260730.md,5074,b1a007ca0b36670fcaeb42cd3840b1f41b402d0b5d60cbfa4e10997c2a174dea
data/reports/ipm_major_revision_20260721/repro/v3/title_match_single_vs_arl_20260730/TM_DISPUTE_REBLIND_PREREGISTRATION_20260730.md,2892,1c3e0f45bc183a7c172433d68fe233782aad0bf35cc0a8d74213fb05b4e37704
data/reports/ipm_major_revision_20260721/repro/v3/title_match_single_vs_arl_20260730/calibrated_tm057_20260730/TM057_calibrated_recheck.json,2826,361b033b498318972302b0b4675fb788c3ea44f26606aca6aab256a6d3484a83
data/reports/ipm_major_revision_20260721/repro/v3/title_match_single_vs_arl_20260730/calibrated_tm057_20260730/run_manifest.json,784,2160afe9a44712b53038fc0a936476596513a355165f519ba0f03cdd69653405
data/reports/ipm_major_revision_20260721/repro/v3/title_match_single_vs_arl_20260730/dispute_reblind_20260730/tm_dispute_reblind_packet.csv,9056,eafdb268249480d61b986151b3c5d3d7ac5c9d72dd41a3603241a3f32cbbac26
data/reports/ipm_major_revision_20260721/repro/v3/title_match_single_vs_arl_20260730/first_independent_coding_20260730/README_FIRST_INDEPENDENT_CODING_20260730.txt,948,486144102d46c57c6538262ab4efc8df7a1dd6da19b6973b540b4396f349fbc3
data/reports/ipm_major_revision_20260721/repro/v3/title_match_single_vs_arl_20260730/first_independent_coding_20260730/TITLE_MATCH_FIRST_INDEPENDENT_BASELINE_20260730.csv,12124,929078273646e69ea6056e9fc35cb6cbf9a068d90128be4b4e31133e99a39bbd
data/reports/ipm_major_revision_20260721/repro/v3/title_match_single_vs_arl_20260730/full_20260730_034303/ARL_ERROR_CASES_FOR_HUMAN_REVIEW_20260730.csv,10848,e18fefd16cebb231a16e5db9a2720e56ac9daf4cc441e3e809df7a02fb4709e3
data/reports/ipm_major_revision_20260721/repro/v3/title_match_single_vs_arl_20260730/full_20260730_034303/ARL_ERROR_CASES_FOR_HUMAN_REVIEW_20260730.md,12563,78809a6c4a90f083ce4c35d27d93fefc05667fee04fd0f2e9ae81389065ac29f
data/reports/ipm_major_revision_20260721/repro/v3/title_match_single_vs_arl_20260730/full_20260730_034303/TITLE_MATCH_SINGLE_VS_ARL_METRICS.json,1225,5bbaba4d475259b710ac964d0130f94a243db662f82ddfc0d4d74a6da05c5baa
data/reports/ipm_major_revision_20260721/repro/v3/title_match_single_vs_arl_20260730/full_20260730_034303/items/TM001.json,2468,947658ce0dfb0f307bf5b6f0b9c0c866d7ab61a1b18392b1aec4977fab70c05b
data/reports/ipm_major_revision_20260721/repro/v3/title_match_single_vs_arl_20260730/full_20260730_034303/items/TM002.json,2205,d4f416e3219f3fb575213479b4ac5876429769dfacf50a482d78e65ee4daeaea
data/reports/ipm_major_revision_20260721/repro/v3/title_match_single_vs_arl_20260730/full_20260730_034303/items/TM003.json,2701,d724fc45538f667da76497e86e1725113a8bd583dfe56ea6b245e0847d6aa80a
data/reports/ipm_major_revision_20260721/repro/v3/title_match_single_vs_arl_20260730/full_20260730_034303/items/TM004.json,2640,64a9ee35e979ec839279ab6393b1ac26132e604f85cd44a6da708ec468642875
data/reports/ipm_major_revision_20260721/repro/v3/title_match_single_vs_arl_20260730/full_20260730_034303/items/TM005.json,2295,98b6fc9dc30cb85b00cdaf81cc730946ab78b85c3b0e764508473f15c16a1f98
data/reports/ipm_major_revision_20260721/repro/v3/title_match_single_vs_arl_20260730/full_20260730_034303/items/TM006.json,2158,0af761cc5be978744134466eb0296859c9f08ca4379cc1c84f4aca6875b416ec
data/reports/ipm_major_revision_20260721/repro/v3/title_match_single_vs_arl_20260730/full_20260730_034303/items/TM007.json,2174,b84cb05623e2e1e0a8134e2b2c8478e5dc7724f2fbd68e2768ffe0d4ed44e9ce
data/reports/ipm_major_revision_20260721/repro/v3/title_match_single_vs_arl_20260730/full_20260730_034303/items/TM008.json,2842,68b5c605222d6c394e12cf808980112199bf244ef35db2146349e0b4fe90e121
data/reports/ipm_major_revision_20260721/repro/v3/title_match_single_vs_arl_20260730/full_20260730_034303/items/TM009.json,2746,6ef95e027c27592b4bc235c59b1a7cadde32ef6d779bd43324de26f458e5dc68
data/reports/ipm_major_revision_20260721/repro/v3/title_match_single_vs_arl_20260730/full_20260730_034303/items/TM010.json,2266,95dced7f6f57e7a365118e767902baf66fc4f0e32b67a321b36ffd9fd25a030c
data/reports/ipm_major_revision_20260721/repro/v3/title_match_single_vs_arl_20260730/full_20260730_034303/items/TM011.json,2835,95abfb6a8c1df1e75611d45538e93cd1265c5bad89bfe9775ac9f14b2fb9a546
data/reports/ipm_major_revision_20260721/repro/v3/title_match_single_vs_arl_20260730/full_20260730_034303/items/TM012.json,2484,fb3f3b2e0426208a6e9f4ff121bedc3181512b8124f7ff1588181b8d4512c28e
data/reports/ipm_major_revision_20260721/repro/v3/title_match_single_vs_arl_20260730/full_20260730_034303/items/TM013.json,2610,be455faf572085dc88394185ec3084b8ef54160a482c7835990d0e9287558174
data/reports/ipm_major_revision_20260721/repro/v3/title_match_single_vs_arl_20260730/full_20260730_034303/items/TM014.json,2289,f125ec55c08a25ec0c608d8db8c26220a1f7ca7fed28ae90aa326138e35e4555
data/reports/ipm_major_revision_20260721/repro/v3/title_match_single_vs_arl_20260730/full_20260730_034303/items/TM015.json,2501,3cc8e8b46032e8ae33be516726e3bc95c3d3c1cf74a4e4b0e2e38c9371319248
data/reports/ipm_major_revision_20260721/repro/v3/title_match_single_vs_arl_20260730/full_20260730_034303/items/TM016.json,2137,2ac2a5ffcf44c1524033f791cd2b3914368bb9c1aeae923adb426770d7c835f1
data/reports/ipm_major_revision_20260721/repro/v3/title_match_single_vs_arl_20260730/full_20260730_034303/items/TM017.json,2841,b27eefe538e13fb917861e4d31c1e09cc18afdab8e3ade27ba02a4dcf7d8c3b4
data/reports/ipm_major_revision_20260721/repro/v3/title_match_single_vs_arl_20260730/full_20260730_034303/items/TM018.json,2383,3340afc8b1f592e227ccfa684d3edaf7938d347ee475dbfee0d6b32e80a5f5c2
data/reports/ipm_major_revision_20260721/repro/v3/title_match_single_vs_arl_20260730/full_20260730_034303/items/TM019.json,1949,7741ff480d4d6c328ad48545dcb8574bd44182d7a49b54e6dcce60c720fbcaa2
data/reports/ipm_major_revision_20260721/repro/v3/title_match_single_vs_arl_20260730/full_20260730_034303/items/TM020.json,2584,67cb761f5fdabbce1a6195d9a94b8e9664c10810aa5b89019e8d64e0bea388f2
data/reports/ipm_major_revision_20260721/repro/v3/title_match_single_vs_arl_20260730/full_20260730_034303/items/TM021.json,1977,66971fb87c1e88b9e7c34842c1ab07b44bc637f1800240cdf96900070ccd1fb1
data/reports/ipm_major_revision_20260721/repro/v3/title_match_single_vs_arl_20260730/full_20260730_034303/items/TM022.json,2630,7bcf3e4e91d8c01315bbcce35902503dfd21990c9617c0063189900126822f17
data/reports/ipm_major_revision_20260721/repro/v3/title_match_single_vs_arl_20260730/full_20260730_034303/items/TM023.json,2392,7ec8d5b8541d22be0382948a6ba0d96cedda61066f1da0c31017d5ed08e1f490
data/reports/ipm_major_revision_20260721/repro/v3/title_match_single_vs_arl_20260730/full_20260730_034303/items/TM024.json,2493,75d6d8ea789acfa2cecedf186a19ccc2fc8b95e970600e1f2932fbc721719623
data/reports/ipm_major_revision_20260721/repro/v3/title_match_single_vs_arl_20260730/full_20260730_034303/items/TM025.json,2074,c640dd10c6c1ad1aa4ccbe63cc98f2d5dce5604646d25dd23cb4b4e7d5c7f286
data/reports/ipm_major_revision_20260721/repro/v3/title_match_single_vs_arl_20260730/full_20260730_034303/items/TM026.json,2399,12592087fd98f1271093a8bb93175caa65be8b0aeca6dc9c80ae3ba4ef99dab6
data/reports/ipm_major_revision_20260721/repro/v3/title_match_single_vs_arl_20260730/full_20260730_034303/items/TM027.json,2489,411d32f799de3b0687183452caff1f2dce7291a8a18b1648d3dfc95c2d838761
data/reports/ipm_major_revision_20260721/repro/v3/title_match_single_vs_arl_20260730/full_20260730_034303/items/TM028.json,2119,419ccf37c03a1103f5c1bbaaf243e804f27baa5877afe1a71460d292412508e8
data/reports/ipm_major_revision_20260721/repro/v3/title_match_single_vs_arl_20260730/full_20260730_034303/items/TM029.json,2569,c6c6f98980ea31f001a120c197774cd6c8ac2cf3fc77ff0d7c1d8151acdca770
data/reports/ipm_major_revision_20260721/repro/v3/title_match_single_vs_arl_20260730/full_20260730_034303/items/TM030.json,2734,135fced892edffcc6b1c547a87b784a704a64688a3a9e24227744cf86548bb29
data/reports/ipm_major_revision_20260721/repro/v3/title_match_single_vs_arl_20260730/full_20260730_034303/items/TM031.json,2273,04bf445d8d88c60ab6982162853882eba573c34c7cf7b81c2115d58731a3856b
data/reports/ipm_major_revision_20260721/repro/v3/title_match_single_vs_arl_20260730/full_20260730_034303/items/TM032.json,2672,f119dae5f5f421cedefb7c2803b01a0a23186fb80ced51833f447556c794f6bd
data/reports/ipm_major_revision_20260721/repro/v3/title_match_single_vs_arl_20260730/full_20260730_034303/items/TM033.json,2913,a9f1bdf64f40bffeec7ac817a2070e2d2538af1c8e286df254b1f4c6139aeb0d
data/reports/ipm_major_revision_20260721/repro/v3/title_match_single_vs_arl_20260730/full_20260730_034303/items/TM034.json,2225,1d9d99918206b6839ac9d86694ba660942828e0b6d0b7c9c8ea7057ba9e0f6e8
data/reports/ipm_major_revision_20260721/repro/v3/title_match_single_vs_arl_20260730/full_20260730_034303/items/TM035.json,2411,1bf16d66c3a2d45894eac4ec001db8f4db099d1bedd24814763003ae9925f4bf
data/reports/ipm_major_revision_20260721/repro/v3/title_match_single_vs_arl_20260730/full_20260730_034303/items/TM036.json,2652,9839a71e553a336a1dbd75caa8743977fc581a7c77c6560b1b07b356e98f0f9d
data/reports/ipm_major_revision_20260721/repro/v3/title_match_single_vs_arl_20260730/full_20260730_034303/items/TM037.json,2751,67afc6e6d8a4302bb1669abbb19d36ed8434eb465e2ed1fedb698e34d267f639
data/reports/ipm_major_revision_20260721/repro/v3/title_match_single_vs_arl_20260730/full_20260730_034303/items/TM038.json,2319,d8ac42a714e10a3dab5379628c2394037149045ceebb6dc573fd81e00a090f14
data/reports/ipm_major_revision_20260721/repro/v3/title_match_single_vs_arl_20260730/full_20260730_034303/items/TM039.json,2919,4f225b61f077f0cc982cffd05faee3c32a592347cc1f4ab38569caed9907a520
data/reports/ipm_major_revision_20260721/repro/v3/title_match_single_vs_arl_20260730/full_20260730_034303/items/TM040.json,2202,fc5c523e6f25dab4365a81648ddda93fbf2b54f73a28a0cd622a1fcf0d768b0f
data/reports/ipm_major_revision_20260721/repro/v3/title_match_single_vs_arl_20260730/full_20260730_034303/items/TM041.json,2424,b9014724439c1c1a6b2c34c1310f90cb04d4ce293878bbecad3e0bc655eadcac
data/reports/ipm_major_revision_20260721/repro/v3/title_match_single_vs_arl_20260730/full_20260730_034303/items/TM042.json,2264,7297f1a9ea03d0c28440694ddee4976589627732b1f98a8cb962eaf76a61e97c
data/reports/ipm_major_revision_20260721/repro/v3/title_match_single_vs_arl_20260730/full_20260730_034303/items/TM043.json,2147,e538e2f6516c9c9e853273d441a910f7e6445d50abfba7990dfeaa767614f86e
data/reports/ipm_major_revision_20260721/repro/v3/title_match_single_vs_arl_20260730/full_20260730_034303/items/TM044.json,2315,d9a4e84616cc0359521ee687344e417c0aa63546315888cf6731decd97d711dc
data/reports/ipm_major_revision_20260721/repro/v3/title_match_single_vs_arl_20260730/full_20260730_034303/items/TM045.json,2633,b9ecbef13cce1c4169253e845c076a603ecded53262494899a153bbe214e2f38
data/reports/ipm_major_revision_20260721/repro/v3/title_match_single_vs_arl_20260730/full_20260730_034303/items/TM046.json,2338,3be3636a57b38c1f51a45553252cf265793a04af24fa3fe52a438d6a5451412a
data/reports/ipm_major_revision_20260721/repro/v3/title_match_single_vs_arl_20260730/full_20260730_034303/items/TM047.json,2984,93cb2a61eb754a89e37eb7af2cc88cbad86e1fc0ae4a25133bd77b40aadd2731
data/reports/ipm_major_revision_20260721/repro/v3/title_match_single_vs_arl_20260730/full_20260730_034303/items/TM048.json,2574,57033bdd05e2d55d5ff88ef59551cd85c0504b5e1ae96a111786c57a3973b62c
data/reports/ipm_major_revision_20260721/repro/v3/title_match_single_vs_arl_20260730/full_20260730_034303/items/TM049.json,2710,aac32b8ddba52b467dd53dab2fd2bef07b4c3dc7d3cfd4fbc386a12b24f5c294
data/reports/ipm_major_revision_20260721/repro/v3/title_match_single_vs_arl_20260730/full_20260730_034303/items/TM050.json,2515,8f32bd5673e3c26d16a2ee79666653d85575c055ddfd534d81d2711677fe6e48
data/reports/ipm_major_revision_20260721/repro/v3/title_match_single_vs_arl_20260730/full_20260730_034303/items/TM051.json,2972,3f8a1f9116aa9c90f00ae153fd6e31f71e1cb155c47913666d4e92426618d761
data/reports/ipm_major_revision_20260721/repro/v3/title_match_single_vs_arl_20260730/full_20260730_034303/items/TM052.json,2578,af2b0d0b7dc93a8cc2a27912e1d6a970d71d9320c69c1cbc5f3129994054fbab
data/reports/ipm_major_revision_20260721/repro/v3/title_match_single_vs_arl_20260730/full_20260730_034303/items/TM053.json,2529,b2a022b723bef21f3ad1ea8f811db11fa407c0b91e31199567c6522d6a3b496d
data/reports/ipm_major_revision_20260721/repro/v3/title_match_single_vs_arl_20260730/full_20260730_034303/items/TM054.json,2662,ac535584a038e0ee781e61a8a879e34d747a96562b58d2a4432eeaebbb951d00
data/reports/ipm_major_revision_20260721/repro/v3/title_match_single_vs_arl_20260730/full_20260730_034303/items/TM055.json,2195,3505b66cd82466f72c8a809cb9e074e5a9fe2ec97235630e1df9e8628d01ff18
data/reports/ipm_major_revision_20260721/repro/v3/title_match_single_vs_arl_20260730/full_20260730_034303/items/TM056.json,3011,5f6632bd0efcb9cca3a3ea39a8e7a7014114219d17a92d0e28ef9c5f8eee6e59
data/reports/ipm_major_revision_20260721/repro/v3/title_match_single_vs_arl_20260730/full_20260730_034303/items/TM057.json,2439,3ac61195950a73866e4aa441dbccec2840ca61eff4ad836573b1e91940ba312b
data/reports/ipm_major_revision_20260721/repro/v3/title_match_single_vs_arl_20260730/full_20260730_034303/items/TM058.json,2661,6bccc7c2d5d2b982f69363873194e84e7e71f3b1a35d6f0c7b6dc7b744a7de1a
data/reports/ipm_major_revision_20260721/repro/v3/title_match_single_vs_arl_20260730/full_20260730_034303/items/TM059.json,2431,2732eadbacf76f50f76425fec0641fe1212604799a5550bf62e87215cd482cff
data/reports/ipm_major_revision_20260721/repro/v3/title_match_single_vs_arl_20260730/full_20260730_034303/items/TM060.json,2421,726b5ca17c171c3ecfe8c50ff7440f735292c6f719b0557096a3bb2f97879862
data/reports/ipm_major_revision_20260721/repro/v3/title_match_single_vs_arl_20260730/full_20260730_034303/items/TM061.json,2145,69873407649f2b05368df10ea2001473809bdf42029b145bdb5cf9017eb4dc3d
data/reports/ipm_major_revision_20260721/repro/v3/title_match_single_vs_arl_20260730/full_20260730_034303/items/TM062.json,2119,d6318f6b43a504c500239e47068f9265a9c1a93a80cd6c46a495b7c98a152e82
data/reports/ipm_major_revision_20260721/repro/v3/title_match_single_vs_arl_20260730/full_20260730_034303/items/TM063.json,2750,5b45bb35ffd7723333e8413af1f2047883014d8a37d0a6e5e03eb1984e970c75
data/reports/ipm_major_revision_20260721/repro/v3/title_match_single_vs_arl_20260730/full_20260730_034303/items/TM064.json,2160,b94e762467db686c4a25ce16214e2a90ae1f5a742da9fd94cd3d477530c46d12
data/reports/ipm_major_revision_20260721/repro/v3/title_match_single_vs_arl_20260730/full_20260730_034303/items/TM065.json,2918,2d6fc0077594b46594e7bc6dd21a06565b3a2e438390b569e6f713722cb9a25b
data/reports/ipm_major_revision_20260721/repro/v3/title_match_single_vs_arl_20260730/full_20260730_034303/items/TM066.json,2773,2748ecd93950ed880903aeb3f4ac4cb6395d3b54b5cf13bdf8da76bf1de83353
data/reports/ipm_major_revision_20260721/repro/v3/title_match_single_vs_arl_20260730/full_20260730_034303/items/TM067.json,2792,979a5b1e637dff072c3c55fe63b0e5ce0e0de5da88a528d1762d75c1ff1c3d2e
data/reports/ipm_major_revision_20260721/repro/v3/title_match_single_vs_arl_20260730/full_20260730_034303/items/TM068.json,2545,8a7d71fc1c3302ea4fd0964d59229e3997ae3456dc3232bf4764e95fd9845686
data/reports/ipm_major_revision_20260721/repro/v3/title_match_single_vs_arl_20260730/full_20260730_034303/items/TM069.json,2376,83d077d63f99175bb4189c6dad3e399880c20381cb1560da8133fed864e6d852
data/reports/ipm_major_revision_20260721/repro/v3/title_match_single_vs_arl_20260730/full_20260730_034303/items/TM070.json,2779,501919aac7d2b0b99159b120ea9e8df228e443618808f792f0f7eea2911a5314
data/reports/ipm_major_revision_20260721/repro/v3/title_match_single_vs_arl_20260730/full_20260730_034303/items/TM071.json,2268,7cb1c6d752f4ab7638ae3b210a78231008485a24040675d17436869e0e4e21a4
data/reports/ipm_major_revision_20260721/repro/v3/title_match_single_vs_arl_20260730/full_20260730_034303/items/TM072.json,2178,5b913e2155f2985d46d87cae3ef746becbade135511e81d179110be64d7bcb74
data/reports/ipm_major_revision_20260721/repro/v3/title_match_single_vs_arl_20260730/full_20260730_034303/items/TM073.json,2140,af31a55ca20d838f84f12e44c57efeb8d2da97d03f512d58d702439f859c2e0d
data/reports/ipm_major_revision_20260721/repro/v3/title_match_single_vs_arl_20260730/full_20260730_034303/items/TM074.json,2189,538cc228205e8ce2fcc6e9799ff314346a1585df3e67a388bc3910a1c1111b18
data/reports/ipm_major_revision_20260721/repro/v3/title_match_single_vs_arl_20260730/full_20260730_034303/items/TM075.json,2627,287917bba3d034249a466b6f249101ae7c3b253c5def559a180447c05293c57f
data/reports/ipm_major_revision_20260721/repro/v3/title_match_single_vs_arl_20260730/full_20260730_034303/items/TM076.json,2619,eb2557eb4c10993dfe31d8de871d1fd0f6dc886a670993aa4ad8d4a2d3a57792
data/reports/ipm_major_revision_20260721/repro/v3/title_match_single_vs_arl_20260730/full_20260730_034303/items/TM077.json,2614,e70f5d9e58c316db4483cc0c5b9c9a30f86a26fdb0655c79dfae5495d7da0f38
data/reports/ipm_major_revision_20260721/repro/v3/title_match_single_vs_arl_20260730/full_20260730_034303/items/TM078.json,2835,c51910e505045491c70eb5b581156bb87f97cfbbe10a6715c7487102cb6ae398
data/reports/ipm_major_revision_20260721/repro/v3/title_match_single_vs_arl_20260730/full_20260730_034303/items/TM079.json,2661,4632f516d321c355000a434789a0773ff79ee2ed55fa54cc0c6f173f66d81870
data/reports/ipm_major_revision_20260721/repro/v3/title_match_single_vs_arl_20260730/full_20260730_034303/items/TM080.json,1939,2ad23f6e60dcc1a95efc7f972be7f4856ed43bc638a50ed21dc6e44d735aabaa
data/reports/ipm_major_revision_20260721/repro/v3/title_match_single_vs_arl_20260730/full_20260730_034303/items/TM081.json,2263,dca56356dc24812d1b31f5d0cd0ef7b250b48d4771a2b39478b58f5e0d736fd1
data/reports/ipm_major_revision_20260721/repro/v3/title_match_single_vs_arl_20260730/full_20260730_034303/items/TM082.json,2917,15fadca6f0c7bb2d3e9b6152b60ac26d5feaed54af1ca02f62115569eec6a145
data/reports/ipm_major_revision_20260721/repro/v3/title_match_single_vs_arl_20260730/full_20260730_034303/items/TM083.json,2689,a52eec5ac473b2816a44e00d07fc053c6900064f94b10837bbf405c1bd02f73b
data/reports/ipm_major_revision_20260721/repro/v3/title_match_single_vs_arl_20260730/full_20260730_034303/items/TM084.json,2319,389d9d7ce6b4b3bb0537c6a64e2c0b3a2966944216884293a863e2aa9213ccf2
data/reports/ipm_major_revision_20260721/repro/v3/title_match_single_vs_arl_20260730/full_20260730_034303/items/TM085.json,2307,4350078d40d7a3a13841b91bb11b36717a9825a522f670da941ce725ae14e531
data/reports/ipm_major_revision_20260721/repro/v3/title_match_single_vs_arl_20260730/full_20260730_034303/items/TM086.json,2331,f1edf0610a1e013fff8cd74e34fb0af378e2e757a95bc1cb288a2eb7b0ccfa3a
data/reports/ipm_major_revision_20260721/repro/v3/title_match_single_vs_arl_20260730/full_20260730_034303/items/TM087.json,2585,7a8256fcb7ce8feb3d74c7709933cbb499b8a85b399c625db8a9ce22adf21d7b
data/reports/ipm_major_revision_20260721/repro/v3/title_match_single_vs_arl_20260730/full_20260730_034303/items/TM088.json,2518,47d9ede98827abf26bd181110dfd35b2dfe999fbf705096b9a9d6407381ee8b0
data/reports/ipm_major_revision_20260721/repro/v3/title_match_single_vs_arl_20260730/full_20260730_034303/items/TM089.json,2585,2dab576f8f3b8a81edc199914f37b0a00dcae84801f6a994b17e94088b3e3b33
data/reports/ipm_major_revision_20260721/repro/v3/title_match_single_vs_arl_20260730/full_20260730_034303/items/TM090.json,2663,328a255f77255d40adb578284ddecc7758e2b1197233bd6b87c3486dc6fe1b0f
data/reports/ipm_major_revision_20260721/repro/v3/title_match_single_vs_arl_20260730/full_20260730_034303/items/TM091.json,2450,a49a6425b2ebe1205e4ae4151c63b4e8fd89cd1cf238ec6a2b77c07c20cd6a0a
data/reports/ipm_major_revision_20260721/repro/v3/title_match_single_vs_arl_20260730/full_20260730_034303/items/TM092.json,2187,89c086b13d58c474a709fc2f3fffbdf7e3e8be896e04e255df4128c5c47d8bdb
data/reports/ipm_major_revision_20260721/repro/v3/title_match_single_vs_arl_20260730/full_20260730_034303/items/TM093.json,2242,879783323ea27e428ec552d24c1689032682cbba10638a752973651e845306b5
data/reports/ipm_major_revision_20260721/repro/v3/title_match_single_vs_arl_20260730/full_20260730_034303/items/TM094.json,2324,bef0ffa8e7cc2e93c1d204d76e49dc5ba8979ddaea188e77063d822c2daf0673
data/reports/ipm_major_revision_20260721/repro/v3/title_match_single_vs_arl_20260730/full_20260730_034303/items/TM095.json,2909,4122ce1fa2123fdabae67568a20d8a0cabfe174b82bc92035911453f0c91a07f
data/reports/ipm_major_revision_20260721/repro/v3/title_match_single_vs_arl_20260730/full_20260730_034303/items/TM096.json,2546,c2bca798d13d30c9a108fbaaec3f588666c2f93f5e6c659c495991b11f456d61
data/reports/ipm_major_revision_20260721/repro/v3/title_match_single_vs_arl_20260730/full_20260730_034303/items/TM097.json,2226,2c1888ae8105235fe3a8dda50d3936608a11166a3df3d50db242d9256af859d8
data/reports/ipm_major_revision_20260721/repro/v3/title_match_single_vs_arl_20260730/full_20260730_034303/items/TM098.json,2687,6ce64e99eb09cd56fd64a97dabd7ab148bb3f5f71a029dd47cbe3cd5f83e1423
data/reports/ipm_major_revision_20260721/repro/v3/title_match_single_vs_arl_20260730/full_20260730_034303/items/TM099.json,2158,4d7580be54a44658f97b5ab844cbd4c91ae271a5b1f4e89e7dbbafda691a65cb
data/reports/ipm_major_revision_20260721/repro/v3/title_match_single_vs_arl_20260730/full_20260730_034303/items/TM100.json,2278,b30d8bffa41eec549d1affb0414907cafd6ad91e603e130781f663a06343170d
data/reports/ipm_major_revision_20260721/repro/v3/title_match_single_vs_arl_20260730/full_20260730_034303/items/TM101.json,2699,4473ee0484fb2f5a474c7c52513bcfb9054118c52a1dc7a56f66d43cccf96a13
data/reports/ipm_major_revision_20260721/repro/v3/title_match_single_vs_arl_20260730/full_20260730_034303/items/TM102.json,3068,6f7cfa2001eb6142c672c98d5c7bdee03a5d040bff7e3053bb292104201c49ad
data/reports/ipm_major_revision_20260721/repro/v3/title_match_single_vs_arl_20260730/full_20260730_034303/items/TM103.json,2110,016d3bf17396a3e60c37d5ba08f681e26da05a3dc24d79ace11e623daa19e32f
data/reports/ipm_major_revision_20260721/repro/v3/title_match_single_vs_arl_20260730/full_20260730_034303/items/TM104.json,2309,7f1278efc2811bc79e4890e6a239fa109cd7a300381d669d9b08ef148265c593
data/reports/ipm_major_revision_20260721/repro/v3/title_match_single_vs_arl_20260730/full_20260730_034303/items/TM105.json,2073,18b0c287c340b11360a2fd1c57a33570c0925cb43d8d01255137dcac2b824a66
data/reports/ipm_major_revision_20260721/repro/v3/title_match_single_vs_arl_20260730/full_20260730_034303/items/TM106.json,2157,8a5ba6d98880e666b527734eb3ba65950b034675b64132215899e4ae33623732
data/reports/ipm_major_revision_20260721/repro/v3/title_match_single_vs_arl_20260730/full_20260730_034303/items/TM107.json,2395,4b168bffc3ffa8b1dd9d19dbf632a9a6778574c5fcb9b4487f610802cadef597
data/reports/ipm_major_revision_20260721/repro/v3/title_match_single_vs_arl_20260730/full_20260730_034303/items/TM108.json,2184,648edd43d246d2a73a927e262512dc9ff02a50fdf921252b1f8a7d3c6b01db36
data/reports/ipm_major_revision_20260721/repro/v3/title_match_single_vs_arl_20260730/full_20260730_034303/items/TM109.json,2911,32aab1aa628713ca5e8db63695079fd0002bb485425c274bd7978b7caeb50fc3
data/reports/ipm_major_revision_20260721/repro/v3/title_match_single_vs_arl_20260730/full_20260730_034303/items/TM110.json,2782,cf29049605f00606a1da39f85fe8546789533d9cf64e56a07b030c003a17735d
data/reports/ipm_major_revision_20260721/repro/v3/title_match_single_vs_arl_20260730/full_20260730_034303/items/TM111.json,2214,dde1e73101c13bd5059536c145cafc13bef76e4ffb29f023ae40c1257f4969e4
data/reports/ipm_major_revision_20260721/repro/v3/title_match_single_vs_arl_20260730/full_20260730_034303/items/TM112.json,2192,dd457e4f179665f236c9de3927ec94f8bdb763202c2af3a555ddf349f71b5b47
data/reports/ipm_major_revision_20260721/repro/v3/title_match_single_vs_arl_20260730/full_20260730_034303/items/TM113.json,2210,ba37395642eb9fbe78a5accf67273d1ff300b51c198e26b2c373a7abb46096af
data/reports/ipm_major_revision_20260721/repro/v3/title_match_single_vs_arl_20260730/full_20260730_034303/items/TM114.json,2826,7a6d5138617e36b584f03ae1faf6a14c9dde1e1c1ab74d7904de733588105418
data/reports/ipm_major_revision_20260721/repro/v3/title_match_single_vs_arl_20260730/full_20260730_034303/items/TM115.json,2742,ee95bfd00960f90832f51b32f31a322614cd57a4c97ec588bbb93683252d0ffd
data/reports/ipm_major_revision_20260721/repro/v3/title_match_single_vs_arl_20260730/full_20260730_034303/items/TM116.json,2745,ce1ce53ed63db384eb1d9b5c4b5dcdb35ca0afd6d680d448830b7d57d152ee5a
data/reports/ipm_major_revision_20260721/repro/v3/title_match_single_vs_arl_20260730/full_20260730_034303/items/TM117.json,2303,bed65b54195ef5f0b598995fed3a5a14b896c12271118a0d872c61b3909c9b4a
data/reports/ipm_major_revision_20260721/repro/v3/title_match_single_vs_arl_20260730/full_20260730_034303/items/TM118.json,2547,c2f7969d71376542c03d84b169e81d1a12b9a787e13f94a845f326d7a43ef089
data/reports/ipm_major_revision_20260721/repro/v3/title_match_single_vs_arl_20260730/full_20260730_034303/items/TM119.json,2268,feb1980530881262789f83490e1ed696a70747acfbb128c18d90123be5d55b6f
data/reports/ipm_major_revision_20260721/repro/v3/title_match_single_vs_arl_20260730/full_20260730_034303/items/TM120.json,2258,4920fbb20f43ee95a52f2a7e14209dd23eb5f62100732a27f891d68588d1c21a
data/reports/ipm_major_revision_20260721/repro/v3/title_match_single_vs_arl_20260730/full_20260730_034303/items/TM121.json,2410,dc32bbcb932234cd77902e2c2823144532d8f30dadc0ee4435e2a8a0ebbcd47e
data/reports/ipm_major_revision_20260721/repro/v3/title_match_single_vs_arl_20260730/full_20260730_034303/items/TM122.json,2728,2378d8f8ba88993c2158021e3897792cf85b52d43cffbd9e5346a9e8f89545ee
data/reports/ipm_major_revision_20260721/repro/v3/title_match_single_vs_arl_20260730/full_20260730_034303/items/TM123.json,2296,1e41141e2db582e0c47cc58170c2699fd65626b5830dd62e42ee2f2b5c9e8b33
data/reports/ipm_major_revision_20260721/repro/v3/title_match_single_vs_arl_20260730/full_20260730_034303/items/TM124.json,2541,847da81b1614b0cdda9805ce3cd9a400dc47dba2919c373a95ecfd1bbda9c4db
data/reports/ipm_major_revision_20260721/repro/v3/title_match_single_vs_arl_20260730/full_20260730_034303/items/TM125.json,2183,6794b35ede5d1e96ecaa810fe7d77b9f886fe28272a00cc74853a1bff36aa7a6
data/reports/ipm_major_revision_20260721/repro/v3/title_match_single_vs_arl_20260730/full_20260730_034303/items/TM126.json,2696,533d85daf18d7c0cf10a7a9b9e83b07560d27d0c50797ba2af8cc106204c409f
data/reports/ipm_major_revision_20260721/repro/v3/title_match_single_vs_arl_20260730/full_20260730_034303/items/TM127.json,2955,79f287b2e8a683b8cf4a26b0f50a2b4ed4758117e122d29561598de6a6abe4cc
data/reports/ipm_major_revision_20260721/repro/v3/title_match_single_vs_arl_20260730/full_20260730_034303/items/TM128.json,2740,d5492b68879c55ed95441813be84f4c9860fc6edd0d1798ec591552626f5e175
data/reports/ipm_major_revision_20260721/repro/v3/title_match_single_vs_arl_20260730/full_20260730_034303/items/TM129.json,2519,bcea73ea4afd2fca6d1e4de9acf69148196a105fbb0feb1e465ced6651081f2b
data/reports/ipm_major_revision_20260721/repro/v3/title_match_single_vs_arl_20260730/full_20260730_034303/items/TM130.json,2284,befa7dafed9fb6c6be1b61d6b2add8d2813ab54a1b642f8da0627cccb73e7038
data/reports/ipm_major_revision_20260721/repro/v3/title_match_single_vs_arl_20260730/full_20260730_034303/items/TM131.json,2276,29641786fe48b135cb8b75a47495c8b4a750501598456a9b0feacc79b81b1c24
data/reports/ipm_major_revision_20260721/repro/v3/title_match_single_vs_arl_20260730/full_20260730_034303/items/TM132.json,2880,22aae80efe51a23c43bae86b6eebb4de40f2c06d3bac7602140bd001471f1207
data/reports/ipm_major_revision_20260721/repro/v3/title_match_single_vs_arl_20260730/full_20260730_034303/items/TM133.json,2801,9d42983e24ef90dc8bced4c93dd95d439def0e052fe2452518b6834ff9d12b41
data/reports/ipm_major_revision_20260721/repro/v3/title_match_single_vs_arl_20260730/full_20260730_034303/items/TM134.json,3030,29931e0c992e205740f9a9f4f30c4d507513a008937e08708e8458e117a9cb2e
data/reports/ipm_major_revision_20260721/repro/v3/title_match_single_vs_arl_20260730/full_20260730_034303/items/TM135.json,2479,6da6600dad9300e08ba32ffbf2dba5cf3e3a56fd681638f860b78a1e9d91e516
data/reports/ipm_major_revision_20260721/repro/v3/title_match_single_vs_arl_20260730/full_20260730_034303/items/TM136.json,2713,4a30a0dba79e20e2e041ff637ced601517b4b96fdbfaa6e79e319ee14a404ce6
data/reports/ipm_major_revision_20260721/repro/v3/title_match_single_vs_arl_20260730/full_20260730_034303/items/TM137.json,2254,b5d99a1612e9d16fc5c8232aea8df3e2a24c60f7cf8e3870995334f8a4eedc75
data/reports/ipm_major_revision_20260721/repro/v3/title_match_single_vs_arl_20260730/full_20260730_034303/items/TM138.json,2031,a204797ef79a3b6444f05ec6adcf39fa8381656947aef7c261590cb5e4eb608d
data/reports/ipm_major_revision_20260721/repro/v3/title_match_single_vs_arl_20260730/full_20260730_034303/items/TM139.json,2681,80501753251ccd1ba32005c6fda67f5b6aa01233b27341cbd45c0469cec163d5
data/reports/ipm_major_revision_20260721/repro/v3/title_match_single_vs_arl_20260730/full_20260730_034303/items/TM140.json,2841,603a3f30bdaf0c92d3c1e23f1b155505e7b81f0f6c0ca3a09c4d4294da249773
data/reports/ipm_major_revision_20260721/repro/v3/title_match_single_vs_arl_20260730/full_20260730_034303/items/TM141.json,2139,1ec0aed2ddc90b29c3c0c7e75b6593363adbdc1bb15b047c4aecc90497301545
data/reports/ipm_major_revision_20260721/repro/v3/title_match_single_vs_arl_20260730/full_20260730_034303/items/TM142.json,2753,d8661d0cfa0248374b80f8faf5589d8826a60768bfc98ef2b050f5faba73ddd1
data/reports/ipm_major_revision_20260721/repro/v3/title_match_single_vs_arl_20260730/full_20260730_034303/items/TM143.json,2327,631b8e6df487c9ea319fe69b842aaec13750d8e8b8b025cabb819e15c8968c95
data/reports/ipm_major_revision_20260721/repro/v3/title_match_single_vs_arl_20260730/full_20260730_034303/items/TM144.json,2495,a2a0e0d79125eb641039cd1aa01ed5ddbee649fd964276fcdd84cb406f03b2ca
data/reports/ipm_major_revision_20260721/repro/v3/title_match_single_vs_arl_20260730/full_20260730_034303/items/TM145.json,2470,003ffc88db19ac689288cb30e960225d13b5e6a46dc9114d3cfd8c89c8ea1f16
data/reports/ipm_major_revision_20260721/repro/v3/title_match_single_vs_arl_20260730/full_20260730_034303/items/TM146.json,2897,924cc45a6bd5a78de3bf3c1dacae635f3d17f4eebc6c20a4c6ff7c683b379fee
data/reports/ipm_major_revision_20260721/repro/v3/title_match_single_vs_arl_20260730/full_20260730_034303/items/TM147.json,2581,d63d84d3f22455d5e7d3b2e982e84c8510b667494d976b0e086e73b42dfda721
data/reports/ipm_major_revision_20260721/repro/v3/title_match_single_vs_arl_20260730/full_20260730_034303/items/TM148.json,2474,8c34b687a0e7572b45083692058c458b0c84e1a1d7c0fbc904f4a2c3dadd1d52
data/reports/ipm_major_revision_20260721/repro/v3/title_match_single_vs_arl_20260730/full_20260730_034303/items/TM149.json,2283,b4973bff8d5ef4b520acae7823346ddc7983c688ec6c38a4b96d7090912a4894
data/reports/ipm_major_revision_20260721/repro/v3/title_match_single_vs_arl_20260730/full_20260730_034303/items/TM150.json,2733,b4448aebc17e61d211577f0e4f260e22fd3af833793bceb5f1c5048b8e209e02
data/reports/ipm_major_revision_20260721/repro/v3/title_match_single_vs_arl_20260730/full_20260730_034303/items/TM151.json,2158,efca78989b78f93a31a75c7692ddb17c9c848135f045452c6d1d1990c1757308
data/reports/ipm_major_revision_20260721/repro/v3/title_match_single_vs_arl_20260730/full_20260730_034303/items/TM152.json,2187,9e3609251eaf727a865aeed5ced56f406b207ca8e96f5073b353e2d19d1f6482
data/reports/ipm_major_revision_20260721/repro/v3/title_match_single_vs_arl_20260730/full_20260730_034303/items/TM153.json,2553,9b8c80c672ea13e9c101cea43066cea8846f99afeaa7a9d94c4259d302e59075
data/reports/ipm_major_revision_20260721/repro/v3/title_match_single_vs_arl_20260730/full_20260730_034303/items/TM154.json,2530,59a65ec18642909eb41c35c646cad8b910039fd06821d611a5f641e455283083
data/reports/ipm_major_revision_20260721/repro/v3/title_match_single_vs_arl_20260730/full_20260730_034303/items/TM155.json,2334,e5a59fa20d9347537796ea4dcf285ff871c0cb7fc2b151cf9649d15bd4c28164
data/reports/ipm_major_revision_20260721/repro/v3/title_match_single_vs_arl_20260730/full_20260730_034303/items/TM156.json,2289,6e00f174f32f4c8e80a045891b18f41475827cbd78819f0ad92064ce30d14eb6
data/reports/ipm_major_revision_20260721/repro/v3/title_match_single_vs_arl_20260730/full_20260730_034303/items/TM157.json,2535,fe554d3c433f3cfe91214a45f7853639550600687f2beb645e8ccab8e1c9fa28
data/reports/ipm_major_revision_20260721/repro/v3/title_match_single_vs_arl_20260730/full_20260730_034303/items/TM158.json,2149,dc9e7eb30818417c217be5b2d49e75d7651545daff8c9a11c86de9859dc8eb7f
data/reports/ipm_major_revision_20260721/repro/v3/title_match_single_vs_arl_20260730/full_20260730_034303/items/TM159.json,2202,d6ce5cadeb8b45de29e1cd3e3f7733e0447bb224578f53c3c87b7eb7a1507d03
data/reports/ipm_major_revision_20260721/repro/v3/title_match_single_vs_arl_20260730/full_20260730_034303/items/TM160.json,2686,2f9b9f25f45f1d658725fb5e0b6fbf6a15766f1e53684151f5d3176eb95fef1a
data/reports/ipm_major_revision_20260721/repro/v3/title_match_single_vs_arl_20260730/full_20260730_034303/items/TM161.json,2738,eb22c23cdb415435d597a3e44b50ef8af034740bd68d319fe9e2689b92a32bed
data/reports/ipm_major_revision_20260721/repro/v3/title_match_single_vs_arl_20260730/full_20260730_034303/items/TM162.json,2758,9335bafaa4f50822ad94c1a16dbf5336472c4e3f4cbe104ce4c49f3d62487700
data/reports/ipm_major_revision_20260721/repro/v3/title_match_single_vs_arl_20260730/full_20260730_034303/items/TM163.json,2660,95751bc4122316db9d70d504e4404f19e0cc0249375a633c80b63f5720a3fedc
data/reports/ipm_major_revision_20260721/repro/v3/title_match_single_vs_arl_20260730/full_20260730_034303/items/TM164.json,2996,813666f52ab0ada7c4497ff3ffe3aea947b63cd8cb2b84408991e5f348ac4779
data/reports/ipm_major_revision_20260721/repro/v3/title_match_single_vs_arl_20260730/full_20260730_034303/items/TM165.json,2616,7275e96224e9d6ed9ddcbb1ab0db357fa2311f0ac7e8b1fe13f2636a1085fda4
data/reports/ipm_major_revision_20260721/repro/v3/title_match_single_vs_arl_20260730/full_20260730_034303/items/TM166.json,2227,b3692e79970dc1017f0f8371dd3926850e018b7e1743bbd14b4dafcd6a77f381
data/reports/ipm_major_revision_20260721/repro/v3/title_match_single_vs_arl_20260730/full_20260730_034303/items/TM167.json,2265,45fb1f05e484124ae889ce305187a43a14bb945026405b9e2f7ece4aac78c670
data/reports/ipm_major_revision_20260721/repro/v3/title_match_single_vs_arl_20260730/full_20260730_034303/items/TM168.json,2599,b77446e46e38a0263fe53d1b22069a69ed85db1a05646209ba7ad6947d7d601f
data/reports/ipm_major_revision_20260721/repro/v3/title_match_single_vs_arl_20260730/full_20260730_034303/items/TM169.json,2620,338056c83845a354e2980ce7c09d0e3dab9a085ab727ae5ec8fda6b663d9d97c
data/reports/ipm_major_revision_20260721/repro/v3/title_match_single_vs_arl_20260730/full_20260730_034303/items/TM170.json,2273,7f416c24b5ccf6a9690aa8fe977aa2b30f9a32edd777baee000ce7b84800941e
data/reports/ipm_major_revision_20260721/repro/v3/title_match_single_vs_arl_20260730/full_20260730_034303/items/TM171.json,2640,24ec17c5735c527dba9af739be364a4d10cc57d46a3e7e53151a86d53354043d
data/reports/ipm_major_revision_20260721/repro/v3/title_match_single_vs_arl_20260730/full_20260730_034303/items/TM172.json,2947,50b6b14f1081866426750ce4f3375fc1ed7d978aabbe8bf07a0b414360cbe214
data/reports/ipm_major_revision_20260721/repro/v3/title_match_single_vs_arl_20260730/full_20260730_034303/items/TM173.json,2981,9e4eb89d931f59c0ed28bb293975767e4f7c3387a4c61a38799c780f1c193901
data/reports/ipm_major_revision_20260721/repro/v3/title_match_single_vs_arl_20260730/full_20260730_034303/items/TM174.json,2238,2f47197fbc84569459b8cc449133b9d2e215a391c5b88011724006fc53d4012e
data/reports/ipm_major_revision_20260721/repro/v3/title_match_single_vs_arl_20260730/full_20260730_034303/items/TM175.json,2589,5fadcdbe21b341da91f87dee491fb58d2f480864a098041066ad89a0153888c6
data/reports/ipm_major_revision_20260721/repro/v3/title_match_single_vs_arl_20260730/full_20260730_034303/items/TM176.json,2749,9616c56c6804c26abcfbe014cba2c6dc4d47d154a3e2efb9137e717ebea81a5e
data/reports/ipm_major_revision_20260721/repro/v3/title_match_single_vs_arl_20260730/full_20260730_034303/items/TM177.json,2614,d20f6a0eb0f9a468b461552e0e9fda7c50b29e387878601bed18ab8395450379
data/reports/ipm_major_revision_20260721/repro/v3/title_match_single_vs_arl_20260730/full_20260730_034303/items/TM178.json,2321,26fb689daa7a229ce5538df6727403a034a9f6be507df253949c4c3c0789b5b1
data/reports/ipm_major_revision_20260721/repro/v3/title_match_single_vs_arl_20260730/full_20260730_034303/items/TM179.json,2209,02ae3d5d75c1f23269d62fa3b17e427ba8dced86639921793e60b527ed589602
data/reports/ipm_major_revision_20260721/repro/v3/title_match_single_vs_arl_20260730/full_20260730_034303/items/TM180.json,2295,2dd6440a2d4215c4a3a2c0c6dbbdad74ff089ed03327fe8277b46e50e5ec220f
data/reports/ipm_major_revision_20260721/repro/v3/title_match_single_vs_arl_20260730/full_20260730_034303/items/TM181.json,2444,85ebca09468411a7f7838755284dcb029d076511aaef5986e791b7ad8529e5a6
data/reports/ipm_major_revision_20260721/repro/v3/title_match_single_vs_arl_20260730/full_20260730_034303/items/TM182.json,2453,a0f6bc3f9dd6b5b602ff4dde38616e9c73a7013d20d14640a8a4671daa418a71
data/reports/ipm_major_revision_20260721/repro/v3/title_match_single_vs_arl_20260730/full_20260730_034303/items/TM183.json,2498,e00b5c8a3c18b621ba54890348479ff23e1b410d8ea33d4dc8d016636c6d9755
data/reports/ipm_major_revision_20260721/repro/v3/title_match_single_vs_arl_20260730/full_20260730_034303/items/TM184.json,2645,34214cd952449df12bd43987c3924da64bde05030cbf5d4eeb5f9e041485c11f
data/reports/ipm_major_revision_20260721/repro/v3/title_match_single_vs_arl_20260730/full_20260730_034303/items/TM185.json,2567,3f177e5d01a0d2308f6740cf9a453b44a281f7a0a8f181fa1efbee3f8ad328d8
data/reports/ipm_major_revision_20260721/repro/v3/title_match_single_vs_arl_20260730/full_20260730_034303/items/TM186.json,2458,8c242e5de43ffbcab55b7eea97c7753eabeb5b276e442167fbe1f90b3dba09d2
data/reports/ipm_major_revision_20260721/repro/v3/title_match_single_vs_arl_20260730/full_20260730_034303/items/TM187.json,2413,1087ddb5ab75b6aca79e4cd94334caa174501b0106791069c7e5578cd60dc7fa
data/reports/ipm_major_revision_20260721/repro/v3/title_match_single_vs_arl_20260730/full_20260730_034303/items/TM188.json,2211,0aabb7bf28686502541d912cc5968e0000511e1ec2fc9a6bf4abc3390de05630
data/reports/ipm_major_revision_20260721/repro/v3/title_match_single_vs_arl_20260730/full_20260730_034303/items/TM189.json,2621,66002464220505cc30b3a17433528cf47c1ce9a7646868b038b45f1b1ba827d1
data/reports/ipm_major_revision_20260721/repro/v3/title_match_single_vs_arl_20260730/full_20260730_034303/items/TM190.json,2631,d0c7a2c5cbeb765f2137e39bab7dc260c61ad38f3e345f4d890bc8949ff9affc
data/reports/ipm_major_revision_20260721/repro/v3/title_match_single_vs_arl_20260730/full_20260730_034303/items/TM191.json,2760,a600e3137a5d9f99e30de4823ac98f6c047e62c96f71c8586b101ed8af92abd2
data/reports/ipm_major_revision_20260721/repro/v3/title_match_single_vs_arl_20260730/full_20260730_034303/items/TM192.json,2408,c781ebcea93f83ffb247f83fed7ee1409211452449634fd57f93884f1f344398
data/reports/ipm_major_revision_20260721/repro/v3/title_match_single_vs_arl_20260730/full_20260730_034303/items/TM193.json,2651,3c52d0e14f33404dfa6d58e26342dd33f71287260be830405de97484566e771f
data/reports/ipm_major_revision_20260721/repro/v3/title_match_single_vs_arl_20260730/full_20260730_034303/items/TM194.json,2892,bc38a52c2e564c9db9277dcba388b304d7ca7972f29875998119d51dbdc2c5eb
data/reports/ipm_major_revision_20260721/repro/v3/title_match_single_vs_arl_20260730/full_20260730_034303/items/TM195.json,2135,d182fede71ac9c1cf42359c4e1eb79ebe3d5e9f9cbe3f3a90606c0f63656098a
data/reports/ipm_major_revision_20260721/repro/v3/title_match_single_vs_arl_20260730/full_20260730_034303/items/TM196.json,2205,6f9a653348ad11ae42b97c5bce40fdcaec2d87bc61e134a469208080936d571d
data/reports/ipm_major_revision_20260721/repro/v3/title_match_single_vs_arl_20260730/full_20260730_034303/items/TM197.json,2185,cc1e1b8b4d4853c7139694fc2ec166f93b5efd2aa598761309bca91089cbb8ec
data/reports/ipm_major_revision_20260721/repro/v3/title_match_single_vs_arl_20260730/full_20260730_034303/items/TM198.json,2732,a411f9766624cbc9df64f11bb43e910a5a126de8218cab25a01caa3e6e959579
data/reports/ipm_major_revision_20260721/repro/v3/title_match_single_vs_arl_20260730/full_20260730_034303/items/TM199.json,2661,030eaaed0625f8271919b6f7490d8a84a6917a6df112b7f323083e887f5ad0d3
data/reports/ipm_major_revision_20260721/repro/v3/title_match_single_vs_arl_20260730/full_20260730_034303/items/TM200.json,2445,2b707b6c8765461ec34529ed4a0cb58ae2443d7720d219dcbe223090aba3dbb0
data/reports/ipm_major_revision_20260721/repro/v3/title_match_single_vs_arl_20260730/full_20260730_034303/items/TM201.json,2654,69cc057ac97fc2cc99c0fd787f0192b6a774d3b2177b9d0ff18b5995e52352a4
data/reports/ipm_major_revision_20260721/repro/v3/title_match_single_vs_arl_20260730/full_20260730_034303/items/TM202.json,2610,1893d1ca811ca513ce14d58516b1800dcccecf527351692751680858fb185505
data/reports/ipm_major_revision_20260721/repro/v3/title_match_single_vs_arl_20260730/full_20260730_034303/items/TM203.json,2146,8ed26d900c44646b4394f403384a150ac6bebe60ee22612ef427c65c6d92f8b6
data/reports/ipm_major_revision_20260721/repro/v3/title_match_single_vs_arl_20260730/full_20260730_034303/items/TM204.json,2586,9df968095a9ab89f3168e8352802672b9786177f26fbf470ca047bfc2851106a
data/reports/ipm_major_revision_20260721/repro/v3/title_match_single_vs_arl_20260730/full_20260730_034303/items/TM205.json,2474,43a9f85afa5a95b332893a46bdc25e25258553d17d431142866423df5907756a
data/reports/ipm_major_revision_20260721/repro/v3/title_match_single_vs_arl_20260730/full_20260730_034303/items/TM206.json,2329,d62d8fa7b4278406f69e2dcdf9cb6d21dc6bf9a76d48b4ee3f41b02d05755337
data/reports/ipm_major_revision_20260721/repro/v3/title_match_single_vs_arl_20260730/full_20260730_034303/items/TM207.json,2105,3ab17b28320f857e6dbabf18780b3a3bed19f122338576811b7c3f8bae86a1ae
data/reports/ipm_major_revision_20260721/repro/v3/title_match_single_vs_arl_20260730/full_20260730_034303/items/TM208.json,2170,daafd0d33d8eb13b59fd6bc66d66c21ac7fbee5f73ac2d7f73c70a06df14a3ac
data/reports/ipm_major_revision_20260721/repro/v3/title_match_single_vs_arl_20260730/full_20260730_034303/items/TM209.json,2280,b51a671a62fdf0dd7720f6aadb434b6b3201f54f34c90daf7277c481502b1585
data/reports/ipm_major_revision_20260721/repro/v3/title_match_single_vs_arl_20260730/full_20260730_034303/items/TM210.json,2331,d28723ab0eb6177ac44539abe444d039d6400d0fd815f9811bfd2d5c89a1858f
data/reports/ipm_major_revision_20260721/repro/v3/title_match_single_vs_arl_20260730/full_20260730_034303/items/TM211.json,2060,3fb87fe723ba8ea063607ee19c4152eb4b230e984238664cacdfca48a1ad39dc
data/reports/ipm_major_revision_20260721/repro/v3/title_match_single_vs_arl_20260730/full_20260730_034303/items/TM212.json,2624,5c421db14e1577fb7f9d4179939304ed20d4e3d4e7424eed660e3cd421fa8650
data/reports/ipm_major_revision_20260721/repro/v3/title_match_single_vs_arl_20260730/full_20260730_034303/items/TM213.json,2430,c51825a96f6c013ba96669ff37e484ffc6140880590865ffca491328a175126e
data/reports/ipm_major_revision_20260721/repro/v3/title_match_single_vs_arl_20260730/full_20260730_034303/items/TM214.json,2497,caadb20741a20e670a448bfbbb985931492b013f902199c7288a4c464914a6bc
data/reports/ipm_major_revision_20260721/repro/v3/title_match_single_vs_arl_20260730/full_20260730_034303/items/TM215.json,2044,381703ef0dfc85645c9f377fd28f10689b16f33bf3f724bb5d7f5b14b6aaa31e
data/reports/ipm_major_revision_20260721/repro/v3/title_match_single_vs_arl_20260730/full_20260730_034303/items/TM216.json,2500,bdc44c8871d6b681ea1651d4bf6e359c44beb5290ab0be93ffb2c9b741c7d411
data/reports/ipm_major_revision_20260721/repro/v3/title_match_single_vs_arl_20260730/full_20260730_034303/items/TM217.json,2345,790656efa1a7e9ebf1c09279c64c1ba7d0f897917fccc73afc216af4fb4d46c6
data/reports/ipm_major_revision_20260721/repro/v3/title_match_single_vs_arl_20260730/full_20260730_034303/items/TM218.json,2462,02917a49e50eb2289c465272356f6553cbfc4130fd42825c65d34edc82c71d17
data/reports/ipm_major_revision_20260721/repro/v3/title_match_single_vs_arl_20260730/full_20260730_034303/items/TM219.json,2616,4462751e3032fc8c1435213b03877f2746aa4207bdd842537dbf1c1e033e896c
data/reports/ipm_major_revision_20260721/repro/v3/title_match_single_vs_arl_20260730/full_20260730_034303/items/TM220.json,2368,bef3281d435513516c620f5e271f52179532569297c0ad1a1ebcf5a01925b074
data/reports/ipm_major_revision_20260721/repro/v3/title_match_single_vs_arl_20260730/full_20260730_034303/items/TM221.json,2447,a285164bb61374e28e2aaebe2bb7ef7469ce0435b4cb1876b2506a27e7b16bd0
data/reports/ipm_major_revision_20260721/repro/v3/title_match_single_vs_arl_20260730/full_20260730_034303/items/TM222.json,3020,f64cc3eedd26554d02bcf287c33311df6a0e3f4ba85f823a9b2f2f4ae1fb1c8a
data/reports/ipm_major_revision_20260721/repro/v3/title_match_single_vs_arl_20260730/full_20260730_034303/items/TM223.json,2100,b8b74e726396e63278eef5f2dcc2e06e892428ca38debc28c570cc6c6798cf70
data/reports/ipm_major_revision_20260721/repro/v3/title_match_single_vs_arl_20260730/full_20260730_034303/items/TM224.json,2312,175452f5e51017a7fabb5e1c327f172b91c5e0af3e08908044f4154589961025
data/reports/ipm_major_revision_20260721/repro/v3/title_match_single_vs_arl_20260730/full_20260730_034303/items/TM225.json,2613,d02617a139ae73e1d4e107830aa04f1e07596be6247b7f69c2eb7348227cc4b4
data/reports/ipm_major_revision_20260721/repro/v3/title_match_single_vs_arl_20260730/full_20260730_034303/items/TM226.json,2236,6b09e442ee1475d6b89cbaf7cb93281dcfb2fe52c3b169fb5aa93aebad69d25b
data/reports/ipm_major_revision_20260721/repro/v3/title_match_single_vs_arl_20260730/full_20260730_034303/items/TM227.json,2077,73bac12410f53048d40e17e45078f2cf7614d6643f19012e854bf9e112a6197e
data/reports/ipm_major_revision_20260721/repro/v3/title_match_single_vs_arl_20260730/full_20260730_034303/items/TM228.json,1958,9fc6626911950d850bdbc0273ebd3923a36c3d5e40b770f3bff89f2e83b20994
data/reports/ipm_major_revision_20260721/repro/v3/title_match_single_vs_arl_20260730/full_20260730_034303/items/TM229.json,2576,3ae38a50abc1fba7da966516be24ebcb14229219286055b4e597aae06c986d6a
data/reports/ipm_major_revision_20260721/repro/v3/title_match_single_vs_arl_20260730/full_20260730_034303/items/TM230.json,2765,fad10538fd8229a7d7a43b678c8ad2fc9ca1c75023609ff4b3e35e6835baa6f2
data/reports/ipm_major_revision_20260721/repro/v3/title_match_single_vs_arl_20260730/full_20260730_034303/items/TM231.json,2749,a2328b59f8636ea1f459bf213385cea02a05c6b3c7f266223ed75eace41ef380
data/reports/ipm_major_revision_20260721/repro/v3/title_match_single_vs_arl_20260730/full_20260730_034303/items/TM232.json,2495,091a2b76a1976d92768f6cfa8e7c7c4ca645b7a0fb13987916b62ae249455d1a
data/reports/ipm_major_revision_20260721/repro/v3/title_match_single_vs_arl_20260730/full_20260730_034303/items/TM233.json,2281,4d974c642e17432000bd1d42131c437169e962ae1aeb375494203b8dfdefa55a
data/reports/ipm_major_revision_20260721/repro/v3/title_match_single_vs_arl_20260730/full_20260730_034303/items/TM234.json,2327,2c18c34ff2bfe5dbd358d6d05150ef35f551e4405706a2620412018894b44c9b
data/reports/ipm_major_revision_20260721/repro/v3/title_match_single_vs_arl_20260730/full_20260730_034303/items/TM235.json,2912,20f152aa9b7906197e1edb49157e8fcb58d8c0f06a17beb343f7c12883e75d7b
data/reports/ipm_major_revision_20260721/repro/v3/title_match_single_vs_arl_20260730/full_20260730_034303/items/TM236.json,2174,970e19202d413955151561ce3d1474c2838555186ddca982477bd64dd3a9debf
data/reports/ipm_major_revision_20260721/repro/v3/title_match_single_vs_arl_20260730/full_20260730_034303/items/TM237.json,2890,8ac61bbe5df2487c98b51898c1e012dfa56da2a35bbb6df19fa067119ca973ef
data/reports/ipm_major_revision_20260721/repro/v3/title_match_single_vs_arl_20260730/full_20260730_034303/items/TM238.json,2491,1a6a1f0357443b350393bfc61da7431456eda3cb01988dcb75cad5a15fefcc87
data/reports/ipm_major_revision_20260721/repro/v3/title_match_single_vs_arl_20260730/full_20260730_034303/items/TM239.json,2180,be07018983428dda217e5eb3bdfa65c21e943e3f69872b1f15defb78f1e142c1
data/reports/ipm_major_revision_20260721/repro/v3/title_match_single_vs_arl_20260730/full_20260730_034303/items/TM240.json,2741,624e86fa176684a21acb7686a8c01bfc490ecd1e5ddec6ec877ec38b8a6e77d8
data/reports/ipm_major_revision_20260721/repro/v3/title_match_single_vs_arl_20260730/full_20260730_034303/items/TM241.json,2532,ec8c5d3af7b174c8c08956d2350e72c32e5b98af434f200eb02b225e3f9328f0
data/reports/ipm_major_revision_20260721/repro/v3/title_match_single_vs_arl_20260730/full_20260730_034303/items/TM242.json,2487,2cb26b09fcdfbca3bd2aa5139c3aa55a7448f6df04b02407d35d7c3f6f6b61bb
data/reports/ipm_major_revision_20260721/repro/v3/title_match_single_vs_arl_20260730/full_20260730_034303/items/TM243.json,2226,257d5157134639cec2206caeb23711e39c10124fe675adf26019645e68bc956a
data/reports/ipm_major_revision_20260721/repro/v3/title_match_single_vs_arl_20260730/full_20260730_034303/items/TM244.json,2310,e6edc21ca5eab417a513fc0405ea59eeeb749ff07173a52fd6cbbf269549b531
data/reports/ipm_major_revision_20260721/repro/v3/title_match_single_vs_arl_20260730/full_20260730_034303/items/TM245.json,2405,bf80e418310a4e11eb86a12acb1fc0039c03da3f035549a66549862a2e568371
data/reports/ipm_major_revision_20260721/repro/v3/title_match_single_vs_arl_20260730/full_20260730_034303/items/TM246.json,2078,401e06fb8e2d14ad534b48e76c92b8dc99f38a3f9b480a5873f63d175e56ac40
data/reports/ipm_major_revision_20260721/repro/v3/title_match_single_vs_arl_20260730/full_20260730_034303/items/TM247.json,2630,3fc44698ce018c60622a54d3370cd9f4b7264c5bc3ba79f96abcd534b87d8508
data/reports/ipm_major_revision_20260721/repro/v3/title_match_single_vs_arl_20260730/full_20260730_034303/items/TM248.json,2281,b4e5659d6d048e98ece072a0504aae3d19ec68c390fe10813b53057dee78f1ae
data/reports/ipm_major_revision_20260721/repro/v3/title_match_single_vs_arl_20260730/full_20260730_034303/items/TM249.json,2366,48968232c48409834c20884c1544bcfa9dd3dd3dde4734b7b40a263c25840d52
data/reports/ipm_major_revision_20260721/repro/v3/title_match_single_vs_arl_20260730/full_20260730_034303/items/TM250.json,2305,ee367cb93429b5c7c43ca45182bc7664d7ffa4c98d91528539150c8cab0239d6
data/reports/ipm_major_revision_20260721/repro/v3/title_match_single_vs_arl_20260730/full_20260730_034303/items/TM251.json,2940,29b78d213f89a4f8ac61544551a93cc81a75a7fa04b84b16c8d61b8abf16a60f
data/reports/ipm_major_revision_20260721/repro/v3/title_match_single_vs_arl_20260730/full_20260730_034303/items/TM252.json,2378,03d76eaec90c7c0708c4506aa723ba4193dab2ccd75420bb51c5200f9af71e0e
data/reports/ipm_major_revision_20260721/repro/v3/title_match_single_vs_arl_20260730/full_20260730_034303/items/TM253.json,2668,121251cfbce83eda81ec1c0a33e57ac048d2a0bc4f4b23c4b50984100413b048
data/reports/ipm_major_revision_20260721/repro/v3/title_match_single_vs_arl_20260730/full_20260730_034303/items/TM254.json,2806,623b70210e87095101bdd9acb0f3413173053c0aa4a66325f5ae1bfa9fbebd1b
data/reports/ipm_major_revision_20260721/repro/v3/title_match_single_vs_arl_20260730/full_20260730_034303/items/TM255.json,2867,761bab4074a7613ca3f7d601fc28bb7beddddce7a0fd31280441a8888a75087b
data/reports/ipm_major_revision_20260721/repro/v3/title_match_single_vs_arl_20260730/full_20260730_034303/items/TM256.json,2732,d254224bd359c89ecc0c0c64a14ddf71ff642ba7ac556ac0fa62dc9e09dcd516
data/reports/ipm_major_revision_20260721/repro/v3/title_match_single_vs_arl_20260730/full_20260730_034303/items/TM257.json,2697,836ed7ad1e3707db590bb1d7769f5ba42197d71b39af43d4e94bb9c873defae4
data/reports/ipm_major_revision_20260721/repro/v3/title_match_single_vs_arl_20260730/full_20260730_034303/items/TM258.json,2533,6e82c847f6a2507c9bd9e9322f945c998cf1eccfbc09569c61d734d3a567f6c6
data/reports/ipm_major_revision_20260721/repro/v3/title_match_single_vs_arl_20260730/full_20260730_034303/items/TM259.json,2317,ca51dbffcbb4cd7f54a912d382e4ad81d797cf0b143b14c0c307b55432f4ebae
data/reports/ipm_major_revision_20260721/repro/v3/title_match_single_vs_arl_20260730/full_20260730_034303/items/TM260.json,2344,02b8a856dbaccc0803422c2dc25c45e716ed5bb02857ebebe9ee74788e1e6e71
data/reports/ipm_major_revision_20260721/repro/v3/title_match_single_vs_arl_20260730/full_20260730_034303/items/TM261.json,2756,3eff8299f229e9a1fbdcc9d5984feaefc93e93762413bedabd7e3778670bf847
data/reports/ipm_major_revision_20260721/repro/v3/title_match_single_vs_arl_20260730/full_20260730_034303/items/TM262.json,2218,53dc38b5b070b0356464c0477829a2dbc6cd795e474e8bd24b595ab94474bd57
data/reports/ipm_major_revision_20260721/repro/v3/title_match_single_vs_arl_20260730/full_20260730_034303/items/TM263.json,2521,333b176aad34f7697b002ee60145040fda9d312e7dddadf25e5b0a65833a00ff
data/reports/ipm_major_revision_20260721/repro/v3/title_match_single_vs_arl_20260730/full_20260730_034303/items/TM264.json,2414,012f763751cb97cdee695b19cda1c0ac20664cf2cac67cca91f4784b1b3f81bb
data/reports/ipm_major_revision_20260721/repro/v3/title_match_single_vs_arl_20260730/full_20260730_034303/items/TM265.json,2693,d712cf40f59d7331065bbf7369a6eed8a28f3531daacfe80ff158270c33e759c
data/reports/ipm_major_revision_20260721/repro/v3/title_match_single_vs_arl_20260730/full_20260730_034303/items/TM266.json,2321,3caa0bb12c0029333e9bacf5825730e4b4263b89a819a58d1307e6791da9ce7e
data/reports/ipm_major_revision_20260721/repro/v3/title_match_single_vs_arl_20260730/full_20260730_034303/items/TM267.json,2626,643725aeeeaa6e7958e4a4dad581598aae33beff48ecfde9c0ea35bbb710f307
data/reports/ipm_major_revision_20260721/repro/v3/title_match_single_vs_arl_20260730/full_20260730_034303/items/TM268.json,2605,fcb2b687f922cc20ad912f13caff3af1082f63db013b9ccc6644a97342efcdd2
data/reports/ipm_major_revision_20260721/repro/v3/title_match_single_vs_arl_20260730/full_20260730_034303/items/TM269.json,2213,1ca2e80656b44f410a83aa65e55580c0a940a7ab23cb4f1d9bcd7f3c0052dfba
data/reports/ipm_major_revision_20260721/repro/v3/title_match_single_vs_arl_20260730/full_20260730_034303/items/TM270.json,2540,60b4f3561b361f011112a6121f660282bb5f1c6b7651638dd76bf6e5c2dcb9c1
data/reports/ipm_major_revision_20260721/repro/v3/title_match_single_vs_arl_20260730/full_20260730_034303/items/TM271.json,2284,a45441d75d4394d4674e9fe7aa153e2b5deea44acd3243862601e7690ac1ca3f
data/reports/ipm_major_revision_20260721/repro/v3/title_match_single_vs_arl_20260730/full_20260730_034303/items/TM272.json,2135,7fce7d45342d675d9b3f9643fec95dc797b8e5d77d5887c13cf9bf39923298fd
data/reports/ipm_major_revision_20260721/repro/v3/title_match_single_vs_arl_20260730/full_20260730_034303/items/TM273.json,2251,b7cf3393c0d38544703a03927344c5ff0bf2337b66658e513eb1096594910d36
data/reports/ipm_major_revision_20260721/repro/v3/title_match_single_vs_arl_20260730/full_20260730_034303/items/TM274.json,2564,824e5447a8e400a11a88caed3dd54e3a226642397362efd49544e4f94c8c58e4
data/reports/ipm_major_revision_20260721/repro/v3/title_match_single_vs_arl_20260730/full_20260730_034303/items/TM275.json,2819,c4b83b112036abb97cfd76ab139d7bddc4b7d97898618a3ce35f1aefbf46f65a
data/reports/ipm_major_revision_20260721/repro/v3/title_match_single_vs_arl_20260730/full_20260730_034303/items/TM276.json,2217,5971f5516671e870ed0ca0c5ffcebe2fb276c5b41735ff9776e102c42b9bbcfe
data/reports/ipm_major_revision_20260721/repro/v3/title_match_single_vs_arl_20260730/full_20260730_034303/items/TM277.json,2455,444216037c892b834a8e435ac263ed5bbf7bd2d51a35e7e72bf70b930afc67ab
data/reports/ipm_major_revision_20260721/repro/v3/title_match_single_vs_arl_20260730/full_20260730_034303/items/TM278.json,2579,3774a9b5e2ad2a511fd144d95c3d1e41fdd80503d28e338e4a18ef3171d4695d
data/reports/ipm_major_revision_20260721/repro/v3/title_match_single_vs_arl_20260730/full_20260730_034303/items/TM279.json,2772,bbbbc7566d67386c6dc52bb0c902422d8056fcf55c8ac4f1d1fc36d20557dbdf
data/reports/ipm_major_revision_20260721/repro/v3/title_match_single_vs_arl_20260730/full_20260730_034303/items/TM280.json,2349,96657e09cbda1046349051155bb598b2d2be03f684afce45f44b601b9df612c5
data/reports/ipm_major_revision_20260721/repro/v3/title_match_single_vs_arl_20260730/full_20260730_034303/items/TM281.json,2648,32bd1594ec27fef3ff8c649709ec0ecba1328a29f9dab4ffe9d297f264efaf8c
data/reports/ipm_major_revision_20260721/repro/v3/title_match_single_vs_arl_20260730/full_20260730_034303/items/TM282.json,2598,252084b9972b4102768a3d377e57bd50649b9d51ad6a263cfec5822b752ef022
data/reports/ipm_major_revision_20260721/repro/v3/title_match_single_vs_arl_20260730/full_20260730_034303/items/TM283.json,2644,cdd2a776c1e1900ebf8c0ef6bc098fa7d3592110f26405e2c58b713a44ea9147
data/reports/ipm_major_revision_20260721/repro/v3/title_match_single_vs_arl_20260730/full_20260730_034303/items/TM284.json,3145,2afc9b82a33255aac02ac837251cfafea395e851375fa4848fbd9543486eb895
data/reports/ipm_major_revision_20260721/repro/v3/title_match_single_vs_arl_20260730/full_20260730_034303/items/TM285.json,2429,e27aed966d4b27bc77a4bdf125d2cf62c97bfca5d89d2d47a5c9ad0d1abcbfe0
data/reports/ipm_major_revision_20260721/repro/v3/title_match_single_vs_arl_20260730/full_20260730_034303/items/TM286.json,2638,c5b774aa77a89f6aa734f50fd06b5f72c1b3405b58a204fa5e6324d75b7d7a69
data/reports/ipm_major_revision_20260721/repro/v3/title_match_single_vs_arl_20260730/full_20260730_034303/items/TM287.json,2628,72fe91f4e565beee8c902ee4fc33b793d90e4d5a05a5c82db7a03d2843a0adf5
data/reports/ipm_major_revision_20260721/repro/v3/title_match_single_vs_arl_20260730/full_20260730_034303/items/TM288.json,2669,2112851364b9fd6fcc2fee9b4e9503928d10430c118d9245ec35b34d14ac3a89
data/reports/ipm_major_revision_20260721/repro/v3/title_match_single_vs_arl_20260730/full_20260730_034303/items/TM289.json,2699,ad84f1d2cb5cb44e7a9857993bee19fbc38b408fba5d9190023629eff9dbad1f
data/reports/ipm_major_revision_20260721/repro/v3/title_match_single_vs_arl_20260730/full_20260730_034303/items/TM290.json,2452,acb6520b28be71440fb76d775b4bed8c96974bdc3cf5e98882cdd47a2ddffd32
data/reports/ipm_major_revision_20260721/repro/v3/title_match_single_vs_arl_20260730/full_20260730_034303/items/TM291.json,2877,57bb9fb8dff6304356446c9312ce5f2bf6c4c521e59da0d012692bd5707d43a8
data/reports/ipm_major_revision_20260721/repro/v3/title_match_single_vs_arl_20260730/full_20260730_034303/items/TM292.json,2482,d27110a7f017fb4b0bfb4d6127830b2034f6f9c56a6da225e9625465cddc0476
data/reports/ipm_major_revision_20260721/repro/v3/title_match_single_vs_arl_20260730/full_20260730_034303/items/TM293.json,2877,a191ef2871fa809c3786bf5a3718996c2b722ef3b5b7db18e794566cd4b193ba
data/reports/ipm_major_revision_20260721/repro/v3/title_match_single_vs_arl_20260730/full_20260730_034303/items/TM294.json,2417,fa94331d4c10ef39f9077ef929f0d1a289f2e7e721a161e4cd3adf567d931cc5
data/reports/ipm_major_revision_20260721/repro/v3/title_match_single_vs_arl_20260730/full_20260730_034303/items/TM295.json,2325,5e0344b8d812d6b8d07d3023092b0beb5daee27649f7809a7f524e784edc5f2b
data/reports/ipm_major_revision_20260721/repro/v3/title_match_single_vs_arl_20260730/full_20260730_034303/items/TM296.json,2165,8146342652a64ac54037566d14339cefac9bc9e3f3893279d7086b113ca05825
data/reports/ipm_major_revision_20260721/repro/v3/title_match_single_vs_arl_20260730/full_20260730_034303/items/TM297.json,2809,0c1f0dda48a6e4f6c98c4f6dab0fa6be8c7efd67de7b09ef9574eb9d18ab2194
data/reports/ipm_major_revision_20260721/repro/v3/title_match_single_vs_arl_20260730/full_20260730_034303/items/TM298.json,2450,5725d7ecdb85718a3f9b5865b1215188658180c96727ed47010f8c2b0ae8a64a
data/reports/ipm_major_revision_20260721/repro/v3/title_match_single_vs_arl_20260730/full_20260730_034303/items/TM299.json,2130,6c2e5704238c4818c18f019582c7286e14c6c37d847982aa728a98b1d9316c1e
data/reports/ipm_major_revision_20260721/repro/v3/title_match_single_vs_arl_20260730/full_20260730_034303/items/TM300.json,2540,9891ecd786245992063e3807f8c4b69ffafcbe4679050d8a0066f2b9cdae4d81
data/reports/ipm_major_revision_20260721/repro/v3/title_match_single_vs_arl_20260730/full_20260730_034303/items/TM301.json,2362,69ad7902dc0cb904d70a5349d833b5125226d413963843a2dbe84e703404076d
data/reports/ipm_major_revision_20260721/repro/v3/title_match_single_vs_arl_20260730/full_20260730_034303/items/TM302.json,2470,2328e371781643546d932a8f86204d9b68110b623fb8e9fad9b67eb1d463bec9
data/reports/ipm_major_revision_20260721/repro/v3/title_match_single_vs_arl_20260730/full_20260730_034303/items/TM303.json,2706,47ae20c36c11beb08780a71ebf342e748d1abf7d5f815eb94b9024fd69bcb302
data/reports/ipm_major_revision_20260721/repro/v3/title_match_single_vs_arl_20260730/full_20260730_034303/items/TM304.json,2752,5d1de76e3537e0713861f9f74eca1d4fd4007e4c4094b813f0fbbac38c76b16e
data/reports/ipm_major_revision_20260721/repro/v3/title_match_single_vs_arl_20260730/full_20260730_034303/items/TM305.json,2467,93eaf9dcaa45c72892a0948c6c5b8c770daece427161431dd3526e58b6c3203f
data/reports/ipm_major_revision_20260721/repro/v3/title_match_single_vs_arl_20260730/full_20260730_034303/items/TM306.json,2176,849773795799eedb121944aa732b5a4717e3325cea48aeb3e7ba0b68badfc635
data/reports/ipm_major_revision_20260721/repro/v3/title_match_single_vs_arl_20260730/full_20260730_034303/items/TM307.json,2459,71dc8108d0a83ae23798e09371fe392750e3d7e6e23c377d1b608f380245219b
data/reports/ipm_major_revision_20260721/repro/v3/title_match_single_vs_arl_20260730/full_20260730_034303/items/TM308.json,2173,15254a22d2f8b6206370c39923f2e8e34a20d88362657215607b2e49a23157e0
data/reports/ipm_major_revision_20260721/repro/v3/title_match_single_vs_arl_20260730/full_20260730_034303/items/TM309.json,1989,53280629787a4be87ed114313f946894452239fda3fc849f56e8e3cbf89ba26e
data/reports/ipm_major_revision_20260721/repro/v3/title_match_single_vs_arl_20260730/full_20260730_034303/items/TM310.json,2589,31cbca6447c8e8568667375ce45737a77a3aa4adaa01754ec6c75cc8e6899b37
data/reports/ipm_major_revision_20260721/repro/v3/title_match_single_vs_arl_20260730/full_20260730_034303/items/TM311.json,2370,65aeb1b30c252b4f0655de547a0b99a7f53825bc1d86da6df933bf929f540beb
data/reports/ipm_major_revision_20260721/repro/v3/title_match_single_vs_arl_20260730/full_20260730_034303/items/TM312.json,2407,a984e9f3dc16685118376d7892b18cb5e3ae57c9000ddafcf16ec1e637fc5f23
data/reports/ipm_major_revision_20260721/repro/v3/title_match_single_vs_arl_20260730/full_20260730_034303/items/TM313.json,2480,1694149c90a4ef0e2112121f6d5c83e258aadf8f3eec4c379a096f18bf6854fb
data/reports/ipm_major_revision_20260721/repro/v3/title_match_single_vs_arl_20260730/full_20260730_034303/items/TM314.json,2367,b90323c275645c332c995e5fb6eef02f85b2038a2ac7b63ee9c2d11648ecee20
data/reports/ipm_major_revision_20260721/repro/v3/title_match_single_vs_arl_20260730/full_20260730_034303/items/TM315.json,2398,a7dbfc3aada9101febbde9bef88342016007b4c147ff111801a3c490cfa72f51
data/reports/ipm_major_revision_20260721/repro/v3/title_match_single_vs_arl_20260730/full_20260730_034303/items/TM316.json,2149,1ea2a02ae44fe0a3cfaa6ee29125dd1b19b1263267e5c1b0cb966d1c8079ee5e
data/reports/ipm_major_revision_20260721/repro/v3/title_match_single_vs_arl_20260730/full_20260730_034303/items/TM317.json,2752,c1dfb75a8b4fc77dc3e10294f5a0059b90bbd7364f07843e07fe500f8b7afbc6
data/reports/ipm_major_revision_20260721/repro/v3/title_match_single_vs_arl_20260730/full_20260730_034303/items/TM318.json,2538,72e6f57a63a5fb82cecf056d4f8ac68ac4c0680899258521f8f3e4e68aa48172
data/reports/ipm_major_revision_20260721/repro/v3/title_match_single_vs_arl_20260730/full_20260730_034303/items/TM319.json,2821,a7c02b73f725f935ac53d4d93fa9cd84f56461d9f865faffabcdfeb5d72fdf57
data/reports/ipm_major_revision_20260721/repro/v3/title_match_single_vs_arl_20260730/full_20260730_034303/items/TM320.json,2613,4dd35af8e57f98fc030e415f11b6e7eb0c039c7fd3deab9bc636a3944dd7490d
data/reports/ipm_major_revision_20260721/repro/v3/title_match_single_vs_arl_20260730/full_20260730_034303/run_manifest.json,22738,b5f6d4d6b9aa5015cdc7a7f8346bd98197693534c975ba042f3fba46432334f6
data/reports/ipm_major_revision_20260721/repro/v3/title_match_single_vs_arl_20260730/full_20260730_034303/title_match_single_vs_arl_raw.jsonl,764980,146519cbae8c5f49a69000893f313ef3316ede8cbca712431c7af0751aa3e428
data/reports/ipm_major_revision_20260721/repro/v3/title_match_single_vs_arl_20260730/full_20260730_034303/title_match_single_vs_arl_results.csv,103793,5b35b4ec836671a7958893d140f44e0ded6a9a22eb83ca93e90899caa43f1769
data/reports/ipm_major_revision_20260721/repro/v3/title_match_single_vs_arl_20260730/smoke_20260730_031322/TITLE_MATCH_SINGLE_VS_ARL_METRICS.json,1057,1b61a6e120e7003bb912537396e6ea1016423ecc778afddf596d10705f58044e
data/reports/ipm_major_revision_20260721/repro/v3/title_match_single_vs_arl_20260730/smoke_20260730_031322/run_manifest.json,1182,c0f8c5bd92fa23a6f5fe5696320be2fafd8bab11281add2a75d268c7c7e53f55
data/reports/ipm_major_revision_20260721/repro/v3/title_match_single_vs_arl_20260730/smoke_20260730_031322/title_match_single_vs_arl_raw.jsonl,4188,35e705c34fea3c12a57887e3df55abba0323a9e7a6969dc22324ff61c37d09c3
data/reports/ipm_major_revision_20260721/repro/v3/title_match_single_vs_arl_20260730/smoke_20260730_031322/title_match_single_vs_arl_results.csv,781,b0267533e8b3ebd8815551e1ff39037c688258f53942df24c0d5950b7eaeb0e4
data/reports/ipm_major_revision_20260721/repro/v3/title_match_single_vs_arl_20260730/smoke_20260730_032222/run_manifest.json,1174,9fe8ec446cc70b44bad2cbd328bb539e4d1e49b952cb52c355ece9a3dde89a19
data/reports/ipm_major_revision_20260721/repro/v3/title_match_single_vs_arl_20260730/threshold_sensitivity_20260730/TITLE_MATCH_THRESHOLD_SENSITIVITY_20260730.json,24042,68784ca37ce1261780ead3f9e76543dfb6738544221e2dc88c268ce6e9e831ea
data/reports/ipm_major_revision_20260721/repro/v3/title_match_single_vs_arl_20260730/threshold_sensitivity_20260730/TITLE_MATCH_THRESHOLD_SENSITIVITY_20260730.md,2151,11f530d9f0dae63a651dac41430a4cc060388cea63ed3da640b49d5b20229a9d
data/reports/ipm_major_revision_20260721/repro/v3/title_match_single_vs_arl_20260730/threshold_sensitivity_20260730/title_match_pair_scores_20260730.csv,95005,cd3f9d94f556b752b5c649e250605058520b95c631bdc42e1f7a03171bd2bf8a
data/reports/ipm_major_revision_20260721/repro/v3/title_match_single_vs_arl_20260730/threshold_sensitivity_20260730/title_match_threshold_metrics_20260730.csv,6205,b95a6592e33a06bd368dee5c37d62bdd8c3eb1406d689ba35de9c62918a8ba24
data/topic_runs/multi_agent_intel_service_20260410_114059/retrieved_papers_wave3.json,856128,a3cbc0a71440dc132e3e2656c42e0d9978715cb32ea057dd300cf386dce546f3
data/topic_runs/multi_agent_intel_service_20260410_114059/retrieved_papers_wave3.json.sha256,94,f3c1961e663975de6d72335924db6cd41f0e48154e3436af757c0caff7e94f3c
data/user_study/README.md,1483,db79ba3666a100aa667eb24c711289c0eae0fcea7d7d504a1a391498b9b391b6
data/user_study/analysis_responses_n30.csv,7949,1a39b75f9a4e24796c81961a1a8de9230557715ca3ed6c49d901a1abde911c52
data/user_study/answer_key.json,3553,c663ae2a3cb6bc053a77ff014bc0b5b0878dfcedab89499dbe7e50eba2afe333
data/user_study/imputation_log.json,2276,ad575a259d0c4d7063df7a135f51e9842a0fbf6c993ffc4a7d5f0d8cd13861ed
modules/ai_provider.py,26193,25225db9b3b6d3df5f56fe65e476d15c1050bc13a61884e4b2f0a75debe7abee
modules/auto_review_loop.py,13280,18c2a784fd9d4855da1491e81e429661715331eae1645cbd8dbbdfb26cc4f39a
modules/generation_history.py,9602,1e1c66b50ba6522c91c6e5d053f8b2b3495f2a33b5c42abc5fac9a96a1517200
modules/review_agent.py,25128,d3329144c1a68e29ae3ea1dfc20d2ca4ffa737778e5b9fe822e9b16632fa4a52
modules/searcher.py,55238,991bd85692678a9d48819bab660f544fc84a86350165b423d3adf5b44d5d3d9f
modules/text_metrics.py,1248,311add96754d834cf597fa30277aec0add076f30474be2229bf83371c4caac87
requirements-lock.txt,123,fde67bbeb645f7b657d14fae0c696afc8885e33842b1b76c68fe50c5f523dde9
requirements.txt,88,f4141f398c586db64e4565e6287e65c524137b3400512df76b72553a5eb60b38
scripts/analyze_expanded_breakdown.py,11364,1b624a9deb9f16fab7878bb88559fd2b57cd579e80b53f77a7a8a068e1e7cb21
scripts/analyze_ipm_major_revision_v3.py,20851,d0e235ef78d9a52460fad6eb0fe0f71239d24ee66da4d756edd59c8ff9d3adab
scripts/analyze_pilot_per_category.py,8481,ee1dacc33cbba8bccff8c4e508f3a999925965ddf8a7b5ec06255e2ed85ae798
scripts/analyze_reviewer_vs_gate_e2_r32.py,3536,2bdd02a0326fe7815d2e420a5b25afa0043cf7861206c20aa5f289cdeb6ba6c5
scripts/analyze_schema_baseline_v3.py,4882,dd59402e3fdd239ed8b68c31818c99bdd87a4fc1b574c47f7230a4a2d3a6be3e
scripts/analyze_user_study.py,4988,f9b6dc17344cd1cced8646431140967c86238bd239775436f5924fcfe98cf342
scripts/build_manifest.py,5462,9b91264a26f504a9fc4ef2b5ca72e28b613fefd95ea9429f9d2fa4272e53e72c
scripts/evaluate_metrics.py,24513,173413a6decedf04f5a55833627cbf19731bc82265a660366f882c5940bd2fcd
scripts/evaluate_nli.py,17248,8c8dcf3be9e1aa42af8523a885cd61d534d59657fbe08a015d73809319c48abc
scripts/external_benchmark/run_official_alce_pilot.py,8076,74c9b19335dd3ce39d5041cf9c91adb36c730c7f7e6981000731812333219fda
scripts/external_benchmark/run_official_scifact_semantic_pilot.py,6053,1354d90909702556bb6d109ca74054e3be7303a3b7640151fd3f7dcfd5346ce2
scripts/final_revision_analyses_20260812.py,17502,05d0538bcbb2a5a3d1ade52d9335d992e43ce7dd0d18e3ea383d3ad869c3b432
scripts/run_schema_matched_single_agent.py,8649,b7bbf38b8991a36ec6671442449b4ab46a8f74709ef0bd59cd571443965f2f12
